Index,Comment ID,Comment Text,Majority_human,Majority_model
8,f2r46jl,All the Imax in delhi NCR have starting price as 450.This was in gurgaon.,negative,neutral
9,fiu83lu,That's too simplistic an analysis for such a complete issue.,neutral,negative
18,g0jjjgw,"Let the migrants into municipal posts,then you will see improvement. Migrants built mumbai up. Any maratha in the municipal office is only there to take money and not do anything.",negative,neutral
21,ioih32j,"I think he also joined the company as a fresher. Not sure if they were abusing him only but seemed like it was his own experience ( talking about the YT video he posted, exposing the culture)

Anyway whoever it was, I hope he's doing fine because that was honestly traumatizing. Being treated like shit in your first job does create a lot of stress and job related fear.",neutral,negative
30,htujrtf,Fuck. I felt this.,neutral,negative
31,fiu3nm3,"When the edit is longer than the original comment to cover your ass

Edit: I just want to formally apologize for what I said, it was really insensitive, and it wasn’t a personal attack of you or your beliefs. I will make a legitimate effort to stop being rude to people on the internet.",neutral,negative
33,gnnou0l,"Yes they want to but they have no evidence. They keep using the word deleted ans that’s my point, zero evidence implies no case.",positive,negative
34,flflkvs,"Medical professional here. The heathcare professionals who are supposed to look after you, the citizens, can only do what they can with the supplies they are given. Most of the doctors do not have masks or any protection equipment for themselves. Especially in govt. Hospitals. We have to buy our own. The hospital administrations of govt. hospitals are corrupted. They wouldn't equip the casuality sect. of the hospital properly in normal times but are trying to do better in these testing times. 

Please do your part and stay home. 

Lot of people are roaming recklessly on the streets. These are the same people who, when they get infected, would come to hospital and complain that they are not being treated like royalty. India is a country with 1 doctor for 1500 people. We do not have enough masks and ventilators available for a crisis. Please understand. 
People who are complaing about getting bored while staying home- think about all the people who do not have the same luxury as you - all the health care professionals, delivery people, police , army, DAILY WAGE WORKERS. Stop being a prick and thank your luck that you are not out there battling this. 

PLEASE DO YOUR PART AND STAY HOME.",neutral,negative
36,gweb15v,"UP might be well funded, but the funds dont exactly go where the intend to.",negative,neutral
41,fiu80y2,"Lol! China isn't socialist. China is at the heart of the global capitalist economy. What on earth are you on about?

China hasn't been centrally planned in a long time.

I'm not a ""pseudo historian"". I have a degree in international political economy from Harvard and I am in international banking - many of my clients are Russian banks, including Sberbank, VTB, Gazprombank, and Alfa bank. I am talking from my experience having literally worked around the world.",neutral,negative
42,gz52ira,Hell ya!! Lol,neutral,positive
51,e4eomhj,"[Posting proof](http://imgur.com/a/oyP7A3k) so that my contribution is also included in the total verified donations in this thread. Please do not gild, donate that money instead..",positive,neutral
55,gwvsueb,Now ban the beardo for some extra spicyness,negative,neutral
58,gig32vy,"I also spotted the flag of israel and the flag of australia, friggin weird",neutral,negative
66,jxh7jkh,I don’t know what to believe anymore it’s hard to believe this ik aliens are real but the landing on the moon idk anymore 🤷🏻‍♂️,neutral,negative
67,glrb6ef,1* to Suresh Rihanna #BoycottCSK,negative,neutral
69,gn1ugzn,do not u know saree is more sexy and cute than western dress,neutral,positive
70,glrswj7,Pm Modi aam aadmi khate hain.,negative,neutral
71,gw6k7sh,That already a  [thing.](https://www.indiatoday.in/world-special/video/indian-women-line-up-to-get-whipped-by-priests-to-cast-away-evil-spirits-1069606-2017-10-04) 😎,negative,neutral
74,fusv4kp,It’s his entourage,positive,neutral
78,gwx5igt,"You almost broke my phone dude!

Wooooooo!",neutral,negative
86,gdb42wl,lol are you going to hire Ram jethmilani? 1-2 lakh a month is a really good amount for a good lawyer. Not enough for the best and best is not required also..,negative,positive
87,hjlmai8,"If enough ordinary Indians stand up to demand a change, anything can happen.",positive,neutral
97,gx2q8dn,"you heard about ""R nought"" right ?

There's a reason the wealthy are GTFO of India and hide from the virus, for now.",neutral,negative
