Comment ID,Comment Text,Comment Score,Comment Depth,Created Timestamp,Author,Edited,Semantic Label,Semantic Label 2,Semantic Label 3,Major_Semantic
jwlyamm,"* If your image is not OC (Original Content), please provide a link to the verified source under this comment or else it will be removed.
* If your image is a camera photo, please provide the location where the photo was taken, device you took the photos with and the dimensions of the image. 
* If your image is an Infographic, please provide a link to the original dataset(s) or else it will be removed.
* Screenshots of social media posts / comments and AI generated art will be removed. 


*I am a bot, and this action was performed automatically. Please [contact the moderators of this subreddit](/message/compose/?to=/r/india) if you have any questions or concerns.*",1,0,1692296093.0,AutoModerator,False,neutral,neutral,negative,neutral
jwo8288,I still remember a video in which he had to leave his interview after winning a match at 2 a.m.cuz he had his board exam the very same day!!! Absolute legend,671,0,1692328665.0,SirMythicArcherr,1692331092.0,positive,positive,positive,positive
jwm252w,You could see the pride in her eyes,1110,0,1692297471.0,cawnion,False,positive,neutral,positive,positive
jwm5hus,We need to support Chess as much as we support other sports! This kid has just entered the semis of FIDE Chess Championship,720,0,1692298671.0,blyuuuu,False,positive,positive,neutral,positive
jwn6gzf,This is so sweet.,130,0,1692312096.0,5hortE,False,positive,positive,positive,positive
jwplww7,"ஈன்ற பொழுதின் பெரிதுவக்கும் தன்மகனைச் 

சான்றோன் எனக்கேட்ட தாய் - Thirukkural

Meaning in english:

    The mother who hears her son called ""a wise man"" will rejoice more than she did at his birth.",79,0,1692361017.0,Thamiz_selvan,False,neutral,positive,positive,positive
jwm54lv,"Behind that Smile and Proud feeling 
There are innumerable sacrifices from her end,which have made Praagg the Champion and Pride of India.",495,0,1692298538.0,ExaminationFail25,False,positive,positive,positive,positive
jwnw3im,"https://preview.redd.it/1ohxl23jxrib1.jpeg?width=700&format=pjpg&auto=webp&s=bca38e1642ef681981f97eb3e72de3fe8bdf866e

I'm totally not jealous or anything!",160,0,1692323130.0,Puzzled-Orchid7357,False,neutral,neutral,neutral,neutral
jwmleyw,Wish my mom looked at me like that fml,130,0,1692304253.0,account_for_norm,False,negative,neutral,positive,neutral
jwm89p7,I read it Propaganda 😭😭😭,243,0,1692299640.0,Monk_72_40,False,negative,negative,neutral,negative
jwm8ahx,Give a Bharat Ratna to Vishy already!,48,0,1692299648.0,Which_Basket_9273,False,neutral,neutral,neutral,neutral
jwnea7h,Absolutely lovely face & eyes with full of proud 🥺,13,0,1692315403.0,Real-Bid6204,False,positive,positive,positive,positive
jwnnmd1,W Praggna🗿,14,0,1692319447.0,Ok_Pie_4852,False,neutral,neutral,neutral,neutral
jwo8ms2,Wiz kid making India proud!,12,0,1692328947.0,firesnake412,False,positive,positive,positive,positive
jwpej6c,"By looking at the current generation of players in Indian chess scene, I think Vishy Anand surly deserves a Padma vibhushan if not a bharat ratna",9,0,1692357092.0,Vedant_28,False,neutral,neutral,positive,neutral
jwmt4nz,"I will make my mother proud this time , I promise 🥹",32,0,1692306999.0,PanJL,False,positive,positive,positive,positive
jwocgym,"That 'he came out of me' look 😂 , only when you do something good",19,0,1692330965.0,BSNL_NZB_ARMR,False,positive,neutral,neutral,neutral
jwofrge,goddamnit who's cutting those onions in the morning on a work day!,5,0,1692332790.0,em_n_me,False,negative,negative,neutral,negative
jwor9xp,He looks like his mother,6,0,1692340157.0,Beast-priest,False,neutral,neutral,neutral,neutral
jwos2fa,He studied in my school,5,0,1692340728.0,Conscious-Run6156,False,neutral,neutral,neutral,neutral
jwotrsu,"indeed !

A proud moment for all of us, 4 Indian GMs in the top 8 is no normal feat",3,0,1692341994.0,meen_leen,False,positive,positive,positive,positive
jwmvvz6,r/mademesmile,11,0,1692308014.0,skakodker,False,neutral,positive,neutral,neutral
jwoj1hm,He is going to be next big thing across the world.,3,0,1692334720.0,shar72944,False,positive,positive,neutral,positive
jwnoexr, Love this,2,0,1692319792.0,Nik_5397,False,positive,positive,positive,positive
jwofpz9,🔥🔥,2,0,1692332767.0,123_SHUBH_11,False,positive,neutral,neutral,neutral
jwokr0f,Wow... This would be huge success for me. Seeing this expression on my parents face.,2,0,1692335784.0,hotaru90,False,positive,positive,positive,positive
jwomdc7,"In his peak he might be able to overtake magnus , best wishes for him 🕊️",2,0,1692336829.0,Ready-Desk-6823,False,positive,positive,positive,positive
jwonnvm,🫶,2,0,1692337675.0,Exotic_Divide5267,False,neutral,neutral,neutral,neutral
jwovrar,Feeling sad for Arjun they both fought really well but in the end Pragg won. GG,2,0,1692343507.0,s_has_hank,False,neutral,neutral,neutral,neutral
jwp2rjo,Find someone who looks at you like..... you know the rest,2,0,1692348904.0,RottenRaisin,False,neutral,positive,neutral,neutral
jwpjytm,Look at her eyes. That right there is just amazingly beautiful.,2,0,1692360052.0,iamharj,False,positive,positive,positive,positive
jwr1zat,what is that white tika on her forehead? what does it represent?,2,0,1692381268.0,eyeeagle671,False,neutral,neutral,neutral,neutral
jwrieky,"Now that I am a mother, i can surely feel and understand that pride in her eyes for her son.",2,0,1692387351.0,No-Sprinkles-006,False,positive,positive,positive,positive
jwmbovo,"Pragg has done really well. But we had 4 Indian in quarters and only 1 went through. That sucks. Pragg and Gukesh are definitely the next Indian superstars. Gukesh has an upper edge, but Pragg is not far behind.

Edit: Gokesh -> Gukesh",10,0,1692300827.0,nodpekar,1692308743.0,negative,neutral,neutral,neutral
jwmfgtv,Pragg 🙌🙌🙌,2,0,1692302154.0,dubistweltmei5ter,False,positive,neutral,neutral,neutral
jwmvqqt,Praggu has made whole india proud !!,2,0,1692307960.0,IllustriousBuy7850,False,positive,positive,positive,positive
jwppr18,"Let's not forget the performances of Indians in this world Cup in general. Specially Gukesh, who's a year younger than Praggnananda but already the number 1 in India dethroning Anand after 37 years!(he got knocked out by magnus himself :( .)The one pragg beat was Arjun, another Indian Junior. India is ready to dominate world chess. The Legacy of Anand !",1,0,1692362857.0,royal_fork7,False,positive,positive,negative,positive
jwogwuz,r/girlsmirin,1,0,1692333448.0,Rich-Educator-4513,False,neutral,neutral,neutral,neutral
jwot19x,"i read that as Propaganda, and had to double check.",1,0,1692341446.0,winnybunny,False,negative,neutral,negative,negative
jwneuw0,Wholesome! 🥹,1,0,1692315655.0,iremshere,False,positive,neutral,positive,positive
jwqip8q,Please talk about reservation now.,1,0,1692374237.0,Emotional_Oil_9563,False,neutral,neutral,neutral,neutral
jwoprol,"I read it as, ""proud mother of propaganda."" 🤦🏽",0,0,1692339104.0,Strictly_Online,False,negative,positive,negative,negative
jwpbith,I read it propaganda 😭,0,0,1692355202.0,OcelotOtherwise6812,False,negative,negative,neutral,negative
jwq9voa,"Mark my words, the next world chess champion will be Gukesh. He is the future of chess. Indian chess right now is off the charts. Full credit to Vishy.",0,0,1692371006.0,Generic_dweeb,False,positive,positive,positive,positive
jwp0xa3," **PRIDE INDIA MOMENT FOR**

# Proud mother of Praggnanandhaa

📷[**Sports**](https://www.reddit.com/r/india/search?q=flair_name%3A%22Sports%22&restrict_sr=1)",-1,0,1692347501.0,MdKhaleelAhmed,False,positive,positive,positive,positive
jwoqa0l,Why is there no chess culture in the Northern part of India?,0,0,1692339456.0,Pale_Armadillo_254,False,neutral,negative,neutral,neutral
jwtgfdb,"Using bindi in india is a sign of misogyny and patriarchal oppression. Also why the white powder, india is a secular country, so behave like it.",0,0,1692418196.0,Queasy-Class-2510,False,negative,negative,negative,negative
jwovbqx,Who is he? Context?,-3,0,1692343176.0,Thunderboy_7777,False,neutral,neutral,neutral,neutral
jwouijs,Someone give that guy a full plate of Food and a medal,-14,0,1692342550.0,thundergod140,False,negative,neutral,positive,neutral
jwpj1fr,[removed],-1,0,1692359578.0,,False,neutral,neutral,negative,neutral
jwoitdh,Why I read that propaganda?,-19,0,1692334585.0,savage_kunal,False,negative,negative,negative,negative
jwmfc6o,[deleted],-38,0,1692302108.0,,False,neutral,neutral,negative,neutral
jwocx5u,After seeing him and so many others I think that amma distributed chess boards during her election campaign.^^/s,-18,0,1692331215.0,SabMayHaiBC,False,neutral,neutral,neutral,neutral
jwmvrky,now that's a odd name,-64,0,1692307969.0,winstonpartell,False,negative,negative,neutral,negative
jwotza1,"I read"" proud mother of propoganda"" 
🙂🙂🙂",-7,0,1692342149.0,Sure-Tap5275,False,neutral,positive,positive,positive
jwofwc4,[removed],-38,0,1692332867.0,,False,neutral,neutral,negative,neutral
jwomvve,I wish someday my parents also look at me with that expression,1,0,1692337160.0,enginyear,False,neutral,neutral,positive,neutral
jwool85,What a lovely photo,1,0,1692338299.0,Whole-Albatross-895,False,positive,positive,positive,positive
jwopqzk,🥹🥹🥹,1,0,1692339090.0,Jattwaadi,False,neutral,neutral,neutral,neutral
jwoq3rq,Lil man has grown !,1,0,1692339335.0,BroAnnoying666,False,positive,positive,positive,positive
jwormxx,Bravo to the both of them,1,0,1692340416.0,dunequestion,False,positive,positive,positive,positive
jwos8dq,Looks at the pride .. Wow !... Hats off to the son!,1,0,1692340851.0,niceguy645,False,positive,positive,positive,positive
jwoscgf,Wholesome picture.,1,0,1692340935.0,Particular-Zone5259,False,positive,neutral,positive,positive
jwow2mj,Wowowow,1,0,1692343753.0,MostDrop7407,False,positive,positive,positive,positive
jwozkcm,e4,1,0,1692346452.0,yug_rana-_-,False,neutral,neutral,neutral,neutral
jwp08no,Pride of India🇮🇳 Keep up😃,1,0,1692346966.0,CanQuick5951,False,positive,positive,positive,positive
jwp0lsv,her eyes says it all **love** for all mothers,1,0,1692347251.0,MdKhaleelAhmed,False,positive,positive,positive,positive
jwp0oet,i was present at the moment feels pride **India**,1,0,1692347310.0,MdKhaleelAhmed,False,positive,positive,positive,positive
jwp134d,Nice,1,0,1692347625.0,Secure-Bet-719,False,positive,positive,positive,positive
jwp17f8,I love this photo! This should be on r/pics,1,0,1692347715.0,LatissimusDorsi26,False,positive,positive,positive,positive
jwp3zq4,just love this.,1,0,1692349841.0,North_Conflict_2142,False,positive,positive,positive,positive
jwp411o,I'm a chess player and Prag is the next world champion in coming years,1,0,1692349869.0,Alive-Doubt4152,False,positive,positive,positive,positive
jwp780d,I wish I could make my mother proud.,1,0,1692352242.0,OptionSailor,False,positive,positive,positive,positive
jwp9zwu,so beautiful ❤️,1,0,1692354186.0,nolettuceandtomatoes,False,positive,positive,positive,positive
jwpa387,Simplicity at its best.,1,0,1692354248.0,AllBugDaddy,False,positive,positive,positive,positive
jwpa45r,Such a good pic,1,0,1692354266.0,YeHailalaDhaniramJi,False,positive,positive,positive,positive
jwpb52a,[deleted],1,0,1692354948.0,,False,neutral,neutral,negative,neutral
jwpg1se,Thank god he is not related to me.,1,0,1692357973.0,kultureGirl,False,negative,neutral,neutral,neutral
jwpl3wm,I read his name as Propoganda,1,0,1692360620.0,Diligent_Concern309,False,neutral,negative,neutral,neutral
jwpwyon,The pride in her eyes 🥹,1,0,1692366010.0,Guilty_Restaurant_31,False,positive,neutral,positive,positive
jwq54tc,Bro is the first Indian to ever reach Fide world cup semis .. . ❤️,1,0,1692369231.0,Important-Party-8213,False,positive,positive,neutral,positive
jwqi0jd,"Ok, this is beyond wholesome, also i can definitely see the resemblance",1,0,1692373988.0,Nerftuco,False,positive,positive,positive,positive
jwqs9e3,"*ஈன்ற பொழுதின் பெரிதுவக்கும் தன்மகனைச்*  
*சான்றோன் எனக்கேட்ட தாய்.*",1,0,1692377720.0,Terminal_Monk,False,neutral,neutral,neutral,neutral
jwr4p6e,Proud,1,0,1692382269.0,legandofwamen,False,positive,positive,positive,positive
jwrfwti,Iron your life problems just the way you ignored his name,1,0,1692386422.0,TheVikram7,False,negative,negative,negative,negative
jwrjjit,"this little guy is a mastermind of tactics, i follow all his games the depth he has got(only if have decent rating in chess, you can understand) is terrific. i would just love if there was only a proper incentive  and support to sport /game like this and to the players as well.",1,0,1692387771.0,Steroidandroid,False,positive,positive,positive,positive
jwrq75w,🥺,1,0,1692390243.0,Late_Conversation928,False,positive,neutral,neutral,neutral
jwuc7le,That blush on her face is awesome,1,0,1692441527.0,star_hyphen,False,positive,positive,positive,positive
jwucj1g,Chess sounds boring. There’s no life stakes in it. 🩸 sports are the best 🤤.,1,0,1692441772.0,ksnpirateking,False,positive,negative,neutral,neutral
jwudtkd,I misread it as proud mother of propoganda. ( Insomnia makes you go mad),1,0,1692442687.0,No_Elderberry_1957,False,negative,neutral,neutral,neutral
jwujowq,mom ++,1,0,1692446421.0,_tupperwhere_,False,neutral,neutral,positive,neutral
jwv1jel,The photographer is amazing! Love this capture!!!,1,0,1692455001.0,MasqueraderB2,False,positive,positive,positive,positive
jwv85pf,"This had been my dream, to become good at chess and make my parents proud, but i failed miserably",1,0,1692457693.0,ayushiiiiiiiiiii,False,positive,negative,negative,negative
jwwb45r,i think we need to support chess as well we support videos game like pubg nd other,1,0,1692472282.0,ApprehensiveCreme227,False,neutral,neutral,neutral,neutral
jwwh3f0,"A smile with a lot of meanings.
How beautiful.",1,0,1692474557.0,Dia-77,False,positive,positive,positive,positive
jwwybd4,❤️,1,0,1692480814.0,Different-Ant-9499,False,positive,neutral,neutral,neutral
jwyyrgu,🐸,1,0,1692517259.0,spoiled_electron,False,neutral,neutral,neutral,neutral
jwz0diu,🥺,1,0,1692518522.0,UnderstandingNo2008,False,positive,neutral,neutral,neutral
jwz8b86,What is chess?,1,0,1692524831.0,anonsurf9,False,neutral,neutral,neutral,neutral
jwzgk30,My mother would never,1,0,1692530926.0,ashisheady,False,negative,negative,neutral,negative
jwzjkxc,❤️‍🩹,1,0,1692532784.0,shwowcsidvdisvh007,False,positive,neutral,neutral,neutral
jwzt4r4,He was my junior in school. He was extremely shy and introverted. I'm so happy for all the success he got ❤️,1,0,1692537917.0,Commercial_Box8547,False,positive,positive,positive,positive
jwzyynu,"The smile speaks a thousand words.
Few only get that when you clear UPSC or IIT or AIIMS",1,0,1692540656.0,Rakesh862,False,positive,positive,positive,positive
jx8c3md,"Beaming with pride as a mother to Praggnanandhaa, witnessing his remarkable journey in the world of chess. A true inspiration!",1,0,1692678103.0,Annual-Anteater4173,False,positive,positive,positive,positive
jx92vg4,The pride in her eyes.,1,0,1692698248.0,ClassicExtreme1663,False,positive,neutral,positive,positive
jxaze9w,"Fills my heart, even from across the border",1,0,1692728484.0,Xortran,False,positive,positive,positive,positive
jxe3tvg,A proud moment for parents,1,0,1692784215.0,,False,positive,positive,positive,positive
jxfiqv3,It's adorable.,1,0,1692807834.0,Graahak,False,positive,positive,positive,positive
jxhu95b,Praggnanandhaa you beauty ❤️,1,0,1692839858.0,Plus-Muffin5948,False,positive,positive,positive,positive
jwlyve0,[https://twitter.com/photochess/status/1692221452156571926](https://twitter.com/photochess/status/1692221452156571926),1,1,1692296300.0,rustyyryan,False,neutral,neutral,neutral,neutral
jwpq9gc,"Lmao, only in india",161,1,1692363093.0,SmartMoneyisDumb,False,neutral,neutral,negative,neutral
jwq9tdh,That too ig it was against magnus,59,1,1692370982.0,krish07msd,False,neutral,neutral,neutral,neutral
jwmddly,[removed],343,1,1692301422.0,,False,neutral,neutral,negative,neutral
jwoprx7,Vishy was my childhood hero :) when he lost to magnus I was sad. I remember how he was World Champion for few years.,47,1,1692339108.0,ayanokojifrfr,False,positive,positive,negative,positive
jwr5d8o,Yeah 🔥,5,1,1692382517.0,AC_Football_Cases,False,positive,positive,neutral,positive
jwqrwgb,of course 🤑🤑🤑,-22,1,1692377590.0,Elfas_tasma,False,positive,neutral,neutral,neutral
jwqryoj,of course 🤑🤑🤑,-22,1,1692377612.0,Elfas_tasma,False,positive,neutral,neutral,neutral
jwwb0x8,yess🥺,1,1,1692472250.0,ApprehensiveCreme227,False,positive,neutral,neutral,neutral
jwmaiet,And qualifies for the Candidates. That is the bigger thing.,209,1,1692300414.0,xugan97,False,positive,positive,positive,positive
jwo4wcn,">as much as we support other sports

Bro except for cricket ( and maybe badminton and little football in recent years ) what other sports do we support? Can you name the current captian of the Indian Hockey team?",32,1,1692327113.0,p16189255198,False,neutral,neutral,neutral,neutral
jwopvvw,Actually it has more support than many of the sports in India,5,1,1692339185.0,Alternsss,False,positive,positive,neutral,positive
jwoy8i1,"Him and 3 others from India.. out of 8 people qualified , 4 are from india",2,1,1692345422.0,Regalia_BanshEe,False,neutral,neutral,neutral,neutral
jwpfazs,It's the FIDE world cup. Chess championship is different. He has qualified for the candidates and the winner of the candidates plays the championship against the current champion Ding Liren.,1,1,1692357549.0,sigmoidx,False,neutral,neutral,neutral,neutral
jwr5oky,Yes we all have to support chess.,1,1,1692382636.0,AC_Football_Cases,False,positive,positive,neutral,positive
jwqmq5w,Mass reference 👍,5,1,1692375712.0,Erodeian,False,positive,neutral,neutral,neutral
jwqqr3x,Username checks out 👏,6,1,1692377174.0,AlfredPennyworth278,False,positive,neutral,neutral,neutral
jwppnar,amazing,1,1,1692362808.0,DowntownSong2949,False,positive,positive,positive,positive
jwoekjr,Bhai zarruri nhi ki har baar ek sad background story ho.,116,1,1692332117.0,chhillarakul,False,negative,negative,negative,negative
jwo530y,Just woke up and cried,25,1,1692327201.0,house_monkey,False,negative,negative,negative,negative
jws8k7a,Behind that are the parents who made those sacrifices but their children could not win the race. These are the parents who also deserve the same level of respect.,4,1,1692397521.0,Aromatic-Plants,False,neutral,neutral,neutral,neutral
jwtcizj,Why does every emotion needs to go down the soap opera way...is it not possible to have an ambition and willingness to work for it?,4,1,1692415991.0,Crusher_1984,False,negative,negative,negative,negative
jwp05bt,I'm not envious either,6,1,1692346896.0,preetika_singh,False,neutral,neutral,neutral,neutral
jwpp2z1,"My mom looks like that at the neighbour’s kid, before looking at me with disgust",40,1,1692362540.0,arsenalsarite,False,negative,negative,negative,negative
jwm9y53,💀ayo,37,1,1692300219.0,damncoochieman,False,negative,neutral,neutral,neutral
jwn3iof,"I got you covered, fam! Here's [proud mother of propaganda](https://www.google.com/search?client=ms-android-samsung-rev2&sca_esv=557923302&sxsrf=AB5stBiT0fhSLl0mNWJyR1gYpocOyVqdjQ:1692310865029&q=modi&tbm=isch&source=lnms&sa=X&ved=2ahUKEwjNn9af3eSAAxXSa2wGHXyuACYQ0pQJegQIDBAB&biw=320&bih=506&dpr=2.25).",73,1,1692310925.0,charavaka,False,positive,positive,positive,positive
jwnzqzi,Omg so I am not the only one 😳  I thought let's  enjoy some trolling comments now....but dilke armaan  aansuon mein beh gaye lol,6,1,1692324731.0,Lotus_buds,False,neutral,neutral,neutral,neutral
jwr4yws,"Isliye bhai, kabhi kabhi koi South Indian language bhi seekhni chahiye!..",1,1,1692382368.0,autumn-gadani,False,neutral,neutral,positive,neutral
jwu3334,"He already is, right?",1,1,1692434339.0,dconfusedone,False,neutral,neutral,neutral,neutral
jwo54hg,W son,6,1,1692327220.0,house_monkey,False,neutral,neutral,neutral,neutral
jwpwzfk,Bold of you to assume she isn't already proud of you,1,1,1692366018.0,Em_tan,False,neutral,neutral,neutral,neutral
jwouplz,“I made this”,7,1,1692342701.0,hydrosalad,False,neutral,neutral,positive,neutral
jwous3m,And when you do something not good..?,4,1,1692342754.0,thegodfather0504,False,negative,negative,negative,negative
jwrk28j,"Incredibly unlikely. Overtaking Magnus would unironically mean becoming the greatest player of all time.

Also, his trajectory isn't like Magnus anyways. Only Gukesh and Alireza are/have been mapping Magnus' trajectory. But I guess, development isnt linear so nothing is certain.",4,1,1692387967.0,Forsaken-Currency404,False,negative,neutral,negative,negative
jwtl2ui,"It's a religious thing last time he won against magnus many atheist were pissed of, when he was just a 17 year old kid",4,1,1692420999.0,ayush04012002,False,negative,neutral,negative,negative
jwmugeb,"It's Gukesh, not Gokesh

But yeah, Gukesh and Pragg both will be the upcoming faces representing India in chess.",25,1,1692307484.0,dj_rocks18,False,neutral,neutral,positive,neutral
jwnlokg,"You are missing Arjun Ergaisi (hope I got the spelling right)..

Paraggu defeated him but the match went upto Sudden death. Nine games in total",8,1,1692318601.0,tb33296,False,neutral,neutral,negative,neutral
jwoq5r9,">only 1 went through. That sucks.

Well two of them faced each other",1,1,1692339372.0,Alternsss,False,negative,negative,negative,negative
jwp1k8y,Busy in cricket or Little bit of wrestling or Javelin throwing,3,1,1692347986.0,Raptorexxx,False,neutral,neutral,neutral,neutral
jwuyo6x,Actually we do but it's not big on competitive level.,1,1,1692453785.0,Ok-Poet-9461,False,neutral,neutral,neutral,neutral
jwzwz4j,"Why is there no Go culture in the Southern part of India or in entire India at all? 


Your question is stupid as fuck. People are into different things. Not all parts of the world like the same thing. It's a general observation. People who are into chess know who this guy is, and the people who are not, he could be a random person out of 8 billion humans that exist on earth.",1,1,1692539739.0,2bd8lb,False,negative,negative,negative,negative
jwtpdvh,Put your secularism into your ass. India was a hindu country. India is a hindu country. India will be a hindu country. Put that in your mind,1,1,1692423852.0,Acceptable-Owl-6339,False,negative,negative,neutral,negative
jwp1lfd,Indian chess grand master,7,1,1692348011.0,Raptorexxx,False,neutral,neutral,neutral,neutral
jwp5hz0,https://www.chessbase.in/news/FIDE-World-Cup-2023-Round-6-TB-report,3,1,1692350963.0,xugan97,False,neutral,neutral,neutral,neutral
jwpk7b4,"It's less religion and more of a cultural thing at this point. Imagine waking up and putting on some make up as part of your morning routine.

Now fast forward by 40 or so years, it's just a part of your life. It may or may not have religious connotations but it has major cultural and lifestyle implications.

Also, the tilak is what gets you ? Really ?",1,1,1692360171.0,Decepticow,False,neutral,neutral,neutral,neutral
jwpmfmp,because it is nun-ya-business. Are you going to criticize next on her wearing a yellow thread too?,1,1,1692361271.0,Thamiz_selvan,False,negative,negative,neutral,negative
jwn3upv,Wtf is that? Why are you bringing in your casteism here?,14,1,1692311056.0,charavaka,False,negative,negative,negative,negative
jwoiota,"What's yours two , four, six ,eight?",15,1,1692334507.0,ayush04012002,False,neutral,neutral,neutral,neutral
jwoghqv,"wtf is this comment,did you even see what the post is about smh",10,1,1692333206.0,Warm_Anywhere_1825,False,negative,negative,negative,negative
jwouvq1,So? Are arranged marriages not good enough for you?,7,1,1692342832.0,thegodfather0504,False,negative,negative,negative,negative
jwp8gjm,e5,1,1,1692353131.0,,False,neutral,neutral,neutral,neutral
jwpcmx8,How about googling for education?,3,1,1692355922.0,Significant_Act4616,False,neutral,neutral,neutral,neutral
jwpvc4y,True,39,2,1692365326.0,JOJJOKY213456,False,positive,neutral,positive,positive
jww9jqo,Chess masters I guess but he lost the final :(,3,2,1692471718.0,Horror_Simple2663,False,negative,negative,neutral,negative
jwmiep7,"Exactly his legacy far exceeds everyone from his generation. To train this young generation that can compete against any super GM is a big deal.  To be that good as a player and coach , he truly deserves it.",284,2,1692303196.0,HostileCornball,False,positive,positive,positive,positive
jwnbwk2,copy pasted my comment,39,2,1692314364.0,Which_Basket_9273,False,neutral,neutral,neutral,neutral
jwpcz5p,"If you have not read Vishy's biography, I highly recommend it ... The man was so good! I feel his lifestory should be mandatory reading for all sportspeople in major tournaments",11,2,1692356136.0,anon_runner,False,positive,positive,positive,positive
jwmkivz,"I started playing chess after getting to know about him 
Then magnus defeated him :( 
I gave up",23,2,1692303939.0,R_N_Kao,False,negative,negative,negative,negative
jwqkq5a,thats a reach,1,2,1692374975.0,No-Program-6714,False,negative,negative,positive,negative
jwrdqri,few years ?! man is a freaking 5 time world champion.,23,2,1692385610.0,MeaningConfident,False,positive,positive,positive,positive
jwmfxjn,If magnus doesn't play candidates then right?,53,2,1692302318.0,ryuk_bored,False,neutral,neutral,neutral,neutral
jwpjkga,"If he wins one of the next two matches he is guaranteed to be at candidates, otherwise it depends on if Magnus plays or not.

Top 3 automatically quality",3,2,1692359848.0,lazygeek,False,neutral,positive,positive,positive
jwo6cmf,An average person who knows about current Indian chess candidates is aware enough about the game.,39,2,1692327813.0,blyuuuu,False,neutral,neutral,neutral,neutral
jwp5sya,Does it matter if people can name atheletes or not? Is this some kind of test to check if people are loyal towards the sport? Can't we just support?,4,2,1692351191.0,Smart-Succotash9703,False,neutral,neutral,neutral,neutral
jwo64o7,"Why u hatin bitch ! Rani Rampal and Manpreet Singh!! 
Andha paisa chalta hai football, hockey, kabaddi, badminton domestic leagues ko india me. Let alone IPL and ISL",6,2,1692327703.0,blyuuuu,False,negative,negative,negative,negative
jwosw92,Every win has its own sacrifices,23,2,1692341345.0,fekdoabhi2,False,neutral,neutral,positive,neutral
jwoygsx,Being a mother itself signs you up for innumerable sacrifices. No sad backstory needed,45,2,1692345602.0,Content-Sea8173,False,neutral,negative,positive,neutral
jwssei0,... pride of India bhi tho bolna hai. Intro dega tabhi tho kar payega na. Nahin tho kaise list of achievments mein include karega aage whatsapp mein? Election wagera aa rahe hain.,-1,2,1692406272.0,doolpicate,False,neutral,positive,neutral,neutral
jww0air,"But this is not Soap opera, his father suffers from polio, his sister is also a chess player and an IM, Vaishali. At one point of time they were thinking about only financing training of one of the kids because it was too expensive to train both kids for high level chess.",2,2,1692468428.0,desigooner,False,neutral,negative,negative,negative
jwparo5,Happy cake day,3,2,1692354705.0,CompetitiveRent5280,False,positive,positive,positive,positive
jwqqfv8,"hahaha ""sharma ji ke bete ko dekho!""",5,2,1692377059.0,account_for_norm,False,positive,neutral,positive,positive
jwnioqu,Wow insert slow clap meme,19,2,1692317311.0,ok_give_up,False,positive,neutral,positive,positive
jwo1cw4,Oh snap !,5,2,1692325466.0,dumbbyatch,False,positive,neutral,neutral,neutral
jwnt4d1,I thought you were gonna post modis mom lol,10,2,1692321830.0,veritasium999,False,neutral,neutral,neutral,neutral
jwoir8d,😂😂,1,2,1692334547.0,barunbordoloi,False,neutral,neutral,neutral,neutral
jwu5o20,"no, he's a Padma shree which is the 4th highest civilian award. Padma vibhushan is the 2nd highest civilian award and Bharat ratna is ofc the highest.",1,2,1692436400.0,Vedant_28,False,neutral,positive,positive,positive
jwojdfh,"Arey mt puch bhai, abhi abhi mammy se daant sun k aa rha, uthne me 1 hr late ho gaya 😫",4,2,1692334926.0,PanJL,1692352707.0,negative,neutral,positive,neutral
jwoxsow,"you  dont want to see that . just like ben kim 😂 . 

it is called ""you are such a failure"" look",2,2,1692345077.0,BSNL_NZB_ARMR,False,negative,negative,negative,negative
jwymmfn,Isn't he still in his teens years? Can't he overtake him in future? I know it's hard But there's a possibility to it that's what I think,1,2,1692508699.0,Ready-Desk-6823,False,neutral,neutral,negative,neutral
jwtok9d,I am an agnostic atheist but I am not pissed off.,2,2,1692423285.0,eyeeagle671,False,neutral,negative,negative,negative
jwofvgs,Arjun and Nihal too,3,2,1692332853.0,Sea-Lifeguard-492,False,neutral,neutral,neutral,neutral
jwouret,"Vidit's defeat was really disheartening dude... And after defeating Nepo...

But Gukesh fought to the last breath (pawn?) With Magnus... Their match was a sight for sore eyes. So I am happy even though he hasn't qualified.",6,2,1692342739.0,loopystring,1692368498.0,positive,positive,neutral,positive
jwoxe8w,And one was against Magnus. Only Vidit losing was unfortunate.,2,2,1692344771.0,BuffAzir,False,negative,negative,negative,negative
jwv5hr5,[deleted],1,2,1692456630.0,,False,neutral,neutral,negative,neutral
jwtpw1w,"Bhai sarcasm tha, but there are people in this shitty subreddit that actually think this way. Hindu rashtra toh banake hi rahenge.",1,2,1692424204.0,Queasy-Class-2510,False,negative,negative,negative,negative
jwpyqog,Nxf3,2,2,1692366734.0,yug_rana-_-,False,neutral,neutral,neutral,neutral
jwnyk41,I think it's a bot account.,32,3,1692324203.0,MatchesMaloneTDK,False,negative,negative,neutral,negative
jwpv1g1,It’s better to report anyways,6,3,1692365200.0,JOJJOKY213456,False,neutral,neutral,neutral,neutral
jwpkk1y,">was  ???

I think you messed up the tense here, at age 53 he is still competing at the top level, where as goats like Garry Kasparov(age 60) are completely outclassed. 

It is impressive he was a top player before computer engines were a thing and is still at top when Computer Engines dictates the whole game.",20,3,1692360349.0,Alarmed_Aspect_3698,False,neutral,positive,positive,positive
jwo4spi,You should have not quit and trained to get revenge.,45,3,1692327067.0,hbkdll,False,negative,negative,negative,negative
jwpxdwu,"Honestly, that is kinda stupid. I won’t stop doing something just because my inspiration got defeated at it.
(I don’t mean to be rude)",0,3,1692366183.0,SticmanStorm,False,negative,negative,negative,negative
jwmh6p4,He have told multiple times that he won't play.,49,3,1692302766.0,nishantbhagat012,False,negative,negative,neutral,negative
jwpl3nd,But Magnus is clear he will not play in the Candidates - [World Cup 6.2: Carlsen won't play Candidates](https://new.chess24.com/en/wall/news/world-cup-6-2-carlsen-won-t-play-candidates). So the other three qualify.,2,3,1692360616.0,xugan97,False,neutral,neutral,neutral,neutral
jwo6q3b,But do we as a society support athletes? Look at the population of our country and look at the number of medals we bring in the Olympics. When have u seen a parent actively encouraging their children to take up sports not as a hobby but as a profession?,10,3,1692327997.0,p16189255198,False,neutral,neutral,neutral,neutral
jwy1b88,"That's exactly my point, dramatize a family struggle...vidhwa maa, andhi behan syndrome...she's admiring her son in the picture, shouldn't that be enough?",1,3,1692497372.0,Crusher_1984,False,neutral,neutral,negative,neutral
jwppbao,Thank you,1,3,1692362651.0,preetika_singh,False,positive,positive,positive,positive
jwp51zk,"I have slightly higher ethical standards than mother of propaganda - while he does use his ageing mother as a prop for photo ops, I refuse to stoop down to his level.",7,3,1692350631.0,charavaka,False,negative,negative,negative,negative
jwuz7lo,Dude check again. He got padma Vibhushan in 2008 itself.,2,3,1692454011.0,dconfusedone,False,neutral,neutral,neutral,neutral
jwouqto,Kuch nahin. Success ban jaoge toh dopahar ko 12 baje bhi utho toh chalta hai.,1,3,1692342727.0,thegodfather0504,False,neutral,neutral,neutral,neutral
jwtqrbt,"no, it was not against you, i apologize if the comment hurt you, but there were many tweets like [these](https://twitter.com/sanjukta/status/1496392596842848258?lang=en)",1,3,1692424804.0,ayush04012002,False,negative,neutral,negative,negative
jwv5tcm,TIL but still doesn't change the fact that majority of indian cricket team remains eastern+northern+western dominated and not much of southern population is exposed,1,3,1692456759.0,Raptorexxx,False,neutral,neutral,neutral,neutral
jwzx39q,Good luck with your hindu rastra pipe dream.,1,3,1692539794.0,2bd8lb,False,neutral,positive,positive,positive
jwqgjw8,What was on f3?😨😨😨,1,3,1692373462.0,Bimpopeu,False,neutral,neutral,neutral,neutral
jwqnipi,Can u explain a bit on the computer engine thing?,4,4,1692375995.0,Capable-Sorbet-4937,False,neutral,neutral,neutral,neutral
jwqsewg,">goats like Garry Kasparov(age 60) are completely outclassed.

That's a huge exaggeration",5,4,1692377773.0,CeleritasLucis,False,negative,negative,negative,negative
jwpv691,Why the hell r u getting downvoted for this inspiring comment,4,4,1692365256.0,JOJJOKY213456,False,negative,negative,neutral,negative
jwoj2qd,"I would have but no one was interested in chess back then   
and I used to play with my dad, he did not know the basic moves, he used to play to make me happy :D

And I was 9 year old who only knew the basic cause it was printed on the back side",17,4,1692334740.0,R_N_Kao,False,negative,neutral,neutral,neutral
jwps2qg,"When our bro gave up, Praggu came in, he'll definitely defeat Magnus and bring our crown back, if not this time, definitely in the next 3 years",1,4,1692363915.0,Far_Today7401,False,positive,positive,neutral,positive
jwq5a2j,">I would have but no one was interested in chess back then  
and I used to play with my dad, he did not know the basic moves, he used to play to make me happy :D  
>  
>And I was 9 year old who only knew the basic cause it was printed on the back side",1,4,1692369286.0,R_N_Kao,False,negative,neutral,positive,neutral
jwmhyyg,I wanna see magnus playing in candidates though,16,4,1692303044.0,ryuk_bored,False,neutral,neutral,neutral,neutral
jwpy9m4,"Yes as per rules top 3 qualify and if one of them backs out, 4th place goes to candidates.",2,4,1692366543.0,lazygeek,False,neutral,neutral,neutral,neutral
jwpvx0e,It is pretty common in my state (kerala)to support sports more,4,4,1692365573.0,JOJJOKY213456,1692366306.0,positive,positive,neutral,positive
jwo7uu8,"I feel you, and we’re both on the same side. As a society we only support athletes when they win. Which is good, but not good enough in my opinion. It’d be great if they get the same support from public and media on their small wins too. 

For example, Neeraj Chopra got all the fame for his gold, but Aditi Ashok got such less attention when she finished fourth in golf; regardless of the fact that she’s ranked under top 50 in the world.",7,4,1692328563.0,blyuuuu,False,neutral,neutral,neutral,neutral
jwuzzk1,"oh yeah, my bad. Actually he received it in 2007",1,4,1692454347.0,Vedant_28,False,neutral,neutral,negative,neutral
jwqhwzv,Nf3,1,4,1692373953.0,yug_rana-_-,False,neutral,neutral,neutral,neutral
jwqsrli,"When Kasparov was playing, Humans were better at Chess than Computers. He was at the helm when computers starting to take over. So, the generation which came after Kasparov has the advantage of Computer engines which could play far better than Humans. So top level players now use computer engines to prepare for their games beforehand",10,5,1692377904.0,CeleritasLucis,False,positive,positive,neutral,positive
jwrdril,"Not really, just look at his performance in GCT 2021, he finished last with a score of 2.5/18, so it's safe to say he is ""outclassed"".",3,5,1692385618.0,Neat_Ad6632,False,neutral,neutral,neutral,neutral
jwv1cqg,"No sir actually that is a downstatement, if you look at the last few tournaments attended by Kasparov you will realise that he is no longer the beast he used to be. Though he is not at his best today he is still arguably the greatest player of all time.",1,5,1692454926.0,Alarmed_Aspect_3698,False,negative,positive,positive,positive
jwpzb8c,But i dont think Magnus will ever compete for world chess champion. He doesn't seem to be doing that for 2024. Maybe pragg or othe youn talent may motivate him again.,5,5,1692366964.0,hbkdll,False,negative,negative,neutral,negative
jwqa0tb,"Gukesh bro, he surpassed damn Vishy. I am still surprised.",1,5,1692371061.0,Generic_dweeb,False,positive,positive,positive,positive
jwq6xq7,"Oh sorry, I didn’t read that you were just a 9 year old at the time. When I was 9ish my mom didn’t care and destroyed me at chess, that was the only reason I learned chess",1,5,1692369910.0,SticmanStorm,False,negative,negative,negative,negative
jwmivbu,He probably won't because let's be honest if he wanted to win candidates to beat someone like ding at wcc he probably wouldn't have relinquished it in the first place. And let's not pretend like ding would be a challenge to magnus. So it's not worthwhile to even expect carlsen to bother with it. He will win the world cup probably and we will have his last hoorah.,52,5,1692303358.0,HostileCornball,False,negative,negative,neutral,negative
jwtral3,"I really wish it were true.
SL Narayanan (2nd GM from Kerala, who also happened to participate in the current FIDE World Cup) at one point had to create an online fundraiser due of lack of support.
Our athletes are currently on a strike because none of them got the guaranteed government jobs even after years of waiting. And this is a recurring event.",2,5,1692425183.0,hashrin,False,negative,negative,negative,negative
jwoujqn,Joh jeetta hai who dikhta hai. Aur joh dikhta hai woh bikta hai.,5,5,1692342576.0,thegodfather0504,False,neutral,neutral,neutral,neutral
jwr28ck,Some US guy cheated recently right? Didn't he use computers or something to cheat?,3,6,1692381360.0,Capable-Sorbet-4937,False,negative,negative,negative,negative
jwr6tzy,"Magnus will return for the championship if Firouzja wins the Candidates, he said that himself.",1,6,1692383063.0,shahil-005,False,neutral,neutral,neutral,neutral
jwpvlqi,Magnus actually finds ding to be the most confusing and challenging player for him,3,6,1692365439.0,JOJJOKY213456,False,neutral,neutral,neutral,neutral
jwts4su,"That’s true 

Didn’t even there were GMs from kerala

We need to support games like chess more",1,6,1692425784.0,JOJJOKY213456,False,neutral,neutral,neutral,neutral
jwr66ue,"Yeah, Hans Niemann was accused of cheating against Magnus Carlsen and the accusation was made by Carlsen himself, there was a lot of drama.",1,7,1692382824.0,shahil-005,False,negative,neutral,negative,negative
jwq0ya6,"That's primarily because he has played very less against Ding Liren compared to others but with the accuracy ding played in wcc , I am pretty sure even the 2nd best player in the world  i.e. drunk magnus would destroy ding easily.",7,7,1692367621.0,HostileCornball,False,neutral,neutral,positive,neutral
