Comment ID,Comment Text,Comment Score,Comment Depth,Created Timestamp,Author,Edited,Semantic Label,Semantic Label 2,Semantic Label 3,Major_Semantic
do3yjje,It's nice to see some good in the news once a year.,917,0,1507526064.0,bfj9000,False,positive,positive,positive,positive
do3zm2f,"""The most beautiful thing in the world is to see a child smiling. The next best thing is to know that you are the reason behind that smile."" 

The officer must have had a moment of euphoria after seeing that smile.",394,0,1507528218.0,lastexorcist,False,positive,positive,positive,positive
do3ya02,What an adorable picture! Looks like the baby cracked a joke or something to cheer things up. ,216,0,1507525565.0,stickittothe,False,positive,positive,positive,positive
do41bch,"Baby: Do you feel the warmth?

Police: Yes, i do.

Baby: No, you will, in 3..2..",88,0,1507532099.0,Main_Hu_Doga,False,neutral,neutral,neutral,neutral
do3yw92,"/r/titlegore aside, fantastic picture!!",151,0,1507526757.0,anthropophagus,False,positive,positive,positive,positive
do3yvn7,I love how everyone is so happy in this photo!,61,0,1507526721.0,rofex,False,positive,positive,positive,positive
do3yogg,That guy in the back.... He's pissed for some reason. ,32,0,1507526327.0,Not_a_kulcha,False,negative,negative,negative,negative
do3zjz8,"Sweet :-) .

Source: https://twitter.com/AddlCPCrimesHyd/status/916685135885377536",28,0,1507528098.0,,False,positive,positive,neutral,positive
do417ey,/r/humansbeingbros,19,0,1507531828.0,,False,neutral,neutral,neutral,neutral
do3z39r,"Well, thats some positive monday morning news on randia.",18,0,1507527145.0,indi_n0rd,False,positive,positive,positive,positive
do412hn,"This pic makes happy and extremely sad at the same time. 

This kid was lucky he was saved by the police. But what about other abducted kids in India? , hundreds of them get abducted everyday, and get forced into prostitution, slavery, begging, etc,  never to see their family again. Whenever I think about it, it makes me extremely sad. 

Unfortunately, no politician is serious about child trafficking issue. ",33,0,1507531497.0,india_soon_2_billion,False,negative,negative,negative,negative
do3yql7,So cute,10,0,1507526441.0,pannagasamir,False,positive,positive,positive,positive
do3yv4g,"Made my day :) 

Is there any link to the story?",11,0,1507526694.0,complanboy,False,positive,positive,neutral,positive
do4428j,"Oh no, the /r/all crowd of racists is going to flood this heartwarming post. ",36,0,1507539663.0,,False,negative,negative,negative,negative
do47bo1,Does your entire nation have perfect teeth?,17,0,1507548807.0,gobwa,False,neutral,neutral,positive,neutral
do3yy25,These bits remind us there's always hope!,9,0,1507526856.0,sablal,False,positive,positive,positive,positive
do417ml,"All I can see is that kid and I have the same hairline, only mine's receding (:-(",9,0,1507531842.0,maggielover,False,negative,negative,neutral,negative
do41p8m,Abe unkil teri moonche khichu kya?,8,0,1507533062.0,Dance_Solo,False,neutral,neutral,neutral,neutral
do4d991,"Hey mods , This is on reddit front page. Might want to welcome r/all post the rules.",13,0,1507558687.0,AgatharUltima,False,neutral,positive,neutral,neutral
do47ynh,The smile is contagious. Almost everybody is the picture is smiling. ,6,0,1507550223.0,jojo_rtp,False,positive,positive,positive,positive
do40k8g,That's such a sweet smile :),6,0,1507530312.0,intrnetcitizen,False,positive,positive,positive,positive
do43vsr,"part of me thinks the baby is about to do something mischievous but cute, like peeing his arms ",6,0,1507539124.0,,False,neutral,positive,positive,positive
do44bxz,"You made me happy, wishing you a happy childhood beta.",5,0,1507540494.0,bikbar,False,positive,positive,positive,positive
do4bcjk,There's a lot of good looking people in this photo ,5,0,1507556089.0,aminobeano,False,positive,positive,positive,positive
do4bp5d,This is the most photogenic pic of the Indian police that I have ever seen 😀,4,0,1507556590.0,,False,positive,positive,positive,positive
do48exj,"Hah, cute kid.

My only memory of Hyderabad was getting an 'interesting' pat down in the airport when I was connecting on the way to Nagpur; Some days I still wonder if that guy misses me as much as I miss the way he caressed my genitals like he expected to find true love down there.",11,0,1507551156.0,DRoadkill,False,positive,positive,neutral,positive
do3z5um,I'm pretty sure the baby is laughing thinking that that person has extra hair on his upper lip.,6,0,1507527290.0,sultanatehere,False,neutral,neutral,neutral,neutral
do418ua,God bless the officer ,3,0,1507531924.0,clanlord,False,positive,positive,positive,positive
do4433u,Any backstory? ,3,0,1507539739.0,,False,neutral,neutral,neutral,neutral
do45a34,Pleasant picture,3,0,1507543376.0,,False,positive,positive,positive,positive
do45aj5,"Aw, that is just adorable!",3,0,1507543415.0,,False,positive,positive,positive,positive
do45d4y,Really a beautiful sight to watch! ,3,0,1507543635.0,kalpa_florist,False,positive,positive,positive,positive
do47q0f,Good way to start my day.  Thanks for posting this!,3,0,1507549700.0,TannyBoguss,False,positive,positive,positive,positive
do49e5k,"for a second i thought the baby was rescued from a team of kidnappers calling themselves ""Thrill the Internet""",3,0,1507552969.0,,False,negative,neutral,negative,negative
do4pc6i,Someone shop a mustache on that baby...,3,0,1507571734.0,Stalhound,False,negative,neutral,neutral,neutral
do458md,/r/titlegore,5,0,1507543253.0,waynerooney501,False,neutral,neutral,neutral,neutral
do4cgbw,The kidnapper in the back looks pretty happy as well,2,0,1507557621.0,,False,positive,neutral,positive,positive
do4dwfp,Huh?,2,0,1507559486.0,SushiGato,False,neutral,neutral,neutral,neutral
do4g5sp,This made my day :),2,0,1507562122.0,Mithrandir87,False,positive,positive,positive,positive
do4l1de,What's the background story on this?,2,0,1507567381.0,,False,neutral,neutral,neutral,neutral
do4lf0c,This movment would the best movement of the police officer ..... ,2,0,1507567768.0,himpatel,False,positive,positive,positive,positive
do4m3oz,So. damn. photogenic. ,2,0,1507568469.0,Gingerstop,False,positive,negative,positive,positive
do4mra2,This picture transcends all barriers ,2,0,1507569142.0,H_Lon_Rubbard,False,positive,positive,positive,positive
do4o3a6,They have nice teeth. That third guy...unf,2,0,1507570474.0,xTopperBottoms,False,positive,positive,neutral,positive
do4sq9e,Context: http://indianexpress.com/article/india/his-smile-and-his-mothers-tears-of-joy-were-worth-the-effort-says-police-4881071/,2,0,1507575234.0,,False,neutral,neutral,positive,neutral
do4x105,that's our india,2,0,1507579663.0,mrsandycrafts,False,neutral,neutral,neutral,neutral
do5oai1,Photographer deserves extra kudos for the framing. ,2,0,1507611449.0,chupchap,False,positive,positive,positive,positive
do47g5w,The kid looks like a teenager shrunk to baby size.,3,0,1507549090.0,,False,negative,neutral,neutral,neutral
do46n0g,I don't want to ruin the mood but is there a source verifying this story?,2,0,1507547153.0,HarHarGange,False,neutral,negative,neutral,neutral
do44pfe,what a placeable picture,1,0,1507541640.0,,False,positive,positive,positive,positive
do45baw,Mint reply ,1,0,1507543483.0,kaythesis,False,neutral,neutral,positive,neutral
do45ey1,Good,1,0,1507543782.0,VikramArrowerse,False,positive,positive,positive,positive
do4633o,can confirm am thrilled,1,0,1507545689.0,ultimatemanan97,False,positive,positive,positive,positive
do47nwr,nice,1,0,1507549569.0,anik12345,False,positive,positive,positive,positive
do49594,Saved by the looks of that moustache India Stalin ,1,0,1507552522.0,Moses_The_Wise,False,neutral,neutral,neutral,neutral
do4bqtb,Hyderabads Finest.,1,0,1507556656.0,AngryIncel,False,positive,positive,positive,positive
do4d3x1,I read the guys shirt before I read the title and I thought it was Hyperbad City Police. Thought that city was lit AF.,1,0,1507558495.0,agsharp,False,positive,neutral,negative,neutral
do4doou,He looks like Freddie Mercury.,1,0,1507559218.0,Derptastrophe,False,neutral,neutral,neutral,neutral
do4ekrl,/r/faceswap anyone?,1,0,1507560302.0,charlie10vet,False,neutral,neutral,neutral,neutral
do4g1ri,"Beautiful picture, good way to start the day. Kudos to the cops.",1,0,1507561998.0,cowrakshak,False,positive,positive,positive,positive
do4g7s1,The baby gave the most needed encouragement,1,0,1507562183.0,DesiChamps,False,positive,positive,positive,positive
do4tqya,That made me smile. It's genuine happiness! ʘ‿ʘ,1,0,1507576310.0,MlleRed,False,positive,positive,positive,positive
do5sbx7,This is such a positive image. ,1,0,1507620023.0,masteryoda,False,positive,positive,positive,positive
do617x3,This is *fabulous*! He looks so cute and happy :3,1,0,1507640798.0,,False,positive,positive,positive,positive
do41bpw,"koe toh kuch acha kar rha hai!!
Jai Hind!!",0,0,1507532126.0,rainboww13,False,positive,neutral,neutral,neutral
do5hbo9,I thik Indian police officers are paid less and are made to do more ,1,0,1507602259.0,Lim_C137,False,negative,negative,neutral,negative
do43cy1,"The baby gave the most needed encouragement with that smile to do their work and experience the same kind of satisfaction always.


It's up to the cops how to take that",259,1,1507537594.0,phoenix993,False,positive,positive,positive,positive
do43y4c,"Yeah, much needed for a department where they have fear of Criminals as well. These kinda stuff always motivate them to do their best. ",36,1,1507539322.0,AudraMagnus,False,positive,neutral,neutral,neutral
do43ikc,"I am from Pakistan, and I agree.",82,1,1507538045.0,spacecadet04,False,positive,neutral,positive,positive
do43udt,And they all have perfect teeth ,11,1,1507539010.0,browninio88,False,positive,positive,positive,positive
do426xo,You mean it's nice to see people doing their jobs? What has the world come to,-31,1,1507534339.0,,False,negative,neutral,positive,neutral
do438wl,"> ""The most beautiful thing in the world is to see a child smiling. The next best thing is to know that you are the reason behind that smile.""

Is this a real quote, or something that you just felt like putting in quotes?",53,1,1507537267.0,Paranoid__Android,False,positive,positive,positive,positive
dply56h,I thought most beautiful thing in world were big bare titties,2,1,1510291920.0,MadChair,False,positive,positive,neutral,positive
do4bodg,[deleted],-7,1,1507556560.0,,False,neutral,neutral,negative,neutral
do3ydh8,"makes sense, it must be the baby that cracked the joke; because we all know cops don't have a sense of humor.",78,1,1507525745.0,ghantesh,False,negative,negative,neutral,negative
do3zd95,Or getting bemused by the flashing cameras around him.,11,1,1507527718.0,Guru42O,False,neutral,neutral,neutral,neutral
do4cc42,You thought I was a victim? I was just a kid napping!,6,1,1507557467.0,Welldunhotdogbun,False,negative,negative,negative,negative
do485a8,Maybe he just pooped in his pants and is very relieved,3,1,1507550614.0,,False,neutral,neutral,positive,neutral
do3zjk5,The baby read a funny tweet! ,-2,1,1507528074.0,socialcadabra,False,positive,positive,positive,positive
do48rfy,Can anyone decipher what the title is actually trying to say? I've been racking my brain on it for five minutes now.,18,1,1507551823.0,TheLadyPliza,False,negative,neutral,neutral,neutral
do4bx4c,"Agree. The title is Buzzfeed, the pic is not ",4,1,1507556903.0,,False,neutral,neutral,neutral,neutral
do409xg,look carefully,25,1,1507529663.0,chut_has_no_religion,False,neutral,neutral,neutral,neutral
do431ym,look once again.,2,1,1507536720.0,Notty_PriNcE,False,neutral,neutral,positive,neutral
do3ysxg,He didn't get the baby's joke. He'll laugh when he gets it don't worry. ,58,1,1507526571.0,6times9is42,False,neutral,neutral,positive,neutral
do3zuef,Kidnapping was his master plan.,7,1,1507528713.0,mxforest,False,negative,negative,neutral,negative
do44arr,Wants to know when the fucking cable guy is going to come back and fix the damn tv!  The wires! ,2,1,1507540398.0,nottreallyallthere,False,negative,negative,negative,negative
do4f1mw,Probably was one of the kidnappers who managed to evade capture,2,1,1507560849.0,BillNBandoh,False,neutral,neutral,neutral,neutral
do43r78,Thank you. I hope OP does the same and adds the source too.,2,1,1507538748.0,Jaykarus,False,positive,positive,positive,positive
do4hrzq,"I wonder why the baby was kidnapped? Ransom? It's so wonderful that he was rescued, but the fact that this happens at all is horrifying.",2,1,1507563903.0,me_jayne,False,negative,negative,positive,negative
do5rv6o,"[@AddlCPCrimesHyd's latest tweet](https://i.imgur.com/DzeAIHI.jpg)

[@AddlCPCrimesHyd on Twitter](https://twitter.com/AddlCPCrimesHyd)

-

^I ^am ^a ^bot ^| ^[feedback](https://www.reddit.com/message/compose/?to=twinkiac)",0,1,1507618835.0,twinkiac,False,neutral,neutral,neutral,neutral
do42po1,r/UpliftingNews/,13,1,1507535750.0,,False,neutral,neutral,neutral,neutral
do417ts,/r/aww,10,1,1507531856.0,,False,neutral,neutral,positive,neutral
do4ons4,Much needed.,3,1,1507571045.0,muffinopolist,False,positive,neutral,positive,positive
do4sr3e,http://indianexpress.com/article/india/his-smile-and-his-mothers-tears-of-joy-were-worth-the-effort-says-police-4881071/,3,1,1507575258.0,,False,neutral,neutral,positive,neutral
do48972,[removed],-8,1,1507550835.0,,False,neutral,neutral,negative,neutral
do48ktr,Maybe babies don't. ,8,1,1507551479.0,palgose,False,neutral,neutral,neutral,neutral
do4h0x8,Far from it.,-2,1,1507563083.0,TaazaPlaza,False,neutral,negative,neutral,neutral
do4bdry,wtf,5,1,1507556140.0,hazzoo_rly_bro,False,neutral,neutral,negative,neutral
do4rsb1,I want to downvote this comment... But I also want more people to see its weirdness. :\,2,1,1507574254.0,-mrs-dalloway-,False,negative,neutral,negative,negative
do4srlt,http://indianexpress.com/article/india/his-smile-and-his-mothers-tears-of-joy-were-worth-the-effort-says-police-4881071/,1,1,1507575274.0,,False,neutral,neutral,positive,neutral
do4c1hz,"I did too, until reading your comment. I thought maybe it was some perverse website that abducts children. 

Thanks for setting me straight. ",1,1,1507557067.0,crybannanna,False,negative,neutral,positive,neutral
do4sry6,http://indianexpress.com/article/india/his-smile-and-his-mothers-tears-of-joy-were-worth-the-effort-says-police-4881071/,3,1,1507575284.0,,False,neutral,neutral,positive,neutral
do489yg,"There you go.

Source: https://twitter.com/AddlCPCrimesHyd/status/916685135885377536",8,1,1507550879.0,imdungrowinup,False,neutral,neutral,neutral,neutral
do4894h,I can’t find it now but it’s on Hyderabad police official twitter account. ,3,1,1507550831.0,imdungrowinup,False,neutral,neutral,neutral,neutral
do4ss7d,http://indianexpress.com/article/india/his-smile-and-his-mothers-tears-of-joy-were-worth-the-effort-says-police-4881071/,1,1,1507575292.0,,False,neutral,neutral,positive,neutral
do4k1bk,Freddie had Indian heritage I believe.,4,1,1507566356.0,benbroady,False,neutral,neutral,positive,neutral
do6nm7c,Oh God No please!,1,1,1507664891.0,hipratham,False,negative,negative,negative,negative
do4e4n2,"Greating hearing of you being happy, but I doubt of something. Are those pictures really what a man needs in the long run? Do not confuse my interrogation for insult, I am wondering if internet users don't fall victim to the mind viruses of spectacle and forget about people in space-time who aren't flattened pictures of joy for easy eye-eating. Maybe you should stop such naivety in your labyrinthian heart of contradictions.",-75,2,1507559764.0,OTkhsiw0LizM,False,neutral,neutral,positive,neutral
do456jr,How does where you are matter here to agree? Just asking ,89,2,1507543077.0,kaythesis,False,neutral,neutral,neutral,neutral
do49zyi,"So liberal and cool, i wanna be like you.",-1,2,1507554004.0,,False,positive,positive,positive,positive
do43yhj,Except the baby. That mouth is dank.,9,2,1507539353.0,spiderspit,False,negative,negative,negative,negative
do42g5b,"They might done their job, but might not have been successful.",36,2,1507535019.0,_BolT_,False,negative,negative,neutral,negative
do42at5,">I actually try to avoid news because it’s just depressing most of the time
>what has the world come to

Exactly the point I was trying to make.",16,2,1507534624.0,bfj9000,False,negative,negative,negative,negative
do43k8d,"It's real:

""The most beautiful thing in the world is to see a child smiling. The next best thing is to know that you are the reason behind that smile.""
- lastexorcist",114,2,1507538182.0,wrong_droid,False,positive,positive,positive,positive
do47r2b,"""The most beautiful sound in the world, is the sound of a child's laugh. Unless it's 3AM, you're alone at home and you don't have any children""",33,2,1507549765.0,saadakhtar,False,positive,positive,positive,positive
do4p47e,"I had read it on Pinterest but that one had ""... is to see your children smiling""; so, I don't really know whether someone had actually used it in a speech or something like that. :/ 
",2,2,1507571508.0,lastexorcist,1507571754.0,neutral,neutral,neutral,neutral
do5mw5u,Would be the worst feeling for the pretty girl though. ,1,2,1507609190.0,,False,negative,negative,negative,negative
do3yvb7,Cops are at their humorous best when they find you on the wrong side of the law. ,54,2,1507526704.0,stickittothe,False,negative,neutral,neutral,neutral
do41sfr," bihar cops they crack the best jokes,let me tell you one rats did cocaine and finished all the wine",24,2,1507533295.0,Log_kia_kahingay,False,positive,negative,negative,negative
do429ei,[removed],-40,2,1507534519.0,,False,neutral,neutral,negative,neutral
do3zpfr,"Yeah, mostly that. Or perhaps the baby was generally relieved at the sight of some 'friendlier' faces. I am sure the kidnappers were not the kindest of folks- and babies are pretty quick with sensing danger. 
Who knows and who cares- I'll refrain myself from overanalysing this gem of a photo :)",6,2,1507528416.0,stickittothe,False,negative,neutral,positive,neutral
do4932r,"This image of police officers after rescuing a baby from kidnapping thrills the internet.

The capitalization threw me off there.  I was wondering if kidnapping thrills was some online terrorist organization or something.",35,2,1507552414.0,jsullyvan7,False,negative,neutral,negative,negative
do49wvg,Internet Thrilled by Image of Baby Smiling for Hyderabad Police Who Rescued Him from Kidnappers,14,2,1507553860.0,gin__wren,False,positive,positive,positive,positive
do44aym,"[oh yay, now rescue me from this picture.](https://i.imgur.com/CdI0sci.jpg)",27,2,1507540413.0,,False,positive,positive,positive,positive
do4ilc8,must be the typical pessimistic randia user.,2,2,1507564791.0,dbaaz,False,negative,negative,positive,negative
do4gu2u,The baby is roasting him.,3,2,1507562873.0,plarah,False,negative,negative,negative,negative
do3zvvp,With no survivors. ,6,2,1507528804.0,Not_a_kulcha,False,negative,negative,negative,negative
do5hmlx,Knowing the baby's mother was a beggar & the police worked hard to rescue him makes this all the more heartwarming. ,1,2,1507602594.0,tarball_tinkerbell,False,positive,negative,negative,negative
do4p7jc,OP is not asking about Taiwan,4,2,1507571603.0,aryanchaurasia,False,neutral,neutral,negative,neutral
do4rv2o,"I went through...I think 6 security checks in that 24-hour period and Hyderabad was a memory that will stay with me for the rest of my life, that guy needed to chill the fuck out.",3,2,1507574335.0,DRoadkill,False,negative,negative,neutral,negative
do5hx90,He was a parsi.,2,2,1507602910.0,salluks,False,negative,neutral,neutral,neutral
do4g3gt,r/iamverysmart,90,3,1507562051.0,taeiou,False,neutral,positive,neutral,neutral
do4jmbu,How's that thesaurus working out for you?,25,3,1507565919.0,,False,neutral,neutral,neutral,neutral
do4hb8l,I’m sorry for you fellow human. Seems like no one hugged you in your childhood. ,22,3,1507563394.0,silusilu,False,negative,negative,negative,negative
do4h2tk,SAT English dekar aaye ho kya ,25,3,1507563141.0,,False,neutral,neutral,neutral,neutral
do4gurg,Chup chutiye ,12,3,1507562895.0,,False,neutral,neutral,negative,neutral
do4jd28,why,4,3,1507565636.0,,False,neutral,neutral,neutral,neutral
do5dhqe,Just a troll. Let him be,2,3,1507598141.0,Biztalkever,False,negative,negative,neutral,negative
do4kofq,Shashi Tharoor is that you?,2,3,1507567016.0,peace_preacher,False,neutral,neutral,neutral,neutral
do4qwbv,Kehna kya chahte ho,1,3,1507573343.0,Insify,False,neutral,neutral,neutral,neutral
do5mswn,"So many words, no end result. ",1,3,1507609046.0,,False,negative,negative,positive,negative
do459n5,I’m from Australia and I agree,122,3,1507543337.0,,False,positive,positive,positive,positive
do46dxi,There's a lot of hate between Pakistanis and Indians on social media so when they show good will to each other they like to make it known that they're not so different after all.,70,3,1507546503.0,tig999,False,neutral,neutral,negative,neutral
do478f3,"I'm from IIT and I agree ^/s

*edit: so I guess it isn't implied here but anyways.  ",24,3,1507548594.0,mynickmychoice,1507553562.0,neutral,neutral,positive,neutral
do4awo3,"As a Pakistani from Pakistan, I agree. Here's your upvote good sir! 
EDIT: Wow! My first gold! Thank you kind stranger! Have a cookie!",7,3,1507555434.0,BODYCATCH,False,positive,positive,positive,positive
do43g49,Same here. It makes me feel like ratchagan movie hero. ,2,3,1507537844.0,rajasekarcmr,False,positive,neutral,positive,positive
do4497d,Lol.,19,3,1507540264.0,,False,neutral,neutral,neutral,neutral
do45pyf,-Albert Einstein,15,3,1507544672.0,smjh111,False,neutral,neutral,neutral,neutral
do4byqf,"Also - the worst sound is a child's laughter at 6a on a Saturday, when you realize he is not going back to sleep any time soon. ",8,3,1507556963.0,Paranoid__Android,False,negative,negative,negative,negative
do4v0a9,"Someone on randia once mentioned that you’re the grand dad of all Indian redditors (9 years old account). I decided to open your profile history and check your gilded comment section.

I still regret clicking on your gilded comment and the thread where it was gilded 😭",2,3,1507577610.0,indi_n0rd,False,neutral,negative,negative,negative
do4djfu,nice one bro.,1,3,1507559037.0,kiranbsravi,False,positive,positive,positive,positive
do42m5q,"u/_Xodus_ please show yourself out. 

All of us at randia are deeply disappointied in you",29,3,1507535479.0,ghantesh,False,negative,neutral,negative,negative
do49z2l,">Kidnapping Thrills

/r/bandnames",29,3,1507553961.0,Hingl_McCringleberry,False,neutral,neutral,neutral,neutral
do4lfwd,"This image of police officers, after rescuing a baby from kidnapping, thrills the internet.",2,3,1507567793.0,Old_Old_Wooden_Ship,False,neutral,positive,positive,positive
do4ioeb,"Ooooooh, from the title I thought there was a kidnapping syndicate in India called ""Thrill the Internet""",2,3,1507564882.0,watdoido1212,False,neutral,neutral,negative,neutral
do4gfve,Thank you my hero ,1,3,1507562438.0,Daynightz,False,positive,positive,positive,positive
do44oz5,Damn that pixelation makes it look creepy af,17,3,1507541604.0,,False,negative,negative,neutral,negative
do456e1,He probably did it. ,2,3,1507543065.0,VolatileBadger,False,neutral,neutral,neutral,neutral
do4950m,Needs more jpeg,2,3,1507552511.0,Ak-shay,False,neutral,neutral,neutral,neutral
do44biq,For you.,3,3,1507540459.0,,False,neutral,neutral,positive,neutral
do4gegd,"Yeah holy shit, this is the worst one I've seen in a while ",42,4,1507562395.0,,False,negative,negative,negative,negative
do53s7z,"Reminds me of the ""Friends"" episode when Joey uses a thesaurus to write a recommendation letter and to sound smart and ends up translating every word.  ",4,4,1507586760.0,penny-tense,False,neutral,positive,positive,positive
do5vimn,r/mainoxfordsehoon,1,4,1507629122.0,,False,neutral,neutral,neutral,neutral
do4jqyo,What is thesaurus?,2,4,1507566054.0,remain_unaltered,False,neutral,neutral,neutral,neutral
do45gup,How does where you are matter here to agree? Just asking ,44,4,1507543940.0,ravindra_jadeja,False,neutral,neutral,neutral,neutral
do47wiu,"Seems a bit like a desperate attempt, but I understand ",-19,4,1507550099.0,kaythesis,False,negative,negative,positive,negative
do47x5k,How do you know someone's from IIT? They will tell you ,15,4,1507550135.0,kaythesis,False,neutral,neutral,neutral,neutral
do5no4k,"Pehle angrej gold le gaye, ab tum le jao ...",4,4,1507610402.0,f03nix,False,neutral,neutral,neutral,neutral
do5okic,Did your gold get stolen or something?,2,4,1507611942.0,Froogler,False,negative,negative,neutral,negative
do4k9eh,Desperate try!,3,4,1507566583.0,remain_unaltered,False,negative,negative,negative,negative
do46og8,I'm pretty sure it was Adolf Hitler who said it.,13,4,1507547254.0,theknightwood,False,negative,neutral,neutral,neutral
do4bvbz,- Michael Scott,7,4,1507556831.0,itsJUSTsal,False,neutral,neutral,neutral,neutral
do4f199,I can live with laughter. Its the cranky colicky babies that scare me.,7,4,1507560836.0,,False,negative,negative,negative,negative
do6naaq,WHY MAN ?? WHY???,2,4,1507664550.0,hipratham,False,negative,negative,neutral,negative
do4csm5,You want exodus to leave? ,4,4,1507558085.0,alfredhelix,False,neutral,neutral,neutral,neutral
do45lnn,Enhance!,9,4,1507544328.0,,False,positive,positive,positive,positive
do4k463,"Newborn infant, thou-shalt-not afflict me.",8,5,1507566436.0,,False,neutral,neutral,neutral,neutral
do4rbxq,"    Friend of dinosaur.
Wait.. WTF",1,5,1507573788.0,phoenix993,False,neutral,negative,neutral,neutral
do5mqxo,"Its just like dictionary, instead of giving meanings if a word, a thesaurus gives words which have similiar meaning to the original word. ",1,5,1507608964.0,,False,neutral,neutral,neutral,neutral
do45n9l,[deleted],87,5,1507544456.0,,False,neutral,neutral,negative,neutral
do4cpkl,Australians and Indians are cricket rivals and this Aussie wants to show that he's a good cunt and thinks these people are good cunts too.,4,5,1507557969.0,alfredhelix,False,negative,negative,neutral,negative
do4befg,Are you super culturally insensitive or just being a dick to a stranger ?,51,5,1507556166.0,JamesPoundTown,False,negative,negative,negative,negative
do491yf,"You are at a party. There's someone from IIT there. How do you know? The IITian will come and tell you.

There's also someone from NIT at the same party. How do you know? The IITian will come and tell you. ",31,5,1507552359.0,Foureyedguy,False,neutral,neutral,neutral,neutral
do48ec1,Same thing.,5,5,1507551123.0,DuBBle,False,neutral,neutral,neutral,neutral
do5k73u,*shivers* at colic. ,1,5,1507605506.0,Paranoid__Android,False,neutral,negative,neutral,neutral
do4a00s,https://i.imgur.com/IQdHUmg.jpg,15,5,1507554007.0,Hingl_McCringleberry,False,neutral,neutral,neutral,neutral
do4lg4t,Bible!,3,6,1507567800.0,remain_unaltered,False,neutral,neutral,positive,neutral
do4q6uj,"Ah, the good ole Shakespeare in the park...",3,6,1507572615.0,,False,positive,positive,neutral,positive
do4s17k,The Saurus,1,6,1507574510.0,remain_unaltered,False,neutral,neutral,negative,neutral
do45yrr,"Chutiya samjha he ?

",54,6,1507545358.0,,False,neutral,neutral,neutral,neutral
do49xhi,I earn more than Rs. 1.6lpm and I agree.,7,6,1507553887.0,,False,positive,positive,positive,positive
do468q1,"How does where you are matter here to agree? Just asking

",6,6,1507546111.0,IndianAntiFa,False,neutral,neutral,neutral,neutral
do6vend,Nah I was just being a smart ass,1,6,1507673429.0,,False,neutral,neutral,neutral,neutral
do4ejwn,R/indianpeoplereddit,12,6,1507560274.0,lDamianos,False,neutral,neutral,negative,neutral
do4oj14,I am neither but I just felt this post and the person's appreciation does not need their nationality tag with it. I personally don't agree that if someone has hate towards another's country such nationality reference in any random context will help reduce anything. ,1,6,1507570913.0,kaythesis,False,negative,neutral,neutral,neutral
do49u9l,Seems like IITians ejaculate a lot at parties.,3,6,1507553739.0,brownprick,False,neutral,negative,neutral,neutral
dply3e8,"what about IIN
",1,6,1510291842.0,MadChair,False,neutral,neutral,neutral,neutral
do4ban1,The two were never photographed together. You know what *that* means...,9,6,1507556010.0,firelock_ny,False,neutral,negative,neutral,neutral
do62j40,"Cousin dropped by for a visit with her newborn, that baby cried non stop. Mum was up all night feeding gripe water and massaging his tummy and I was up running errands. I mean apparently the pediatrician's instructions were not to give the baby any water or trad medicines/only milk...dafq. I saw a gleam in mum's eyes, had we had some rum on hand she would have fed it to the kid in his milk. :|",1,6,1507642641.0,,1507652847.0,negative,negative,neutral,negative
do49hws,"Replying from Lund, Sweden. Nahi",29,7,1507553148.0,angrybong,False,neutral,neutral,neutral,neutral
do46q6q,"Mars, Pennsylvania.",30,7,1507547374.0,blitzkreig31,False,neutral,neutral,neutral,neutral
do483uc,Haan,2,7,1507550531.0,,False,neutral,neutral,positive,neutral
do4crts,😂😂😂😂😂😂,2,7,1507558055.0,redflame4992,False,neutral,neutral,neutral,neutral
do4mse1,Sahi pakde hain...,1,7,1507569174.0,V0ice0fReason,False,neutral,neutral,neutral,neutral
do619kr,I sell doorknobs and I agree as well.,2,7,1507640867.0,,False,neutral,neutral,positive,neutral
do6wpnu,I know I was just following the format of the meme. ,1,7,1507675007.0,alfredhelix,False,neutral,neutral,positive,neutral
do4ek2b,"You may have meant r/indianpeoplereddit instead of R/indianpeoplereddit.
 
 ---------------------------------------
 
 **Remember,** *I can't do anything against ninja-edits.*
 
 **What is my purpose?** I correct subreddit and user links that have a capital R or U, which are **unusable** on **PC** and **some apps.**",12,7,1507560279.0,Sub_Corrector_Bot,False,neutral,negative,neutral,neutral
do4bhdd,bad breakup?,9,7,1507556285.0,,False,negative,negative,negative,negative
do5p4m3,[Ahem.](https://imgur.com/gallery/NerhE),1,7,1507612966.0,PatterntheCryptic,False,neutral,neutral,neutral,neutral
do6bndk,ugh,1,7,1507652392.0,Paranoid__Android,False,negative,negative,negative,negative
do4bv5q,"An Indian in Lund is kinda unfortunate, but it had to happen someday",18,8,1507556824.0,,False,negative,negative,negative,negative
do46yz6,Lucknow ke aage kabhi gaya hai?,46,8,1507547981.0,FriendlyTrolling,False,neutral,neutral,neutral,neutral
do4h47g,Lmao good bot ,8,8,1507563182.0,,False,positive,positive,positive,positive
do4igok,"That will do bot, that will do :)",2,8,1507564649.0,Snoopyrun,False,positive,positive,neutral,positive
do4bj1e,There's a /r/WritingPrompts post in there somewhere.,4,8,1507556353.0,firelock_ny,False,neutral,neutral,neutral,neutral
do477ku,"Uske aage kyon, aaj tak Lucknow hi nahin gaya.",52,9,1507548542.0,blitzkreig31,False,neutral,neutral,neutral,neutral
