Comment ID,Comment Text,Comment Score,Comment Depth,Created Timestamp,Author,Edited,Semantic Label,Semantic Label 2,Semantic Label 3,Major_Semantic
drt4cda,"Unfortunately, she died at 21, an year after she returned back to India :(. Wikipedia doesn't mention the cause of death. ",303,0,1514355850.0,Budwiser86,False,negative,negative,negative,negative
drt2nyc,they moved across the world to pursue their dreams at a time when no one would have them.  true bravery.,537,0,1514352616.0,dickfromaccounting,False,positive,positive,positive,positive
drt3ruk,Dr. Tabat is rocking all that bling.,60,0,1514354690.0,OMGSPACERUSSIA,False,positive,positive,positive,positive
drt3cmi,Thanks for sharing this OP. Her [Wikipedia entry](https://en.wikipedia.org/wiki/Anandi_Gopal_Joshi) is so inspiring to read. To think she achieved all of this between the ages 9 to 21 amidst so many societal and health challenges.,162,0,1514353873.0,Froogler,False,positive,positive,positive,positive
drt2w3k,"Unfortunately like Ramanujan she too died young, of TB worsened by unfamiliar climate and diet. ",92,0,1514353027.0,ribiy,False,negative,negative,negative,negative
drtcbi3,"I remember watching a TV series about her life as a child!


I think it was called ""Anandi Gopal"" on DD ,and had a opening credits song along the same lines...
Did Girish Karnad play her husband?

I'm foggy on the details but I remember they get married via standard arranged marriage and then he hates her guts because he had no say in choosing her, she was uneducated, was docile and did her MIL's bidding etc. He then proceeds to teach her (against everyone's wishes and even her protests), gradually develops mutual respect and love,and then when she gets accepted in an American Medical school he forces her to go even when she's reluctant to cross the ocean and leave het family behind. Her life there is documented in the letters she writes him, the latter ones about how the cold has weakened her and then she passes away I guess.

Does anyone else remember watching this?",29,0,1514376747.0,snw2,False,neutral,neutral,neutral,neutral
drt2nct,"Just looking for a Tamil, Hindu, Brahmin, non-smoking, non-drinking vegetarian.          
(if you're white, that's also alright). ",224,0,1514352588.0,Not_a_kulcha,False,neutral,neutral,neutral,neutral
drtbntx,"Why is there no Indian movie about her? We have shitty movies about Dhoni, etc.",32,0,1514375023.0,tumseNaHoPayega,False,negative,negative,negative,negative
drtd3d7,"“An Indian woman, a Japanese woman, and a Syrian woman all walk into a bar” sounds like the beginning of a really good joke",24,0,1514378639.0,JAPANESE_MANWHORE,False,positive,positive,positive,positive
drt79cn,Thank you for sharing this picture. These women are trailblazers and role models.,11,0,1514362535.0,prabhjot23,False,positive,positive,positive,positive
drt310e,"Any guesses what place Seranysore would be?

Update: It's Serampore in West Bengal.",35,0,1514353276.0,SonOfQuoraJi,1514353546.0,neutral,neutral,neutral,neutral
drtaki0,"Sabat M. Islambouli (? - 1941) was one of the first Syrian female physicians.[1] She was a Kurdish Jew from Syria

https://en.wikipedia.org/wiki/Sabat_Islambouli",17,0,1514371991.0,KulinBan,False,neutral,neutral,neutral,neutral
drt596f,They have a school named after the Indian lady in my city. ,15,0,1514357784.0,AnotherSimpleton,False,neutral,neutral,neutral,neutral
drt8hw4,"I remember a watching TV series about Anandabai DD National every Saturday, I guess

Her story is truly inspiring :)",6,0,1514365958.0,prashantvc,False,positive,positive,positive,positive
drt8sls,When Sanskaar and Science went hand in hand.,7,0,1514366844.0,ultra_paradox,False,neutral,neutral,neutral,neutral
drt3vwx,Charlie's Angels?,18,0,1514354917.0,poopellar,False,neutral,neutral,neutral,neutral
drt7zzg,"Tokio, Japan? ",9,0,1514364539.0,dayhell,False,neutral,neutral,neutral,neutral
drt7mff,Perfect r/oldschoolcool material right here..,8,0,1514363511.0,jainswapnil52,False,positive,positive,positive,positive
drt8w0l,nice share,3,0,1514367125.0,,False,positive,positive,positive,positive
drtk0ar,Come on. Are we actually expected to believe that women can be doctors? What's gonna be next-a man on the moon? Give me a break.,3,0,1514389776.0,ej23,False,negative,negative,neutral,negative
drt8sii,Please x-post to r/oldschoolcool,5,0,1514366835.0,balls2you2,False,neutral,neutral,neutral,neutral
drt26oy,Asian POWER!!!!!,20,0,1514351777.0,TazKidNoah,False,positive,positive,positive,positive
drt42q8,[deleted],10,0,1514355295.0,,1549065466.0,neutral,neutral,negative,neutral
drt33w9,"Any of them go on to great successes? Or any follow up on the names?

Cool picture regardless. I assume they dressed in cultural attire specifically for the picture. ",5,0,1514353420.0,,False,positive,positive,positive,positive
drte9t5,"Thank you for sharing. It's a proud moment from Shushruta to this phenomenal lady , India has a glorious timeline in this field. ",2,0,1514381152.0,flyodpink,False,positive,positive,positive,positive
drtf3iq,http://xdl.drexelmed.edu/item.php?object_id=2373&search_param=subject&search_by=Racial%20and%20Ethnic%20Diversity&t=womanmd,2,0,1514382701.0,,False,neutral,neutral,neutral,neutral
drt519b,"SOmetimes i wonder how progressive and modern middle east was before US invasion , just look at syrian women in this photo, and now on TV. ",7,0,1514357302.0,lordaadhran,False,neutral,neutral,neutral,neutral
drt9j5d,OP's post sounds like the beginning of a joke,2,0,1514368991.0,The-White-Dot,False,negative,negative,negative,negative
drtd5bi,Wow it's a great trivia 😊 good to know,1,0,1514378762.0,sachin_ubale,False,positive,positive,positive,positive
drtdko2,RESPECT,1,0,1514379708.0,,False,neutral,positive,positive,positive
drteex2,Go birds ,1,0,1514381435.0,,False,neutral,positive,neutral,neutral
drteftq,Amazing photograph,1,0,1514381485.0,majoritics,False,positive,positive,positive,positive
dru4vhb,Were women even allowed to read then?,1,0,1514413653.0,,False,neutral,negative,neutral,neutral
dru67nk,This gets reposted every year.,1,0,1514415278.0,,False,neutral,neutral,negative,neutral
drtd2tt,r/oldschoolcool,1,0,1514378603.0,Vishal_Shaw,False,neutral,positive,negative,neutral
drtd5oh,"After reading the wiki, it seems like the only one of them who had a personal impact on their country's institutions and life was Kei Okami.",1,0,1514378784.0,TheYearOfThe_Rat,False,neutral,neutral,neutral,neutral
drtds7c,Was waiting for a punchline... ,1,0,1514380160.0,bigpotatojoe,False,neutral,neutral,negative,neutral
drti0m6,So when did they get to the bar?,1,0,1514387190.0,SasparillaTango,False,neutral,neutral,neutral,neutral
drtd5rq,... I came here thinking there was going to be a terrible/amazing bar joke somewhere.,1,0,1514378790.0,yosef_yostar,False,negative,neutral,negative,negative
drtfgpm,Sounds like the start of a really weird joke ,0,0,1514383330.0,Haziiyama96,False,negative,neutral,negative,negative
drt4fpn,[deleted],-4,0,1514356045.0,,False,neutral,neutral,negative,neutral
drt59ci,Did 'India' even exist in 1885 or was it called 'Hindustan' back then? I'm bad at history! ,-12,0,1514357795.0,Notthrowaway1302,False,negative,negative,negative,negative
drtbuax,"The way the sentence started, I thought this was going to be a joke.",0,0,1514375502.0,cartwig,False,negative,negative,negative,negative
drtf94v,I thought this was the setup for a good old offensive joke. I'm a horrible person.,0,0,1514382973.0,akarimatsuko,False,negative,negative,negative,negative
drt3anu,The time when syria had no arab influence.,-14,0,1514353769.0,,False,neutral,neutral,neutral,neutral
drtcjoc,really nice pic. feel proud to be an Indian,-1,0,1514377329.0,boardresult,False,positive,positive,positive,positive
drt8t9l,Far right looks like jimmy falon,-3,0,1514366896.0,,False,neutral,neutral,neutral,neutral
drtdq5s,"Syrians in USA have a long history , they used to have a quarter in nyc 
https://en.m.wikipedia.org/wiki/Little_Syria,_Manhattan .
The invention of icecream cones was made in there by a Syrian hand mr hamwei http://time.com/4288576/ice-cream-cone-history/ .
We had a lot of great Americans from Syrian descent like Jerry seinfeild , paula abdul ,wentworth miller and last but not least steave jobs . Full list here https://en.m.wikipedia.org/wiki/Category:American_people_of_Syrian_descent . ",0,0,1514380036.0,mgm007,False,neutral,positive,neutral,neutral
drtdz1o,Can we have one day a year where we all dress like how our ancestors did? We can call it heritage day and big corps can market it and make tons of money selling stuff like on halloween or Valentine's day? ,0,0,1514380555.0,sick_gainz,False,neutral,neutral,neutral,neutral
drtg37m,Sounds like the beginning of a joke. ,-3,0,1514384357.0,Kd0t,False,negative,negative,negative,negative
drtcfni,Woah. Women can be doctors?? Mind blown. Thank you op for opening my eyes. ,-4,0,1514377040.0,AmuelSadam,False,positive,positive,positive,positive
drtewnk,**Islam-bully** is a name or a subtle message?,-3,0,1514382362.0,lolochichi,False,neutral,negative,negative,negative
drt33xe,[deleted],-10,0,1514353422.0,,1520779257.0,neutral,neutral,negative,neutral
drt4qe1,Japanese one is really good looking. Man people were smart back then.indian one too has a killer look.😀😀😀,-15,0,1514356648.0,IamJatinbhutani,False,positive,positive,positive,positive
drt8dl4,The Japanese is a qt3.14,-10,0,1514365599.0,,False,neutral,neutral,neutral,neutral
drt9zdp,"Winter is marvelous. I want to twist up to some ocean shanties and mollusk chowder in winter, or go cod angling when it's frigid out and they are near shore ",-1,0,1514370298.0,monk232,False,positive,positive,positive,positive
drtf9rz,They look disgusting ,-8,0,1514383004.0,Allawishis,False,negative,negative,negative,negative
drth181,I feel like those wrappings would get in the way of medical practices. ,-4,0,1514385793.0,Chikenwangman,False,negative,negative,negative,negative
drt73vc,Training? They look like they're posing for a picture. ,-15,0,1514362154.0,mjkos,False,neutral,neutral,neutral,neutral
drt5gvs,The wikipedia article does say that she contracted tuberculosis in 1886 so I think it's fair to assume she died of it. [This](https://www.thequint.com/news/india/why-a-crater-on-venus-is-named-after-indias-dr-anandi-gopal-joshi) article states that tb is what claimed her life. So does [this](https://www.thebetterindia.com/10305/lesser-known-facts-behind-india-first-lady-doctor-anandi-joshi/) one.,156,1,1514358266.0,BhataktiAtma,False,neutral,neutral,negative,neutral
drt6dyy,I'm guessing it was tuberculosis.,25,1,1514360414.0,Anarchophobia,False,neutral,negative,negative,negative
drtbaa1,"
hmm ..maybe the inlaws :D
",-29,1,1514374003.0,controlmadness11,False,neutral,neutral,neutral,neutral
drt5xnf,"im just wondering, what a massive step it mustve been to move half away across the world in 1880's. food, people and culture is soo different. and its not like there were movies/ tv that help break culture barriers. she probably did not know anyone there, how would she have found a house and survived. so fascinating.",243,1,1514359333.0,pidge11,False,negative,neutral,neutral,neutral
drt9f67,"The Indian lady, Anandi Joshi was actively encouraged by her husband to study medicine. He even taught her English. You can't forget that",70,1,1514368677.0,DesiHobbes,1514371836.0,positive,positive,positive,positive
drtfhuz,Even more brave is that they came to Philadelphia. ,2,1,1514383385.0,PM_me_your_pastries,False,positive,positive,positive,positive
druwaq2,like,1,1,1514458214.0,kamasutrance,False,neutral,neutral,positive,neutral
drv1ks3,Like sunny leone,1,1,1514470222.0,deville05,False,neutral,neutral,neutral,neutral
drte8xk,"In the case of the Jap, it was during the Meiji restoration when they got rid of the death penalty for leaving japan. They began sending their people west to study in the hopes of modernizing japan. But yeah men are evil she’s a victim etc etc etc etc",-12,1,1514381103.0,plutrok,False,negative,negative,negative,negative
drt438d,"Got 'em tennis chains on and they real blingy (blingy)

Draco make you do the chicken head like Chingy (Chingy)",14,1,1514355322.0,less_is_moar,False,neutral,neutral,negative,neutral
drt8eqq,Needs. More. Bling,2,1,1514365696.0,,False,neutral,neutral,neutral,neutral
drtx6g3,ice on her neck ,1,1,1514404687.0,claireeeesh,False,neutral,neutral,negative,neutral
drt3ct8,"**Anandi Gopal Joshi**

Anandibai Gopalrao Joshi (Marathi: आनंदीबाई गोपाळराव जोशी) (31 March 1865 – 26 February 1887) was one of the earliest Indian female physicians. She was the first woman of Indian-origin to study and graduate with a 2 years diploma in medicine in the United States. She is also believed to be the first woman to set foot on American soil from India. She has many variations of spelling of her name, including; Anandibai Joshee and Anandi Gopal Joshee.

***

^[ [^PM](https://www.reddit.com/message/compose?to=kittens_from_space) ^| [^Exclude ^me](https://reddit.com/message/compose?to=WikiTextBot&message=Excludeme&subject=Excludeme) ^| [^Exclude ^from ^subreddit](https://np.reddit.com/r/india/about/banned) ^| [^FAQ ^/ ^Information](https://np.reddit.com/r/WikiTextBot/wiki/index) ^| [^Source](https://github.com/kittenswolf/WikiTextBot) ^| [^Donate](https://www.reddit.com/r/WikiTextBot/wiki/donate)   ^]
^Downvote ^to ^remove ^| ^v0.28",91,1,1514353884.0,WikiTextBot,False,neutral,neutral,neutral,neutral
dru5ubb,">She is also believed to be the first woman to set foot on American soil from India.

That's honestly crazy to think about",2,1,1514414826.0,,False,neutral,positive,positive,positive
drt87ud,Which one did?,7,1,1514365141.0,GameMasterJ,False,neutral,neutral,neutral,neutral
drtduzb,"> Did Girish Karnad play her husband?

Nah, it was someone else AFAIK.",3,1,1514380324.0,MusgraveMichael,False,neutral,neutral,neutral,neutral
drt4q9a,I got that reference!,23,1,1514356640.0,shktimaan,False,positive,positive,neutral,positive
drt6taw,Future Dogtor,11,1,1514361453.0,Macaulayputra,False,neutral,neutral,neutral,neutral
drt71t8,3meta5me,5,1,1514362017.0,FuriousFrodo,False,neutral,neutral,neutral,neutral
drt9d55,M E T A,1,1,1514368516.0,0aniket0,False,neutral,neutral,neutral,neutral
drt63uk,You forgot Aadhar!,1,1,1514359734.0,bs_dhani,False,negative,neutral,negative,negative
drtdufx,There was a really good TV drama about her in the 90s.,14,1,1514380293.0,MusgraveMichael,False,positive,positive,positive,positive
drtdpwe,https://www.reddit.com/r/india/comments/7mczx1/an_indian_woman_a_japanese_woman_and_a_syrian/drtcbi3/,5,1,1514380021.0,Traveledfarwestward,False,neutral,neutral,neutral,neutral
drtdmgy,"Ha! A critical thinker. 

I found him!",1,1,1514379818.0,hidflect1,False,positive,positive,neutral,positive
drtr8qr,[deleted],1,1,1514398117.0,,1568740931.0,neutral,neutral,negative,neutral
drt9evb,"Interesting, considering her name sounds maharashtrian",10,1,1514368654.0,0aniket0,False,neutral,positive,positive,positive
drtboav,Srirampur.,7,1,1514375061.0,tumseNaHoPayega,False,neutral,neutral,neutral,neutral
drt8b22,Charlie vidhayak hai hamare!,5,1,1514365390.0,JoPaji,False,neutral,neutral,positive,neutral
drt96vv,Mere tin anmol ratan,2,1,1514367998.0,PrashnaChinha,False,neutral,neutral,negative,neutral
drt7qcj,Lolz seems like it ,0,1,1514363805.0,two_side_of_coin,False,neutral,neutral,neutral,neutral
drt9e1f,"Must be Tokyo.

Romanised spellings of many non-European words hadn't been standardised in the 1800s. And even where they were standardised, they were often different from present-day conventions. E.g., Hindu vs Hindoo, Kanpur vs Cawnpore etc.",17,1,1514368588.0,Lo-heptane,False,neutral,negative,neutral,neutral
drv9exp,"Old, dumb anglicised romanized spellings.

Just like Dilli became Delhi, Beijing became Peking and so on.",1,1,1514480084.0,,False,negative,negative,negative,negative
drt2hfj,As taught by American doctors. ,53,1,1514352294.0,ld43233,False,neutral,neutral,neutral,neutral
drtfuso,Is this necessary on every post about medical school?,5,1,1514383989.0,weedarmadillo,False,neutral,neutral,neutral,neutral
drt7n9h,She had to fight a hell lot of shitty people to reach there so her fierce expression is quite natural I guess.,8,1,1514363576.0,sinsan01,False,negative,neutral,neutral,neutral
drt48b9,"Sometimes I also get called 'fierce' but I just have a resting bitch face, no grit and shit. 

Edit: Ooh, someone got offended real hard. Keeping judging people by their photos you fucks. ",12,1,1514355615.0,less_is_moar,1514361019.0,negative,negative,negative,negative
drt7lz6,Anandibai completed her medical degree but she died soon after due to some illness. We had a chapter based on her back in school so don't remember clearly now. Wikipedia should have more details.,12,1,1514363479.0,sinsan01,False,negative,negative,neutral,negative
drtalne,"SOmetimes i wonder how progressive and modern middle east was before ~~US~~ Saudi petrodollar invasion , just look at syrian women in this photo, and now on TV.

FTFY",12,1,1514372085.0,harshacc,False,neutral,negative,neutral,neutral
drt6otw,"That has nothing to do with the freedom of women. US invaded because oil was about to be sold in currencies other than USD. And they took oil instead of monetary reparations. While women were restricted by their own religious extremists, which might or might not have served US interests",26,1,1514361149.0,euphemism_illiterate,False,negative,negative,negative,negative
drtbhbq,"It probably started with post ww1 dividing up of the lands by western Allied forces, and possibly even before with the divide and conquer techniques used by people like Lawrence of Arabia in order to promote uprising in the locals... Arab uprising against ottoman rule etc. The US got there later, but I imagine they've not really helped the situation... ",6,1,1514374536.0,Mpek3,False,negative,neutral,negative,negative
drte2jp,"The Syrian woman was Jewish, who are comparatively more progressive. Eg. Indian cinema was dominated by Jewish women in it's earlier years.",3,1,1514380756.0,,False,neutral,neutral,neutral,neutral
drtdq53,Tribalism wrecks everything.,0,1,1514380035.0,hidflect1,False,negative,negative,negative,negative
drtl0ms,"Now, I was thinking fish lately
",2,1,1514391001.0,Adamskinater,False,neutral,neutral,neutral,neutral
drt4o3h,"An Indian woman, Japanese woman and Syrian woman walked into a bar. They enjoyed few drinks, had a good time and went to home.  ",21,1,1514356520.0,buggs_bunnee,1514356728.0,positive,positive,positive,positive
drt8km1,The majority of the Indian subcontinent was part of the British Empire as the ‘Raj’ at the time.,8,1,1514366180.0,Bubbles7066,False,neutral,neutral,neutral,neutral
drt9r6q,"Hindustan is a colloquial term, meaning anything from just the Indo-Gangetic plains to the entire sub continent. Anandibai's passport would've said British India, Indian Empire like [so](https://i.pinimg.com/originals/6e/e9/98/6ee998251a4966f52f6d1dbb77bd5e75.jpg). ",3,1,1514369643.0,ironmenon,1514370458.0,neutral,neutral,neutral,neutral
drtqtfc,"The name India comes from the river Indus. Ancient Indians called it Sindhu (name of Sindh province in modern Pakistan also comes from it), Persian made it Hindhu and from them Greeks made it Indu. The name India is know to the Western world since antiquity. 

Also the official name was [India or Indian Empire (1901 map of religions)](http://i.imgur.com/YoftYm7.jpg). Queen Victoria was Empress of **India**. Her full title was *By the Grace of God, of the United Kingdom of Great Britain and Ireland Queen; Defender of the Faith;* **Empress of India**",1,1,1514397652.0,Noor-E-Khuda,1514401683.0,neutral,neutral,neutral,neutral
drv998d,"That's like saying France didn't exist until it was named ""Fifth French Republic"".",1,1,1514479903.0,,False,neutral,neutral,negative,neutral
drt9n3a,Don't know why you are being downvoted... This is a genuine question. Since when did India was started to be referred as India?,1,1,1514369311.0,,False,negative,neutral,negative,negative
drt57ly,"Pre-7th century, you mean? This is from 1885.",16,1,1514357688.0,nik1729,False,neutral,neutral,neutral,neutral
drtbie3,You mean a country that had been Muslim for over a 1000 years? ,9,1,1514374614.0,Mpek3,False,neutral,neutral,neutral,neutral
drten7u,"Arabs were at the forefront of enlightenment and scientific discovery in the early middle ages.  
you are confusing them with the salafist. The saudi invention.",3,1,1514381882.0,MusgraveMichael,False,neutral,neutral,negative,neutral
drtbw43,"Maybe you meant Salafist Islam influence. Syria was pretty, westernized, liberal and non-religious until recently.",3,1,1514375636.0,anupbabu,False,neutral,neutral,neutral,neutral
drt3uud,">That amount of cloth can cover an entire street of men.

Women's clothing covered the entire body, and even the glimpse of an ankle was scandalous.I guess hands and face were obvious exception but then again a lot of women's hats had veils in this era",9,1,1514354858.0,harshacc,False,negative,neutral,negative,negative
drtb7qm,"TB was the cancer of the that era and till 50s I think.   
I think there is a raj kapoor film in which he had TB. And it was considered terminal.",28,2,1514373802.0,MusgraveMichael,1514379923.0,negative,negative,negative,negative
drtj9zr,What makes you say that?,2,2,1514388855.0,,False,negative,negative,neutral,negative
drt636f,Once you step out of comfort; nature embraces your courage ,121,2,1514359691.0,bs_dhani,False,neutral,positive,positive,positive
drtgmsl,"You have to remember that Britain controlled India before that time. She is probably coming from money with a good education; not unreasonable to think that she was likely taught english abroad etc. 

1885 wasn't like the fucking bronze ages ",11,2,1514385196.0,threetogetready,False,neutral,negative,negative,negative
dru3d33,Especially from Japan,1,2,1514411839.0,SinkLeakOnFleek,False,neutral,neutral,positive,neutral
drtf8rm,People weren't such gigantic pussies back then. ,2,2,1514382955.0,00000000000000000099,False,negative,negative,neutral,negative
drtbm57,"Damn, she died really young at 21, just after returning to India.",25,2,1514374898.0,NaoYuno,False,negative,negative,negative,negative
drtgfyh,There are husbands/families in India today that are strictly the opposite. Sad.,8,2,1514384907.0,SilentSaboteur,False,negative,negative,negative,negative
drtack9,">  He even taught he English.

You need to marry him.",-12,2,1514371350.0,web_client,False,neutral,positive,neutral,neutral
drth81u,You seem to have an imaginary dialogue running in your head. ,2,2,1514386073.0,,False,negative,negative,neutral,negative
drtmfif,Who said men are evil? ,1,2,1514392671.0,,False,negative,negative,negative,negative
drt69d6,"*21*

*21*",6,2,1514360104.0,ronnicxx,False,neutral,neutral,neutral,neutral
drt926w,you are in r/india. which one do you think is being referred to? ,37,2,1514367620.0,rdbcasillas,False,neutral,neutral,neutral,neutral
drt56id,"Infrequent Randian here, what's the reference?

Edit: Oh shit, just saw the post below this. WTF",16,2,1514357621.0,hotgarbagecomics,1514358304.0,neutral,negative,negative,negative
drt9879,Can you care to explain? Please? ,8,2,1514368107.0,mjaga93,False,neutral,neutral,neutral,neutral
drteeqp,Ration card chalega ?,1,2,1514381424.0,shareef_3,False,neutral,neutral,positive,neutral
drteed8,Nice. I'm going to watch it.,4,2,1514381403.0,tumseNaHoPayega,False,positive,positive,positive,positive
drtr8wd,"**Rukhmabai**

Rukhmabai (22 November 1864 - 25 September 1955) was an Indian physician and feminist. She is best known for being one of the first practicing women doctors in colonial India as well as being involved in a landmark legal case involving her marriage as a child bride between 1884 and 1888. The case raised significant public debate across several topics, which most prominently included law vs tradition, social reform vs conservatism and feminism in both British-ruled India and England. This ultimately contributed to the Age of Consent Act in 1891.

***

^[ [^PM](https://www.reddit.com/message/compose?to=kittens_from_space) ^| [^Exclude ^me](https://reddit.com/message/compose?to=WikiTextBot&message=Excludeme&subject=Excludeme) ^| [^Exclude ^from ^subreddit](https://np.reddit.com/r/india/about/banned) ^| [^FAQ ^/ ^Information](https://np.reddit.com/r/WikiTextBot/wiki/index) ^| [^Source](https://github.com/kittenswolf/WikiTextBot) ^| [^Donate](https://www.reddit.com/r/WikiTextBot/wiki/donate)   ^]
^Downvote ^to ^remove ^| ^v0.28",2,2,1514398122.0,WikiTextBot,False,neutral,neutral,positive,neutral
drtb990,"She is maharashtrian.   
My mum used to watch a drama about her in late 90s. Definitely maharashtrian.",11,2,1514373924.0,MusgraveMichael,False,neutral,neutral,neutral,neutral
drutlij,"The Wikipedia article on her is worth a read, do so if you have the time and enjoy such stuff!",1,2,1514450370.0,SonOfQuoraJi,False,positive,positive,positive,positive
drta6ue,"https://static01.nyt.com/images/2015/09/01/blogs/01iht-oldsept01-tokyo2/01iht-oldsept01-tokyo2-blog480-v2.png

Wasn't just the 1800s either",2,2,1514370893.0,Nieunwol,False,neutral,neutral,neutral,neutral
drtxzd5,"That's interesting, thanks! ",1,2,1514405617.0,dayhell,False,positive,positive,positive,positive
drt35ob,Asian power when we flee to gora-land lmao ,35,2,1514353510.0,willyslittlewonka,False,neutral,neutral,neutral,neutral
drtcbxu,[deleted],-5,2,1514376780.0,,False,neutral,neutral,negative,neutral
drtdwq5,"yep, her relatives.   
Her husband was her driving force.",3,2,1514380424.0,MusgraveMichael,False,neutral,neutral,neutral,neutral
drtm6b8,Thanks I'll check it,1,2,1514392369.0,,False,positive,positive,positive,positive
drtli19,cuz her eyes are so far apart?,1,2,1514391579.0,,False,neutral,neutral,neutral,neutral
drtd7b2,Yes.... I am content now.,6,2,1514378886.0,yosef_yostar,False,positive,positive,positive,positive
drts6is,"""Raj"" was not a country. It means ""rule"" in Hindi. Queen Victoria was the Empresses of India not Empresses of Raj (full title posted below -By the Grace of God, of the United Kingdom of Great Britain and Ireland Queen; Defender of the Faith; **Empress of India**) The name was India. Hindustan or Hindoostan was also the name. Check some older 18th century maps of James Rennell, the ""Mogul"" Empire and ""Hindoostan"" is used. Also it didn't mean the religion. It meant all the native people of India (Hindustanis). *The Hindu* newspaper also comes from that. In the 1920 census of the US Indians, regardless of their religion, were referred as ""Hindus""",3,2,1514399146.0,Noor-E-Khuda,False,neutral,neutral,neutral,neutral
drta4zq,But what were we known as a country which included Pakistan and Bangladesh? AFAIK it was Hindustan. ,1,2,1514370741.0,Notthrowaway1302,False,neutral,neutral,neutral,neutral
drtcefb,Woahh! Good find. Really need to figure out more about Indian history which given the current days I've been bothered to dig in to. ,3,2,1514376952.0,Notthrowaway1302,False,positive,positive,positive,positive
drta5q6,Welcome to r/India here people have no idea what the question is and if I genuinely need an answer?,7,2,1514370798.0,Notthrowaway1302,False,negative,negative,positive,negative
drtbleq,"Its named after the the Indus river, which flows through present day Pakistan.  The people of the area were known as Hindus, although afterwards that came to identify followers of the religion, so nationals then became hindustanis. With the area known as hindustan. India is most likely an English variation of the name.... Or something like that. ",4,2,1514374844.0,Mpek3,False,neutral,neutral,neutral,neutral
drtsh9m,Since antiquity.,1,2,1514399469.0,Noor-E-Khuda,False,neutral,neutral,neutral,neutral
drv9597,"Back when Greeks and Achaemenid Persian Empire made contact with the Vedic kingdoms that ruled northern India.

Sindhu river (which was near Indo-Persian border) was Hindhu and Hindoz in Old Persian, which became Indos in Greek, and eventually Indus in Latin. And the land it flowed on and beyond was India to the Greeks. The name stuck.

And the Indian name for India is Bharat, which has been around since 12th century BCE.",1,2,1514479780.0,,False,neutral,neutral,negative,neutral
drtdi2u,Yup. It was Aah with Raj Kapoor and Nargis ,9,3,1514379551.0,timber_derp,False,neutral,neutral,positive,neutral
drtgmuj,"Muhammad Ali Jinnah, founder of Pakistan died in 1948 with TB. It was very prevalent in the Indo-Pak subcontinent. ",5,3,1514385198.0,AirWoof,False,negative,negative,negative,negative
drthrui,Cancer was still present at that time. Just that people died more often from other diseases.,4,3,1514386854.0,tool_of_justice,False,negative,negative,negative,negative
drtu1i7,Cancer is not as common and can never be as common as TB was,5,3,1514401149.0,ImpatientOptimist47,False,negative,negative,negative,negative
drtnbn1,Cholera before that.,2,3,1514393708.0,deleted_007,False,neutral,neutral,negative,neutral
drtu3ft,It was very common during those days. A lot of famous people died because of it.,2,3,1514401210.0,ImpatientOptimist47,False,negative,negative,neutral,negative
drt6y98,I wish somebody got that memo to my Indian ex. She hated America and complained about us and our winter constantly.,51,3,1514361776.0,martini29,False,negative,negative,negative,negative
drtgozz,Holy shit /r/getmotivated that shit,1,3,1514385291.0,AceOBlade,False,negative,negative,negative,negative
drun7lw,"> Once you step out of comfort; nature embraces your courage

gud one bro.",1,3,1514437553.0,kiranbsravi,False,positive,positive,positive,positive
drtp8s8,"According to Wikipedia, she wasn't from a rich family. Her husband was a clerk, who encouraged her to learn English. Her education abroad was crowd sourced.",8,3,1514395894.0,___starlord,False,neutral,neutral,neutral,neutral
drtcrrs,how are people still not able to recognise typos?,11,3,1514377875.0,,False,negative,negative,negative,negative
drtairp,Autocorrect. Quit being a dick.,21,3,1514371850.0,DesiHobbes,False,negative,negative,negative,negative
drt6oal,I got one two three four five six seven eight M's in my bank account,7,3,1514361111.0,less_is_moar,False,neutral,neutral,negative,neutral
drtgftp,"In my mind, I'm in r/all ",22,3,1514384902.0,ReiBob,False,neutral,neutral,neutral,neutral
drti7pi,Until now I thought I was in /r/oldschoolcool,12,3,1514387468.0,wegwerpworp,False,neutral,neutral,negative,neutral
drtbwi1,Yeah wtf,4,3,1514375664.0,abstergofkurslf,False,negative,negative,negative,negative
drtq1sl,https://www.reddit.com/r/india/comments/7mcbwc/white_is_right/,4,3,1514396810.0,Aaron_Ramasamy,False,neutral,neutral,neutral,neutral
drtevi1,Of course ,1,3,1514382304.0,bs_dhani,False,neutral,neutral,neutral,neutral
drtei8i,90s were a great time for good indian TV and art house movies.,3,3,1514381618.0,MusgraveMichael,False,positive,positive,positive,positive
drtb8je,"Wasn't just the 1900s either. 'Tokio' is the preferred romanization in several European languages including Spanish and German, even today. ",7,3,1514373868.0,nik1729,False,neutral,neutral,neutral,neutral
drv9h17,...What are you even defending here? Why so uppity? :?,1,3,1514480145.0,,False,negative,negative,negative,negative
drttdi5,"I'll happily upvote that, seems far more detailed than my answer. I stand corrected!",1,3,1514400423.0,Bubbles7066,False,positive,positive,positive,positive
drtsg4l,"Pakistan as a concept was conceived in 1930s. It was a part of India (and Hindustan, which can be used interchangeably). ",2,3,1514399435.0,Noor-E-Khuda,False,neutral,neutral,neutral,neutral
drtboeg,"I guess it depends on where you are in the world for this answer! I know in the UK it would be considered the Raj but I guess in other places Hinduistan might be applicable. However I’m pretty sure Hinduistan has been used often to divide the lines between Muslim and Hindu dominated areas, and with the at the time unpartitioned land I’m not sure how applicable Hinduistan would be.",0,3,1514375069.0,Bubbles7066,False,neutral,neutral,neutral,neutral
drtamvl,Found the Drew Carey fan,1,3,1514372183.0,harshacc,False,neutral,positive,neutral,neutral
drtcg6t,"This makes sense, thanks!",1,3,1514377078.0,Notthrowaway1302,False,positive,positive,positive,positive
drusvx1,Reasons why it was so. AFAIK TB is not contagious. Did it have anything to do with the fact that many Indians used to drink home-made liquor ?,1,4,1514448554.0,JamieNoble03,False,neutral,neutral,negative,neutral
drtk8mu,[removed],0,4,1514390062.0,,False,neutral,neutral,negative,neutral
drt7lzc,"Do you know how many times the news station used the world cold? Honestly, I'm American and I hate the winter! ",37,4,1514363479.0,ReallyLikesRum,False,negative,negative,negative,negative
drt9mzb,"Moved to bangalore. I fucking hate it when its cold. Couple of years back, (I was up north then, in the colder part of bangalore), and my hands would never warm up completely. ABSOLUTELY HATED IT.",4,4,1514369302.0,The_0bserver,False,negative,negative,negative,negative
drtgyfx,Already subscribed ,1,4,1514385678.0,bs_dhani,False,positive,neutral,neutral,neutral
drurraq,Thanks Bro.,1,4,1514445799.0,bs_dhani,False,positive,positive,positive,positive
dryc00r,Education was not available for masses back then. She is probably from upper caste inferring from her surname. ,1,4,1514643978.0,,False,negative,negative,neutral,negative
drtj43r,i miss the days when people still had a sense of humor,0,4,1514388645.0,web_client,False,neutral,neutral,negative,neutral
drtdaq3,I skim read everything. I really need to focus and read something I write several times to check for typos. The worst one is you instead of your. Lots of us don't have to write for a living.,-3,4,1514379098.0,FF709,False,negative,negative,neutral,negative
drth33h,Quit being so sensitive.,-1,4,1514385871.0,,False,negative,negative,positive,negative
drtj2a2,"> Quit being a dick.

Quit being on the internet then",-1,4,1514388582.0,web_client,False,negative,negative,negative,negative
drt7qgp,"Yeah, in my bank account
. Yeah, in my bank account.

I got one two three four five six seven eight shooters ready to gun you down...",4,4,1514363814.0,ronnicxx,False,neutral,neutral,neutral,neutral
drtnjme,Well then you are lost!,4,4,1514393965.0,scottdawg9,False,negative,negative,negative,negative
drtqo9t,"Oh wow! Our people are taking caste along with them like a luggage even when they migrate to other countries. Just wow! Now I wish I never saw this post. Anyways, thanks for the link bro! மிக்க நன்றி! ",5,4,1514397493.0,mjaga93,False,negative,negative,positive,negative
drtg2gr,"And it was Edo only 17 years earlier, so the U.S. was not standardized on their spelling yet. ",1,4,1514384325.0,ajokestheresomewhere,False,neutral,neutral,neutral,neutral
drtcf3h,Who's Drew Carey? What's the relation here? Don't ask me to Google! ,1,4,1514377000.0,Notthrowaway1302,False,neutral,neutral,neutral,neutral
drtdvq5,"No worries, Happy 27th December! ",1,4,1514380368.0,Mpek3,False,positive,positive,positive,positive
drut8b4,Don't know how much if at all he drank. But Jinnah was known for chain smoking. ,1,5,1514449423.0,AirWoof,False,neutral,neutral,neutral,neutral
drt7qsl,"Winter is awesome. I love to curl up to some sea shanties and clam chowder in winter, or go cod fishing when it's freezing out and they are close to shore",24,5,1514363837.0,martini29,False,positive,positive,positive,positive
drtdru4,Atleast you don't have the the hellish fog(smog now is it?) we get in delhi.,1,5,1514380137.0,MusgraveMichael,False,negative,negative,negative,negative
drtlhk5,"I'm visiting blore from Seattle and compared to Seattle's below freezing temps, Bangalore is fucking amazing!",1,5,1514391564.0,borgchupacabras,False,positive,positive,positive,positive
drtjabl,me too,3,5,1514388868.0,,False,neutral,neutral,neutral,neutral
drte1ba,"i think you misunderstood- that guy was criticising the other guy's english, implying he didn't know what he was saying, when it was clearly just a typo ",2,5,1514380685.0,,False,negative,negative,negative,negative
drt7zgr,"Ready to gun you down, yeah 

Ready to gun you down, yeah 

Seventy-five hunnid on a Saint Laurennnnn jacket

Bitch, be careful where you dumpin' yoooo ashes",3,5,1514364500.0,less_is_moar,False,neutral,negative,neutral,neutral
drto6xe,"This is the end for you, my Master.",4,5,1514394699.0,ReiBob,False,neutral,negative,negative,negative
drtr5q3,Exactly. I see a lot of people trying to make friends from their caste. Ena panradhu it's deep rooted,3,5,1514398024.0,Aaron_Ramasamy,False,neutral,neutral,negative,neutral
drtcxk5,"[Drew Carey's Whose Line is it Intro](https://www.youtube.com/watch?v=AIZXvcFkX0A)

I thought you were channeling your Drew Carey and his opening line to the show is always that

It spewed a few memes like [This](http://i3.kym-cdn.com/photos/images/newsfeed/000/508/892/d04.jpg)",1,5,1514378263.0,harshacc,False,neutral,neutral,negative,neutral
drtj3gi,Happy almost weekend! ;),1,5,1514388623.0,Notthrowaway1302,False,positive,positive,positive,positive
drtax25,"Yeah, I'd have no problem giving those things up to avoid freezing weather. ",26,6,1514372998.0,dexmonic,False,positive,positive,positive,positive
drtawj9,My dream is to move to some coastal town in New England someday.,5,6,1514372958.0,FuchsiaMamba,False,positive,positive,neutral,positive
drtdij7,"Indians aren't made for the winter buddy.Give me sweltering heat any day of the week rather than freezing cold.Our bodies do not have any experience processing cold, unless you are one of those rare few from places near the Himalayas",10,6,1514379579.0,harshacc,False,negative,negative,neutral,negative
drtp6rj,"I would suppose so. In my case, I lived most of my life in Goa. Very close to the beach. So, its been super hot and humid all year round. When I compare to that (which is what my body is completely used to), bangalore has issues. During the day though, Southern Bangalore (which is where I'm at now) is nice.. :)   (I kinda still miss the humidity though)",3,6,1514395831.0,The_0bserver,False,neutral,neutral,neutral,neutral
drth5n7,Yeah but it was a good opportunity to tease him given the reference to teaching English. Why are people so sensitive about writing/typingcorrections?,0,6,1514385975.0,,False,negative,neutral,neutral,neutral
drtlzb3,I am officially too old for hip-hop.,2,6,1514392143.0,cholantesh,False,negative,negative,neutral,negative
drv9jkm,It's treason then.,1,6,1514480221.0,,False,negative,negative,negative,negative
drtrzj7,Yup. But one of the weapons that can uproot it is in the second half of your name :) ,1,6,1514398934.0,mjaga93,False,positive,neutral,neutral,neutral
drtdagu,Hahaha.. no man but I wish I was!! ,1,6,1514379081.0,Notthrowaway1302,False,positive,positive,neutral,positive
drtfqm6,you're crazy,3,7,1514383798.0,doug4130,False,negative,negative,negative,negative
drtu6ex,"[It's 2017](https://www.youtube.com/watch?v=b2JO-i2aPs8) [though, who doesn't love a nice](https://www.youtube.com/watch?v=Pla7nDYciI4) [Sea Shanty](https://www.youtube.com/watch?v=iPAr7kL-mmg)?

Be a real Sailor. Live in seaside pubs with distressed wood furnishings and thick smoke in the air. A bowl of Clam chowder and a pint of ale keeping you warm through the frigid months",2,7,1514401302.0,martini29,False,neutral,positive,negative,neutral
drte3oz,[deleted],6,7,1514380820.0,,1552335397.0,neutral,neutral,negative,neutral
drtnnby,speak for yourself dude... I know plenty of Indians (including me) who  love the cold weather,4,7,1514394081.0,qroshan,False,positive,positive,neutral,positive
drtwxb7,Kashmiri master race reporting. I prefer cold weather myself. You can always add layers. But Delhiin may/June  ? There are only so many layers of clothes that you can take off.,2,7,1514404401.0,cow_balak,False,neutral,neutral,neutral,neutral
drtdsbf,People up north are.,2,7,1514380167.0,MusgraveMichael,False,neutral,neutral,neutral,neutral
drtu6zt,Humans races aren't species man. Indians can deal with the cold just as well as us Irishmen an deal with the heat,1,7,1514401321.0,martini29,False,neutral,neutral,neutral,neutral
drtv04x,"the second half of my name comes from a great man called Periyar E.V. Ramasamy and that is all I got to say :P

",2,7,1514402221.0,Aaron_Ramasamy,False,positive,positive,positive,positive
drttred,"Eww why would you wanna live with all the white trash down south.

New England is basically the UK with different accents and more diversity, The American South is Iran but they speak english",-1,8,1514400844.0,martini29,False,negative,negative,neutral,negative
drtrrjs,"Same here    
Loving the winter but hating the pollution",1,8,1514398688.0,Hitesh0630,False,negative,positive,positive,positive
drtug7b,Same here. Can't stand the heat at all. Will rather live in 0 C than go out and face summer heat.,1,8,1514401601.0,nejcyborg,False,negative,negative,negative,negative
dt2435j,There’s no such thing as an Indian race...,1,8,1516626130.0,TheGreatBhakti,False,negative,negative,negative,negative
drtu9pp,"I want to live where the temperature changes aren't so extreme and where the cold months are milder. I would much prefer heat and humidity over dry and cold.

Also, what makes you call them all white trash? If we're going to be generalizing, there's plenty I can say about us New Englanders.",1,9,1514401404.0,Subpxl,False,neutral,negative,neutral,neutral
drubn60,"Yeah, pollution is such a big factor. Spent most of my childhood in Delhi and Chennai. I like cold weather but the pollution in Delhi put me off, can't really say which city I prefer. 

Currently rocking it at -20C in Minnesota. I'll go out on a limb and claim that clean air and environment still makes up for the harsh winters here. ",1,9,1514422180.0,mon_iker,False,negative,negative,positive,negative
drtuj7o,"Generalizing aside, when I was down south in The Navy I was horrified at the popular culture down there. Always driving trucks and making casually racist comments, thinking that pollution is no big deal while preaching the bible at the same time. It gave me a very poor taste",1,1,1514401694.0,martini29,False,negative,negative,negative,negative
drtvvfb,It's understandable why those things bother you. It would definitely require some social adjustment.,1,2,1514403214.0,Subpxl,False,negative,neutral,positive,neutral
