Comment ID,Comment Text,Comment Score,Comment Depth,Created Timestamp,Author,Edited,Semantic Label,Semantic Label 2,Semantic Label 3,Major_Semantic
e1jf3sx,"Funny comments aside, it's actually a great pic. The composition, the lighting and the pose of the ~~cow~~ Gau mata is spot on",1118,0,1530334879.0,Bowiefanzy,False,positive,positive,positive,positive
e1jhw8s,Dont catch you slippin now,639,0,1530339575.0,awesomevsauce,False,negative,neutral,positive,neutral
e1jg0dh,Disclaimer : this pic belongs to Nat Geo. ,276,0,1530336300.0,Lowcrbnaman,False,neutral,neutral,neutral,neutral
e1jfgof,[deleted],265,0,1530335434.0,,1538250726.0,neutral,neutral,negative,neutral
e1jqmv7,"They wanted to barbecue me.

I barbecued them first.",44,0,1530359092.0,Travisaurus-Rex,False,neutral,neutral,neutral,neutral
e1jh7u4,[deleted],163,0,1530338337.0,,False,neutral,neutral,negative,neutral
e1jkwvv,India? What a dumb name for a cow. ,68,0,1530345650.0,mrjumpingjack,False,negative,negative,negative,negative
e1jf1cm,Gau mata Teri raksha karenge. Par plastic kha liya toh bas tu dekh lena. ,81,0,1530334773.0,,False,neutral,neutral,neutral,neutral
e1jfrpu,"How now, brown cow?",41,0,1530335916.0,Prophet_Of_Loss,False,neutral,neutral,neutral,neutral
e1jfljj,If a picture could explain past four years...,50,0,1530335646.0,Haamaimadrasi,False,neutral,neutral,neutral,neutral
e1jqg4j,Apocalypse Cow,7,0,1530358720.0,6pt022x10tothe23,False,neutral,neutral,negative,neutral
e1jh5zu,"Replace the cow with Godzilla and it would make a pretty badass movie poster! But then again, this is India, so a cow is probably more fearsome than Godzilla...",30,0,1530338249.0,OpinionNoOneAskedFor,False,positive,positive,negative,positive
e1jhkpi,"Don't catch you slippin' up

Don't catch you slippin' up

Look what…",17,0,1530338983.0,,False,neutral,negative,positive,neutral
e1je90t,Looks like beef roast ,66,0,1530333617.0,HaramiNumberOne,False,neutral,neutral,neutral,neutral
e1jg1xm,Trash Cow should be a meme    ,19,0,1530336369.0,lolwatrollwa,False,negative,neutral,negative,negative
e1jkmaz,r/accidentalrenaissance,16,0,1530345013.0,,False,neutral,neutral,neutral,neutral
e1jiu07,Cow+Kachra = India,14,0,1530341335.0,,False,neutral,neutral,neutral,neutral
e1jh654,What a stunning pose by the cow!,11,0,1530338257.0,MoisesDunk,False,positive,positive,positive,positive
e1jorx1,Holy cow.,10,0,1530355027.0,keatynms,False,negative,neutral,neutral,neutral
e1jh2rh,Swacch Bharat. Jai Gau Mata. Jai Ganga maiya. ,8,0,1530338093.0,JoBakaa,False,neutral,neutral,negative,neutral
e1jeux5,[removed],10,0,1530334506.0,,False,neutral,neutral,negative,neutral
e1jg4xk,#padharo mhare desh,8,0,1530336506.0,The_First__StarMan,False,neutral,neutral,neutral,neutral
e1jhamk,I don't feel safe living in a country where cows have more rights than people ,17,0,1530338470.0,SaltyMarmot5819,False,negative,negative,negative,negative
e1jgk8c,Rage against the machine album cover?,5,0,1530337214.0,Dance_Solo,False,neutral,neutral,negative,neutral
e1jdxnt,We need ministry of cow.,14,0,1530333184.0,SabBarabar,False,neutral,neutral,neutral,neutral
e1jijg4,Wonder where the angry mobs and bhakts are when this is happening? Or is the holy cow only relevant when you hate someone personally and they happen to be Muslims or Christians or any other religion you can conveniently deem as unfit? ,13,0,1530340776.0,,False,negative,negative,negative,negative
e1jkeiu,garbage? fear not. Gau mata can make it holy,5,0,1530344544.0,imBabaRamdev,False,neutral,neutral,negative,neutral
e1k3ted,"Back in 2005 when I visited India I could see piles of burning trash as we were landing. 

I didn't realize what they were until they opened the plane door and the smell of burning plastic entered the plane. 

I recall that in Jaipur there were piles of garbage taller than a man all over the city and in rows a block long. 

Apparently there was a garbage strike there so the trash and filth was just piling up. 

Despite that I loved India. I had wanted to go there since I was 12 years old. I was 34 at the time.",6,0,1530375674.0,,False,negative,negative,neutral,negative
e1jo9zq,"At first glance, Looked like a giant cow (cowzilla?) Invaded Mumbai and the city is burning. ",2,0,1530353791.0,pewbacca_97,False,negative,negative,negative,negative
e1jzrk3,I too enjoy slow cooking.,2,0,1530371726.0,Time4NewAccount,False,positive,positive,positive,positive
e1k28uq,The cow actually doing anciant retual of walking on the fire..... May be to find lost love i guess....,2,0,1530374141.0,aa11zz,False,neutral,neutral,negative,neutral
e1km00t,"Does this ""india the cow"" know that arson is punishable by law?",2,0,1530395098.0,charavaka,False,negative,negative,negative,negative
e1pc7lj,"God! Is it a hard time for Narendra Modi, social media is in a way started pulling the leg of PM and the ruling party. Anyways, shandar photo, what a dashing way of crushing present govement. ",2,0,1530596653.0,aaobihar,False,negative,neutral,negative,negative
e1jj0d0,"If you squint hard enough, it looks like a giant cow looming over a burning cityscape. ",4,0,1530341674.0,TheHaula,False,neutral,neutral,neutral,neutral
e1jn404,I've been to India. I can associate a smell with this pic...,7,0,1530350861.0,pointofyou,False,neutral,neutral,negative,neutral
e1jgjaq,Bbq. Yummy. Prime cut that too ,5,0,1530337169.0,Stiggy_771,False,positive,positive,positive,positive
e1jgud0,Most Indian picture I've ever seen. ,3,0,1530337688.0,14X8000m,False,neutral,neutral,positive,neutral
e1jst1m,r/accidentalrenaissance,2,0,1530363032.0,Bhavya22,False,neutral,neutral,neutral,neutral
e1ji5u5,r/fakealbumcovers,2,0,1530340071.0,Typo_Brahe,False,negative,negative,negative,negative
e1k1k97,"""But why to show only poverty and garbage, show good things too"" - Indians",2,0,1530373473.0,Neeaccount123,False,neutral,negative,neutral,neutral
e1jm6cn,"That's pretty much India. It's just crazy no matter how much beauty and rich culture is featured, this is still what I think when I of India.

You know I think Russell Peters ruined it for me.",3,0,1530348537.0,WaitWhyNot,False,negative,negative,negative,negative
e1jfvvc,[deleted],-2,0,1530336098.0,,1623985037.0,neutral,neutral,negative,neutral
e1jkqj1,Fantastic. Really captures it. ,1,0,1530345269.0,jettabaretta,False,positive,positive,positive,positive
e1jmxqz,"Brown cow, STUNNING! ",1,0,1530350431.0,rupaula_chachki,False,positive,positive,positive,positive
e1jn63y,/r/fakealbumcovers,1,0,1530351005.0,mochamucha,False,negative,negative,negative,negative
e1jocep,When you standing on the ruins of the village who ate ya fam,1,0,1530353964.0,Shoziwankanobi,False,negative,negative,positive,negative
e1jodzr,"This picture is very disturbing, but the cow looks a total badass.",1,0,1530354076.0,adultingispainful,False,negative,negative,negative,negative
e1jowjm,Is the cow standing on heap of burning garbage?,1,0,1530355331.0,no9thing,False,negative,negative,neutral,negative
e1joy1l,"No, this is Patrick. ",1,0,1530355435.0,,False,neutral,neutral,negative,neutral
e1jpqhk,"When the dust settles the only one remaining will be cow.
",1,0,1530357224.0,derekBishop,False,neutral,neutral,neutral,neutral
e1jqc5w,Bad ass cows come from India. ,1,0,1530358495.0,thehottestofmesses,False,negative,negative,negative,negative
e1jqqkq,"Wrong, Earthworm Jim",1,0,1530359299.0,,False,negative,negative,negative,negative
e1jqw40,"HOLY SHIT\*!  
\*In good, bad and holy manner",1,0,1530359597.0,thesereneknight,False,negative,negative,neutral,negative
e1jr7j2,No this is Patrick,1,0,1530360212.0,buttman51,False,neutral,neutral,negative,neutral
e1jrj8a,It looks like fallout,1,0,1530360814.0,Danpool69,False,negative,neutral,negative,negative
e1jrrmh,How come this cow look like he's about to drop the hottest mixtape of 2018?,1,0,1530361243.0,Iateapencil,False,neutral,neutral,negative,neutral
e1jrwnh,This is accurate,1,0,1530361498.0,dbred2309,False,neutral,positive,positive,positive
e1js5tl,Why the hell are there little fires burning about? ,1,0,1530361947.0,trabajarPorcerveza,False,negative,negative,neutral,negative
e1jsbe7,Danny Glover?,1,0,1530362213.0,lostmcfounds,False,neutral,neutral,neutral,neutral
e1jt28y,"Lmao, yeah it is ",1,0,1530363435.0,,False,positive,positive,neutral,positive
e1jt34e,This cow about to fuck shit up.,1,0,1530363474.0,GoldPisseR,False,negative,negative,negative,negative
e1jt6i3,Mrs. O’Leary’s cow surveys her handiwork....,1,0,1530363624.0,McPissy,False,neutral,neutral,neutral,neutral
e1jtlqs,The Cow Returns!,1,0,1530364267.0,HolaQuackQuack,False,positive,neutral,neutral,neutral
e1jtmaq,The God of toxic waste,1,0,1530364289.0,cassatta,False,negative,negative,neutral,negative
e1ju0i6,Looks beautiful in its chaotic mess,1,0,1530364852.0,the_curioustom,False,positive,neutral,neutral,neutral
e1ju92d,This is really a meme worthy pic,1,0,1530365183.0,floyd007,False,positive,positive,positive,positive
e1jubo3,"Moo moo, muthafuckas. ",1,0,1530365281.0,TheParanoidPooper,False,negative,negative,negative,negative
e1jv8hy,He's da captain now,1,0,1530366526.0,,False,neutral,neutral,neutral,neutral
e1jvk4u,Don’t catch you slipping up,1,0,1530366953.0,,False,neutral,neutral,neutral,neutral
e1jw0kz,"Damn!  I knew cowa were sacred over there but i didn’t know they could walk on beds of hot coals!!,",1,0,1530367536.0,Redebo,False,negative,negative,negative,negative
e1jw7ih,Slow roast beef mmmmm post on r/food,1,0,1530367778.0,MGsquare,False,neutral,neutral,neutral,neutral
e1jxeij,"Duur se dekha toh jugnu uchhal rahe the, paas aa ke dekha toh gaumata kachra kuchal rahi thi.

>""#MakeGaumutraNotKachra, #GauHoonFirefighterNahin, #GoGauGoGreen"".",1,0,1530369172.0,Snowseer,False,neutral,neutral,neutral,neutral
e1jxsgs,Wow Rajnikanth!,1,0,1530369612.0,led-my-zeppelin,False,positive,positive,positive,positive
e1jyau5,This is Amoorica.,1,0,1530370152.0,Correctitude,False,neutral,neutral,positive,neutral
e1jybym,Great picture man. The lighting from fires. Lit ,1,0,1530370186.0,logeswara,False,positive,positive,positive,positive
e1jyig2,"Sorry, I was going to Sparta...",1,0,1530370379.0,,False,neutral,negative,negative,negative
e1jynz9,"That's a mountain of trash that's on fire and the cow is eating anything it can find, most of which probably isn't even food. But cool pic tho 🤔",1,0,1530370546.0,Anenri,False,negative,negative,neutral,negative
e1jyomk,No ! That's a cow dummy,1,0,1530370565.0,ohmaatnfy,False,negative,negative,negative,negative
e1k0o85,Why is the trash randomly on fire?,1,0,1530372552.0,,False,negative,negative,neutral,negative
e1k34wz,Thank god the cow is alive,1,0,1530374977.0,Batterbatter75,False,positive,positive,positive,positive
e1k6sln,"It is like a poster where the cow is the protagonist of a scenic post-apocalyptic movie. Fallout: Bovines, anyone?",1,0,1530378755.0,HorsesPlease,False,neutral,neutral,negative,neutral
e1k7ps7,It's kinda funny how we respect cows but let them eat all the plastic waste lying around which eventually makes their health worse.,1,0,1530379729.0,,False,negative,negative,neutral,negative
e1k9732,No this is Patrick ,1,0,1530381237.0,lotsawisdumb,False,neutral,neutral,negative,neutral
e1k9ljl,That's a cow. ,1,0,1530381647.0,pandafromars,False,neutral,neutral,neutral,neutral
e1ki7so,Plz don't start rubbish fires for photography.,1,0,1530390808.0,yoloGolf,False,negative,negative,neutral,negative
e1kp4wo,A poetic picture. ,1,0,1530398687.0,itchingbrain,False,positive,positive,neutral,positive
e1kq0if,"*claps*claps*claps 
wow
Anything else.",1,0,1530399732.0,Shiv812,False,neutral,neutral,neutral,neutral
e1l67q5,Now all we need is some salt and a bottle of cabernet.,1,0,1530419624.0,eugenitist,False,neutral,neutral,neutral,neutral
e1l98gr,Did this reach r/all front page yet?,1,0,1530423754.0,Abhidivine,False,neutral,neutral,neutral,neutral
e1xab71,Shabash India,1,0,1530922669.0,desi8389,False,neutral,neutral,positive,neutral
e2fhf77,Gow mata about to drop the hottest mixtape of monsoon ft. Lil Pump and badshah,1,0,1531667482.0,atherw3,False,positive,neutral,negative,neutral
e64kauc,A camera can make a dirty place look beautiful,1,0,1537183959.0,KanhaiyaGames,False,neutral,positive,positive,positive
e6sdqgu,Holy cow!,1,0,1538128765.0,meeraganesan,False,positive,positive,negative,positive
e7ehgm5,"Full marks to the photographer who captured this moment. I don't know about others but for me, it is a message to our society where we believe Cow is a goddess but treat them like this",1,0,1539019261.0,holidayparadise,False,neutral,positive,positive,positive
e8jhqwm,"Can you pls stop? She's our Gau mata,our first priority since 2014.",1,0,1540635234.0,akshayyyprataap7,False,neutral,negative,neutral,neutral
e9qfiwc,Hey look it’s a cow,1,0,1542266223.0,some_edgy_shit-,False,neutral,negative,neutral,neutral
e1ji53x,Roast beef?,0,0,1530340032.0,Abhidivine,False,neutral,neutral,neutral,neutral
e1jlaju,posting on reddit will totally make things better,3,0,1530346498.0,privategod,False,positive,positive,positive,positive
e1jh2zd,Looks like a Cow conquered india.,0,0,1530338103.0,oddLeafNode,False,negative,neutral,negative,negative
e1jh5aj,summarized entire scenario in this pic.,1,0,1530338216.0,Blenderpride,False,neutral,neutral,neutral,neutral
e1joluk,"Has been, and will continue to be India. *

Here's some side dished depression.",2,0,1530354617.0,Dragons_Advocate,False,neutral,negative,negative,negative
e1jibxq,My wallpaper now,1,0,1530340387.0,,False,neutral,neutral,neutral,neutral
e1jibz3,Prophetic.,1,0,1530340389.0,A27_97,False,negative,neutral,neutral,neutral
e1jis80,Some men just want to watch the world burn... ,1,0,1530341239.0,vyrusrama,False,negative,negative,neutral,negative
e1jjiml,😥,1,0,1530342680.0,shagufta17,False,negative,neutral,neutral,neutral
e1jjwxt,Look what I’m whipping up. ,1,0,1530343511.0,,False,positive,neutral,negative,neutral
e1jlmx2,The cow's not roasted enough ! ,1,0,1530347276.0,knightmare_kid,False,negative,negative,negative,negative
e1jnuh4,"Yes this is real India. I see this everyday.

I have also seen them eating burning plastic and smoke coming out of their mouth. ",1,0,1530352707.0,Skeptical-indian,False,negative,negative,neutral,negative
e1jhbvi,"Reminds me of ""dil se re"" song with cow in place of shah rukh",1,0,1530338534.0,,False,neutral,neutral,negative,neutral
e1jhrek,I know this pic has dark content but it looks so aesthetic. ,1,0,1530339327.0,,False,positive,positive,positive,positive
e1jjy8c,"NO THIS IS PATRICK! 
",1,0,1530343583.0,BrodyV3,False,negative,negative,negative,negative
e1jm289,Man this is just plain sad. Some one give it some hay or grass..,1,0,1530348268.0,chet11,False,negative,negative,negative,negative
e1jnz9q,Apocowlypse,1,0,1530353045.0,Obant,False,neutral,neutral,neutral,neutral
e1jopij,Aesthetic. ,1,0,1530354863.0,LividBit,False,neutral,neutral,positive,neutral
e1js7v7,I thought it was Trump's America for a second there,1,0,1530362046.0,patfreebird,False,neutral,neutral,negative,neutral
e1juujh,**EAT MORE CHICKEN**,1,0,1530366007.0,comounburro,False,neutral,neutral,neutral,neutral
e1k1bu6,*Don't catch you beefing up*,1,0,1530373229.0,Apathetic_Zealot,False,neutral,neutral,neutral,neutral
e1k4mep,Putting this as my whatsapp status. Lol,1,0,1530376489.0,,False,neutral,neutral,positive,neutral
e1joyd1,[removed],0,0,1530355455.0,,False,neutral,neutral,negative,neutral
e1jg337,"Grazing field 1 world garbage 2 ,presented to you by hindu games, Challange nothing",0,0,1530336422.0,,1530336717.0,negative,negative,negative,negative
e1jgoow,"This overpopulation of cows would never have happened if cow slaughter was legal

  
",-8,0,1530337424.0,bedapaar,False,negative,negative,negative,negative
e1jhlie,roast beef land,-2,0,1530339022.0,jainsbino,False,neutral,neutral,neutral,neutral
e1jf5ek,[removed],-10,0,1530334944.0,,False,neutral,neutral,negative,neutral
e1jgcs3,Cowsmokers!,-1,0,1530336865.0,immortalizeboi,False,neutral,neutral,neutral,neutral
e1jqzdd,Looks pretty bad ass if you ask me,-1,0,1530359774.0,riot_ball,False,negative,negative,negative,negative
e1jpe46,Haters will say this is photoshoped. ,0,0,1530356464.0,BrightBanner,False,negative,negative,negative,negative
e1jqf78,Is.. Is that cow going to shoot Donald Glover?  How does this work?,0,0,1530358667.0,SasparillaTango,False,negative,neutral,negative,negative
e1js8jh,Trashfires and cows. Can confirm. This is India. ,0,0,1530362078.0,Bullyoncube,False,negative,negative,negative,negative
e1jspmz,"Can confirm, a lot of cows wandering around no matter in the big cities or the country, burning trash in neighborhoods here and there. ",0,0,1530362877.0,thegodfazha,False,negative,negative,negative,negative
e1jym8k,"This photo belongs to the 2016 movie 'Holy (un)Holy River' - 
https://www.imdb.com/title/tt6819314/ | Some production photos (including this one) can be seen here - https://www.holyunholyriver.com/images
",0,0,1530370494.0,Planet6EQUJ5,False,neutral,neutral,neutral,neutral
e1jymu7,this photo is from national geographic Instagram page,0,0,1530370512.0,xenomorph2010,False,neutral,neutral,neutral,neutral
e1mhuyw,A shit hole country yes. And the sky is blue. ,0,0,1530482578.0,GoodGodHolyMoly,False,negative,negative,neutral,negative
e1jhzqo,Now I feel obligated to shoot the cow in the head. ,-12,0,1530339753.0,sayan101,False,negative,negative,negative,negative
e1jt8fa,">This is India

No thanks. I'll stick to no part of that entire side of the world, please

",-5,0,1530363705.0,Snolidsteak,False,negative,negative,negative,negative
e1jlvkw,[removed],-11,0,1530347835.0,,False,neutral,neutral,negative,neutral
e1jpgls,Yall need to stop having kids wait for people to die off its hard to control a billion people ,-1,0,1530356616.0,tastykales,False,negative,negative,negative,negative
e1jitou,Indeed,-2,0,1530341319.0,marwarii,False,positive,neutral,neutral,neutral
e1jivlk,The holy mother of God.,-4,0,1530341416.0,prokid1911,False,positive,positive,neutral,positive
e1jmijj,BurningCow festival.,-4,0,1530349369.0,,False,negative,neutral,neutral,neutral
e1jqh0z,I can smell the turds from here ,-4,0,1530358772.0,creamycumropes4u,False,negative,negative,negative,negative
e1jninx,[removed],-19,0,1530351879.0,,False,neutral,neutral,negative,neutral
e1jfhr8,"I found this on Nat Geo Insta page. 


I just posted it here because it reminded me of the political scenario of today.",323,1,1530335482.0,Lowcrbnaman,False,neutral,neutral,neutral,neutral
e1jwi7e,"This could be (but is not) a still from ""Baraka"" a 1992 documentary. Added weight by Lisa Gerard with Dead can Dance.

*Baraka is a documentary film with no narrative or voice-over. It explores themes via a compilation of natural events, life, human activities and technological phenomena shot in 24 countries on six continents over a 14-month period.*",2,1,1530368117.0,pppjurac,False,neutral,neutral,neutral,neutral
e1k3n3k,The cows shit fire? No winder they’re so revered in India!,4,1,1530375493.0,what-did-you-do,False,negative,negative,neutral,negative
e1k5kr5,"I DARE you to eat me, white boy....",0,1,1530377470.0,MayowaTheGreat,False,negative,neutral,neutral,neutral
e1k5et6,[removed],-1,1,1530377298.0,,False,neutral,neutral,negative,neutral
e1jj3if,*Don't catch you beefing now,373,1,1530341844.0,Sparry09,False,neutral,negative,neutral,neutral
e1jj1qc,Look what I'm whipin up,96,1,1530341748.0,reduino5,False,positive,neutral,negative,neutral
e1jko10,beef in my area,62,1,1530345114.0,,False,neutral,neutral,neutral,neutral
e1jvlg0,Don’t catch you tippin now,4,1,1530367000.0,SwindellsJ,False,neutral,negative,positive,neutral
e1jpcpa,*Don't catch you slippin' up,5,1,1530356374.0,toothy_vagina_grin,False,neutral,neutral,neutral,neutral
e1jid2a,Credit the photographer ideally but better than what most people do.,79,1,1530340444.0,ziggazigga,False,neutral,positive,positive,positive
e1jh54l,India is largest exporter of beef in the world.,156,1,1530338207.0,llamasonic,False,neutral,neutral,neutral,neutral
e1jfm82,"This pic proves, even that was a jumla.",9,1,1530335676.0,Lowcrbnaman,False,neutral,neutral,positive,neutral
e1jocy3,"Doesn't look like it in the picture, though. ",0,1,1530354002.0,adultingispainful,False,neutral,neutral,neutral,neutral
e1jj4lx,Also for woman by the way XD,-3,1,1530341904.0,Sparry09,False,positive,neutral,positive,positive
e1l2rw6,"in hindutva india, cows barbecue you",9,1,1530415522.0,notenoughroomtofitmy,False,neutral,negative,neutral,neutral
e1jk5cn,Just great.,30,1,1530343995.0,,False,positive,positive,positive,positive
e1jn7il,"Fuck. Fuck everything.

",24,1,1530351101.0,gridpoint,False,negative,negative,negative,negative
e1jq57s,Can anyone give me a brief summary of thids? The article is somewhat confusingly worded. ,16,1,1530358097.0,BirchBlack,False,negative,negative,neutral,negative
e1jsm7x,Juuuuust when I thought it couldn't get worse.,7,1,1530362721.0,Morning_Person_,False,negative,negative,negative,negative
e1js922,[Side Indians don't want you to see](https://www.google.com/amp/s/www.bbc.co.uk/news/amp/world-asia-india-44572406),14,1,1530362101.0,,False,negative,negative,neutral,negative
e1jmest,Wah Modiji Wah!,11,1,1530349106.0,tremborg,False,positive,neutral,neutral,neutral
e1jmlwb,Am I the only one who thinks somehow BJP is responsible for this? They taught people how to spread fake news.,-6,1,1530349600.0,,False,negative,negative,negative,negative
e1jmcco,I giggled. I am sorry.,1,1,1530348942.0,dont_lose_it,False,negative,neutral,negative,negative
e1k2hwh,[deleted],-1,1,1530374363.0,,False,neutral,neutral,negative,neutral
e1k1fit,But a great name for a pornstar,16,1,1530373336.0,Neeaccount123,False,positive,positive,neutral,positive
e1jnrty,Brown cow! Stunning!,12,1,1530352524.0,rolypolyincopacabana,False,positive,positive,positive,positive
e1lkta5,Courage the cowardly dog reference?,1,1,1530448151.0,OmegaMaleX,False,neutral,neutral,negative,neutral
e1jfnv4,This pic is worth a thousand words.,27,1,1530335748.0,Lowcrbnaman,False,positive,positive,positive,positive
e1jls2t,black man get yo money get yo money black man ,10,1,1530347602.0,pm_me_ur_misfortune,False,neutral,neutral,negative,neutral
e1jeg0w,[removed],5,1,1530333897.0,,False,neutral,neutral,negative,neutral
e1ji627,Haha exactly.,3,1,1530340082.0,Abhidivine,False,positive,positive,positive,positive
e1jmhhf,Let's meet at morning walk :-),1,1,1530349297.0,dont_lose_it,False,positive,positive,neutral,positive
e1jg34h,"I see you like to live dangerously.
Khatron ke Khiladi type material.",15,1,1530336424.0,Lowcrbnaman,False,neutral,negative,positive,neutral
e1ka5qp,Renaissance? India mein? Haila kab?,1,1,1530382220.0,kemchobadha,False,neutral,neutral,positive,neutral
e1ka8fx,Teecha mailya! ,1,1,1530382298.0,kemchobadha,False,neutral,neutral,positive,neutral
e1jsu2o,What a save! ,3,1,1530363078.0,,False,positive,positive,positive,positive
e1jhbhd,We will eat your gaiyya matas alive. Muh me pani aa jaya dekh ke,-1,1,1530338513.0,sad-life007,False,negative,negative,neutral,negative
e1k1gp5,Then move to literally any other country,3,1,1530373370.0,Neeaccount123,False,neutral,neutral,neutral,neutral
e1jdzhp,Why ministry when the entire government is for 🐄 ?,43,1,1530333254.0,Lowcrbnaman,False,negative,neutral,negative,negative
e1je9mg,"Rajasthan already has one  
",11,1,1530333640.0,codeeyco,False,neutral,neutral,neutral,neutral
e1kp08a,Rajasthan has a ministry to take care of cows. Don't know what is it called,1,1,1530398533.0,itchingbrain,False,neutral,neutral,neutral,neutral
e38h58z,The cow burned them.,1,1,1532870143.0,kemchobadha,False,negative,negative,negative,negative
e1jv0ye,[deleted],0,1,1530366250.0,,False,neutral,neutral,negative,neutral
e1k41zm,"Glad to hear your thoughts. India is a paradox to be quite honest, you'll find the best and the worst of the situations  simultaneously.",6,1,1530375913.0,Lowcrbnaman,False,positive,positive,neutral,positive
e1jgnxb,That's what they said........ Or allegedly are known to have ....,4,1,1530337388.0,Lowcrbnaman,False,neutral,neutral,neutral,neutral
e1k3oyp,Sadly it's true.,1,1,1530375545.0,Lowcrbnaman,False,negative,negative,negative,negative
e1kkjgn,-Bhakts*,1,1,1530393417.0,,False,neutral,neutral,neutral,neutral
e1jfzoi,I don't know who posted this. I just know it's from Nat Geo. And I did mention that on a previous comment. So don't assume I am karma whoring here. This pic sends a strong political message that's why I posted it.,14,1,1530336268.0,Lowcrbnaman,False,neutral,neutral,positive,neutral
e1jskif,Holy cow,1,1,1530362643.0,Lowcrbnaman,False,negative,neutral,neutral,neutral
e1k0zlq,They burn it to destroy the trash.,1,1,1530372874.0,Lowcrbnaman,False,negative,negative,negative,negative
e1jtove,When you can’t find food...,1,1,1530364391.0,cassatta,False,negative,negative,neutral,negative
e1jhcyc,"Gau mata, I apologize.",2,1,1530338589.0,,False,negative,neutral,negative,negative
e1k1ylm,[removed],1,1,1530373878.0,,False,neutral,neutral,negative,neutral
e1jhnsc,[removed],7,1,1530339137.0,,False,neutral,neutral,negative,neutral
e1jfb21,"Yeah mitroonnn.
They're only waiting for my phone call to clean up the entire banks of Ganges.",17,1,1530335188.0,Lowcrbnaman,False,negative,negative,neutral,negative
e1jsqap,Cow's just gonna stand there. The  Bhakts will.,3,1,1530362907.0,Lowcrbnaman,False,neutral,neutral,neutral,neutral
e1jignm,God be with you if you do that.,4,1,1530340627.0,Lowcrbnaman,False,positive,positive,neutral,positive
e1jmdlp,[deleted],-4,1,1530349026.0,,1530687382.0,neutral,neutral,negative,neutral
e1jpk83,[deleted],12,1,1530356841.0,,1530974280.0,neutral,neutral,negative,neutral
e1jghg0,[deleted],174,2,1530337084.0,,False,neutral,neutral,negative,neutral
e1jjums,[deleted],39,2,1530343376.0,,1531216420.0,neutral,neutral,negative,neutral
e1jubmo,"The world is burning, and a cow is at the top of it all.",5,2,1530365280.0,ADDHimeSama,False,negative,negative,negative,negative
e1ju4ag,It really does . First you say that cow is your mother and you let her eat garbage and remain in junkyard. ,6,2,1530364995.0,ShivamAgarwal1305,False,negative,negative,neutral,negative
e1js2tn,Beef ban? ,3,2,1530361798.0,autumnwolf27,False,neutral,neutral,neutral,neutral
e1jrda6,So deep,2,2,1530360511.0,WayOfTheDingo,False,neutral,neutral,negative,neutral
e1k4bba,">  reminded me of the political scenario of today.

Works for my country too 😣",1,2,1530376171.0,perfectfire,False,negative,neutral,neutral,neutral
e1jq55k,And how exactly does it remind you of the political scenario? Pls explain,1,2,1530358093.0,,False,neutral,neutral,neutral,neutral
e1jn3i0,FFS stop reading fake news,-17,2,1530350828.0,vkilewala,False,negative,negative,negative,negative
e1jyp6f,Loved the part with the chicken farm/factory.,3,2,1530370582.0,JARR87,False,positive,positive,positive,positive
e1kiv1c,Wtf are you talking about ?,2,2,1530391519.0,Bowiefanzy,False,negative,negative,negative,negative
e1jnhwc,Police be selling out,173,2,1530351825.0,zinxbey,False,negative,negative,negative,negative
e1jqjfm,Gaus in my area.,154,2,1530358904.0,,False,neutral,neutral,negative,neutral
e1jrrod,*Don't catch you tippin' cow,30,2,1530361246.0,TheGladInGladiator,False,neutral,negative,neutral,neutral
e1jpt1r,You'll be dying now.,21,2,1530357375.0,sageofhades707,False,negative,negative,negative,negative
e1jkx2d,Police be trippin now,58,2,1530345661.0,Memey-McMemeFace,False,negative,negative,negative,negative
e1jnnx0,A bombass chutney no doubt ,35,2,1530352254.0,Jkj864781,False,positive,positive,positive,positive
e1jljrj,Beef man (beef man)!,22,2,1530347075.0,CarlSagansThoughts,False,positive,neutral,neutral,neutral
e1jpb46,I got lynched,6,2,1530356275.0,juju_man,False,negative,negative,negative,negative
e1jtwrs,Don catch you slipping cow,1,2,1530364706.0,,False,negative,neutral,neutral,neutral
e1jif7y,Reddit isn't allowing me to post the Insta link. I tried,46,2,1530340553.0,Lowcrbnaman,False,negative,negative,negative,negative
e1jq9nm,it's literally on the photo already,5,2,1530358351.0,NotMySeventhAcct,False,neutral,neutral,neutral,neutral
e1jh92n,[deleted],93,2,1530338395.0,,False,neutral,neutral,negative,neutral
e1jifv5,*[buff](https://en.wikipedia.org/wiki/Buffalo_meat),4,2,1530340585.0,marakiri,False,neutral,neutral,neutral,neutral
e1jursg,[deleted],81,2,1530365904.0,,False,neutral,neutral,negative,neutral
e1jmxdk,isn't it also that the amount of fake news started circulating way too often after Facebook acquired watsapp? ,16,2,1530350404.0,1235811,False,negative,negative,negative,negative
e1jmqzp,Username doesn't check out.,15,2,1530349956.0,,False,negative,negative,neutral,negative
e1k2ujp,"Your grandparents were alive when black people in the US were being lynched for talking to white women and a jury of their peers found them not guilty. Emmet Till wasn’t unique for hanging a 14 year old child, it was unique for making national headlines. 

Human beings are shitty across time and space. ",3,2,1530374695.0,MaceBlackthorn,False,negative,negative,negative,negative
e1k5ivz,India Summers is ultimate MILF,10,2,1530377416.0,Fallen_Wings,False,neutral,neutral,positive,neutral
e1jpzq7,The Oh ah ah sensation. ,1,2,1530357772.0,,False,neutral,neutral,negative,neutral
e1ka43a,This pic contains a thousand plastic bags.,1,2,1530382175.0,kemchobadha,False,negative,neutral,neutral,neutral
e1jqfbl,I'm not black. Is there a loophole under which I can I get the money?,9,2,1530358674.0,jainswapnil52,False,neutral,neutral,negative,neutral
e1jv7xy,Sorry!,1,2,1530366505.0,mihirh12,False,neutral,negative,negative,negative
e1l40ui,India is right now like this cuz hopeless people like you. ,3,2,1530417066.0,SaltyMarmot5819,False,negative,negative,negative,negative
e1jj8tq,ministry is not responsible for this.,-1,2,1530342137.0,shwetaindiatour,False,negative,negative,neutral,negative
e1jfdrw,Explains a lot,8,2,1530335309.0,mistermasterofu,False,neutral,neutral,neutral,neutral
e1k1zkc,Gau Muthra*,1,2,1530373902.0,rajasekarcmr,False,neutral,neutral,positive,neutral
e1k4bqm,"Yes, I know. 

I married one.",9,2,1530376183.0,,False,neutral,neutral,neutral,neutral
e1kb013,Even if you didn't provide a sauce its not karma whoring. Its reddit not some fucking college essay.,5,2,1530383120.0,,False,negative,negative,negative,negative
e1jk2p4,"and this reply deserves dome karma points 
",-2,2,1530343840.0,blockchain08,False,negative,neutral,positive,neutral
e1jurwk,And People find it funny.,2,2,1530365908.0,Skeptical-indian,False,positive,neutral,positive,positive
e1jk21o,"It's a bit hypocritical to say that when India is the 3rd largest exporter of beef, wouldn't you say? ",3,2,1530343803.0,asphodelius,False,negative,neutral,negative,negative
e1jhusg,"Dude cows are mere animals domesticated by mankind for consumption. Do you really get that sentimental when you eat your veggies? Aren't you killing a plant as well. The truth is beef is rich in proteins and will help solve malnutrition in India. A human life is more important than a ubiquotous animal's, hence cows should be consumed when they get senile.",3,2,1530339498.0,bedapaar,False,negative,negative,neutral,negative
e1jfge2,[removed],-7,2,1530335422.0,,1642451135.0,neutral,neutral,negative,neutral
e1kh3t6,Really u don't get the joke? ,1,2,1530389605.0,sayan101,False,negative,negative,neutral,negative
e1jqpyu,So cows are more important then women ,2,2,1530359264.0,I_m_High,False,neutral,negative,neutral,neutral
e1jrbof,[deleted],1,2,1530360429.0,,False,neutral,neutral,negative,neutral
e1jrkyf,"You are being very specific about how you have seen India , it's like you are deliberately trying to find trash. I feel sorry for your attitude.",0,2,1530360901.0,Kadx07,False,negative,negative,negative,negative
e1jgpj9,https://www.instagram.com/p/BkoPV_Wg2gQ/?utm_source=ig_share_sheet&igshid=1a04s02oddvxj,116,3,1530337463.0,Lowcrbnaman,False,neutral,neutral,neutral,neutral
e1jn4ol,"Yes, National Geographic depends on Insta-revenue lol",69,3,1530350908.0,Stumpy_Lump,False,neutral,neutral,neutral,neutral
e1jgrv4,[removed],11,3,1530337573.0,,False,neutral,neutral,negative,neutral
e1k3l79,We don’t,1,3,1530375439.0,what-did-you-do,False,neutral,negative,negative,negative
e1jlqa7,😂,7,3,1530347489.0,tool_of_justice,False,neutral,neutral,neutral,neutral
e1lp6eu,Underrated comment.,1,3,1530454312.0,bkm007,False,negative,positive,positive,positive
e1k6co2,What's your country?,1,3,1530378283.0,Lowcrbnaman,False,neutral,neutral,neutral,neutral
e1jtlya,"There's the beef ban in a few states, and self appointed cow protectors in other who have taken law into their own hands, and how certain governments are using the cow for their own political agenda",10,3,1530364275.0,noronhahaha,False,negative,neutral,negative,negative
e1kevp2,I loved the monks praying while swaying their hands,1,3,1530387227.0,bhendibazar,False,positive,positive,positive,positive
e1kqlac,Go to India and try to butcher a cow for its meat and you’ll see what I’m talking about ,0,3,1530400417.0,MayowaTheGreat,False,neutral,negative,neutral,neutral
e1js0yk,"I got a turban, imma be wearing it",98,3,1530361707.0,B4rberblacksheep,False,neutral,neutral,neutral,neutral
e1js8ri,bobs in my area,36,3,1530362089.0,Kryllllllyx,False,neutral,neutral,neutral,neutral
e1jrcfa,>~~Gaus~~ Cows in my area,2,3,1530360468.0,,False,neutral,neutral,positive,neutral
e1jnp56,"That's pretty true. The American surroundings made me bring the receipt of Chutney with Avocados. It's like Guacamole, but better. You should absolutely try one",6,3,1530352338.0,reduino5,False,positive,positive,positive,positive
e1jiult,Photo by Pete McBride / @pedromcbride,92,3,1530341365.0,ziggazigga,False,neutral,neutral,neutral,neutral
e1jk0pu,[deleted],0,3,1530343726.0,,False,neutral,neutral,negative,neutral
e1jnnog,"Domestic cattle (cows, bulls), water buffaloes, and yaks are all bovines.

It’s true that export of beef from cattle is prohibited in India, but all of the beef that’s exported from India is in the form of little pieces – from just looking at the meat, it’s nigh impossible to tell whether the meat comes from cattle or buffaloes.

Slaughter of female cattle (cows) is allowed in a dozen states, and slaughter of male cattle (bulls) is allowed in many more states. Given the state of law enforcement and corruption in India, it should not surprise anyone that meat from cattle gets exported, even though it officially doesn’t happen.",81,3,1530352237.0,sumpuran,False,neutral,negative,negative,negative
e1jscrc,[deleted],6,3,1530362278.0,,False,neutral,neutral,negative,neutral
e1juzpl,Wow. Amazing. Thanks.,6,3,1530366202.0,BirchBlack,False,positive,positive,positive,positive
e1k83wm,But police reports suggest that the reason maybe this.. More updates needed.,1,3,1530380146.0,HD4400,False,neutral,neutral,neutral,neutral
e1k8e5o,India is an amazing place.,0,3,1530380429.0,abadhabitinthemaking,False,positive,positive,positive,positive
e1joirv,Facebook needs to start placing proper checks in their apps to make it safer for the population. This ways Facebook is trying to escape it's responsibility by not fixing the problem and laying the blame on uneducated people not being able to distinguish between real and fake news. Technical  solution is the only way to fix this.  They need to fix this ASAP else more people will die. ,-1,3,1530354402.0,pking3,False,negative,negative,negative,negative
e1ka05p,Maata I love food?,1,3,1530382070.0,kemchobadha,False,positive,positive,positive,positive
e1k1wfp,Are you living in Canada ,1,3,1530373823.0,rajasekarcmr,False,neutral,neutral,neutral,neutral
e1lkaab,"Unless you act on the hope, it just stays a hope, stop dividing people on their beliefs and just for one minute think of your country as a whole",3,3,1530447181.0,Neeaccount123,False,negative,neutral,positive,neutral
e1kdepr,A paradox?,5,3,1530385658.0,town_bicycle,False,neutral,neutral,neutral,neutral
e1jvy5f,It’s really really sad. Worship the animal but let’s not take care of it,2,3,1530367449.0,cassatta,False,negative,negative,negative,negative
e1ji1oi,[removed],0,3,1530339856.0,,False,neutral,neutral,negative,neutral
e1jfwwq,"


>Keep yourself updated

Milie mujhe kal ganga ghat k kinare subh tadke. Mil k saff karenge. 
Fir mere ghr k bahar ka goo bhi saf krenge.

>I'm just here for nasty posts and comments

I m just here because this pic summed up the state of Indian politics lately. The irony is strong in this one. So from next time think twice before you make any assumptions.",8,3,1530336144.0,Lowcrbnaman,False,neutral,neutral,negative,neutral
e1jzdkr,[deleted],0,3,1530371312.0,,1530974279.0,neutral,neutral,negative,neutral
e1jzrh8,[deleted],0,3,1530371724.0,,1530974278.0,neutral,neutral,negative,neutral
e1jqw3t,but the photographer maybe does!,35,4,1530359597.0,tanmay_naik,False,neutral,neutral,neutral,neutral
e1jq4ye,That's not the point ,16,4,1530358083.0,wewthen,False,neutral,negative,negative,negative
e1k8pb5,U.S.,0,4,1530380737.0,perfectfire,False,neutral,neutral,neutral,neutral
e1jw8kp,"I'm on designer saari, I'm so pretty",53,4,1530367817.0,AntiFunSpammer,False,positive,positive,positive,positive
e1js35c,Gau is the hindi/urdu term for cow,25,4,1530361815.0,,False,neutral,neutral,neutral,neutral
e1jq6j6,I have no idea what you're trying to say,7,4,1530358171.0,irlcake,False,negative,negative,neutral,negative
e1juew8,Oh god I thought it said pedo McBride...,37,4,1530365406.0,bobtheundertaker,False,negative,negative,neutral,negative
e1jtotz,[deleted],21,4,1530364389.0,,1530365157.0,neutral,neutral,negative,neutral
e1jvtii,"To be fair all of them taste almost the same. According to demographics theres a massive beef eating population towards the south of India. Its relatively more conservative in other parts. 
The law? Its not in every state that you cant eat beef. Its basically candidates trying to support the common ideas of the people they represent to secure more votes and cause less disgruntlement. 
The difference rn is people who still enjoy eating beef are using loopholes to keep enjoying themselves. So cows are banned in some states, but buffalos are legal to eat. 
",5,4,1530367287.0,imbeciline,False,neutral,neutral,negative,neutral
e1jrv7z,"Mind I know how? Who will decide whether a news is fake or real?

Algorithms cannot do everything , neither can humans. More than often, there will be false positives, which can be a great issue itself. ",5,4,1530361427.0,__pro_bhakt__,False,negative,negative,negative,negative
e1jq3tp,Facebook needs to be shut down,1,4,1530358018.0,yplayer4790,False,negative,negative,negative,negative
e1lkhun,">Unless you act on the hope, it just stays a hope,

Lol, what?


>dividing people on their beliefs and just for one minute think of your country as a whole

I am not. U were the one who said leave the country *just because I dont feel safe here.* That's very ironic I must say ",3,4,1530447577.0,SaltyMarmot5819,False,negative,negative,negative,negative
e1kgi8q,She was the best and the worst.,4,4,1530388980.0,,False,positive,negative,negative,negative
e1ji4i6,because cows are surplus and eaten everywhere.,5,4,1530340002.0,bedapaar,False,neutral,negative,negative,negative
e1jg3b7,[removed],1,4,1530336431.0,,False,neutral,neutral,negative,neutral
e1k0tta,[deleted],1,4,1530372709.0,,False,neutral,neutral,negative,neutral
e1k37tw,"I'm just gonna give a heads up and say that this link is NSFL, albeit informative.",2,4,1530375060.0,Nicco82,False,neutral,neutral,positive,neutral
e1k4m1m,Does the photographer profit from the official Nat Geo page tho?,2,5,1530376479.0,Stumpy_Lump,False,neutral,neutral,neutral,neutral
e8jri7v,How? It's a cow!,1,5,1540651010.0,GenZInFrenzy,False,negative,neutral,neutral,neutral
e1jqc94,I'm trying to say that Avocado Chutney is the bomb and is better than Guac,11,5,1530358500.0,reduino5,False,positive,positive,negative,positive
e1kexq4,watch goliath,2,5,1530387289.0,bhendibazar,False,neutral,neutral,neutral,neutral
e1ju4yk,[deleted],15,5,1530365021.0,,1530390545.0,neutral,neutral,negative,neutral
e1l92il,"They don't taste exactly the same. When compared to buffaloes, Cows have a bit more tender meat  and more fat.",3,5,1530423495.0,despod,False,neutral,neutral,neutral,neutral
e1ju2me,"WhatsApp reads all messages to serve advertisements , so using the same system to hash the message string which will be logged and if the same message string reaches a sharing threshold then the message cannot be shared on groups and can only be sent to individual users. If a message is truly viral organically then it will be. But will take a longer time allowing time to spread, so allowing time for false/fake news or messages to be identified and using the same hash string a permanent block can be placed on the message if Facebook wants to do that they can. ",0,5,1530364933.0,pking3,False,neutral,neutral,neutral,neutral
e1wbnox,Look! dead man talking,1,5,1530893034.0,Drifter_01,False,negative,negative,negative,negative
e1ji80m,[removed],0,5,1530340182.0,,False,neutral,neutral,negative,neutral
e1k22a0,[removed],1,5,1530373971.0,,1530974274.0,neutral,neutral,negative,neutral
e1ka9aw,"You don't understand the word delusion, but good points otherwise. ",2,6,1530382323.0,narayans,False,neutral,neutral,neutral,neutral
e1k1k47,"It's not delusion imo, just varying local tradition. Religion only came in it later to justify traditions that were probably much older.",1,6,1530373469.0,,False,neutral,neutral,neutral,neutral
e1wljay,I don't see how. I haven't spoken to her in 14 years and I've only seen her on her IMDB page. ,1,6,1530901128.0,,False,negative,negative,neutral,negative
e1jk96x,"> potty naa aaye toh mat kehna

hahahahahahahahahhahahaha dude the entire world eats beef. Un sabko potty nahi ati hai kya? 
",4,6,1530344227.0,imperfect_guy,False,negative,neutral,neutral,neutral
e1k22ac,"Hi Phidoux. It looks like your comment to /r/india was removed because you have been using a link shortener. Due to issues with spam and malware we do not allow shortened links on this subreddit. Feel free to re-submit using the full URL.

*I am a bot, and this action was performed automatically. Please [contact the moderators of this subreddit](/message/compose/?to=/r/india) if you have any questions or concerns.*",1,6,1530373971.0,AutoModerator,False,negative,neutral,negative,negative
