Comment ID,Comment Text,Comment Score,Comment Depth,Created Timestamp,Author,Edited,Semantic Label,Semantic Label 2,Semantic Label 3,Major_Semantic
e5ju454,[deleted],2038,0,1536321436.0,,False,neutral,neutral,negative,neutral
e5judns,"Man, I wish more Indian parents were supportive of their kids. It makes a huge difference when your parents back you up rather than when you have to fight every battle on your own. More Indian parents need to move ahead from the ""khane mein kya khaya"" bullshit and need to know what their kids actually feel. The number of times I have cried my heart out in my own house and not told my parents about it is too high. The parent-kid relationship in this country is so messed up. ",932,0,1536321787.0,Whatay,False,positive,negative,neutral,neutral
e5kpwlj,"The guy in question is an acquaintance of mine, from college. Always been someone who you'd watch out for, because of his energy. And boy oh boy, it was so cool to see all the support that poured out for him!",47,0,1536350981.0,thebiggerbang,False,positive,positive,positive,positive
e5jucel,"Sad that a normal human could be termed a criminal for what their sexual preference was until now. Indeed history owes an apology to everyone of those who were harassed, mistreated, jailed, beaten or shunned by us.",264,0,1536321741.0,waahmodijiwaah,False,negative,negative,negative,negative
e5junhp,So happy for India!!,35,0,1536322157.0,vacation_catapult,False,positive,positive,positive,positive
e5jtxt5,Amazing man 👍🏼,91,0,1536321198.0,,False,positive,positive,positive,positive
e5jx6kj,[Here's the story](https://indianexpress.com/article/trending/trending-in-india/gay-man-coming-out-story-with-supportive-parents-viral-post-5344801/),33,0,1536325230.0,,False,neutral,neutral,neutral,neutral
e5jult2,"You wish you had the heart of people who are **not moved** by this picture?

Three cases:

1. You made a typo
2. You are a psychopath
3. I made an error in understanding the title",136,0,1536322093.0,onebananalong,False,negative,negative,negative,negative
e5jufo6,"r/MadeMeSmile

Thank you for this, OP. I was having a rough day, not anymore. ",81,0,1536321864.0,DaffyTrump,False,positive,positive,neutral,positive
e5js5gc,Your parents are awesome! Love to your family ♥️,55,0,1536318483.0,sentientwizard,False,positive,positive,positive,positive
e5k9yzw,Great pic. Crap title. ,32,0,1536336989.0,RealityF,False,negative,negative,neutral,negative
e5kpkxj,Love from Belgium! 🇧🇪,22,0,1536350694.0,LightningBolt_12,False,positive,positive,positive,positive
e5kebuh,"I loved what one judge, D.Y. Chandrachud said on Thursday. He said, ""We must as a society ask searching questions to the forms and symbols of injustice. Unless we do that, we risk becoming the cause and not just the inheritors of an unjust society.""

LGBTQs finally to some extent have the dignity to to live a life without fear, a right to choose love and express themselves. As a 22 year old straight man often hearing news of couples of my age getting killed or disowned because of not belonging to same caste, religion etc, this news makes me so happy.",9,0,1536340764.0,akki95,False,positive,positive,positive,positive
e5k8k31,Love from Holland 🌷,25,0,1536335754.0,jornvanengelen,False,positive,positive,positive,positive
e5jskb7,So heart-warming!!! Congratulations! :) ,17,0,1536319170.0,,False,positive,positive,positive,positive
e5jyoj2,[removed],40,0,1536326825.0,,1625252213.0,neutral,neutral,negative,neutral
e5jym6i,Parents Love <3,6,0,1536326756.0,shubham2805,False,positive,positive,positive,positive
e5k1d3q,Title gore? Nice picture nonetheless ,5,0,1536329411.0,,False,positive,positive,positive,positive
e5k7qot,I hope that their courage is contagious.,6,0,1536335059.0,turdfergusonyea2,False,positive,positive,positive,positive
e5k7rkl,"It took me a second to make the connection that he’s gay and that was just decriminalized. At first I was like, “did he just get out of prison?”",6,0,1536335080.0,DukeMaximum,False,neutral,neutral,negative,neutral
e5klwjw,Your Son was never a criminal for being what he was. ,7,0,1536347405.0,learn2loveurlife,False,neutral,neutral,positive,neutral
e5jx882,[deleted],5,0,1536325279.0,,False,neutral,neutral,negative,neutral
e5jx9ox,:') ,5,0,1536325324.0,s1fsw,False,positive,positive,neutral,positive
e5k8k6w,More like he never was. An inhumane and obsolete backward law cannot be the legal compass on the sexuality of a human being. ,5,0,1536335757.0,Gurkiran5ingh,False,negative,negative,negative,negative
e5kf38i,"Indian parents hardly accept intercaste marriages. 
So intra-gender marriage is gonna go fine. 

Congratulations man and Family respect +9999.",4,0,1536341426.0,EnCoderX,1536342176.0,neutral,positive,positive,positive
e5jxv75,Okay. The caption does not need to be so dramatic. But I do love this! <3,9,0,1536325981.0,choleychawal,False,positive,positive,positive,positive
e5kgwle,"This picture made me emotional. 
And such parents are an inspiration... as a 28 year old today, I don’t hope my parents’ generation to change their mindset overnight . However I sincerely wish that parents of my generation embrace this for our kids to come",5,0,1536342995.0,databum,False,positive,positive,neutral,positive
e5kl0ld,"So great to see, too many countries still have outdated laws and mindsets. ",4,0,1536346600.0,Red-Reddington,False,positive,positive,neutral,positive
e5k9qjf,Was the government actually prosecuting anyone under the law? Because to me it seems like the rural folk living in isolated villages wont give a fuck about what the government says  they'll cut your head off without a second thought.,8,0,1536336783.0,-Guderian-,False,negative,negative,negative,negative
e5k1k95,"India may be a different country. India may be a dirtier country than others. India may even have lesser infrastructure.

But it is still the world’s largest democracy. It is still a bastion for freedom. And it will cohere.",20,0,1536329595.0,krion1x,False,neutral,positive,positive,positive
e5k8tck,Hats off to parents for being this supportive.,3,0,1536335977.0,virimussika,False,positive,positive,positive,positive
e5ka4pp,Is there some context to this picture?,3,0,1536337126.0,rudshire,False,neutral,neutral,neutral,neutral
e5ka818,Wholesome! :'),3,0,1536337205.0,,False,positive,positive,positive,positive
e5kfsdg,I feel proud by just looking at this picture. Thanks Guys. ,3,0,1536342030.0,Gvfaujdar,False,positive,positive,positive,positive
e5koxkd,"Can anyone share some light on why he isn’t a Criminal anymore? Did something happen recently in India that would’ve made him a criminal? Sorry, I just don’t know what’s going on in this picture ",3,0,1536350116.0,oloofe,False,negative,negative,negative,negative
e5koyuc,Their son is not a criminal.  Full stop.  Never was.,3,0,1536350146.0,BecEGee,False,negative,negative,negative,negative
e5kp42a,"After watching that sad kitty video earlier and crying quite a bit over it, this has really turned my day around emotionally. Bloody good job parents!",3,0,1536350275.0,pastapicture,False,positive,positive,positive,positive
e5l8j85,So.....you want my heart now or what?,3,0,1536370064.0,SkynetGenisys,False,neutral,neutral,negative,neutral
e5lmd7w,Psychopath ,3,0,1536387804.0,Ughhhho,False,negative,negative,negative,negative
e5loa27,if i became a criminal my parents will just throw me away ,3,0,1536391682.0,huskyhunter24,False,negative,negative,negative,negative
e5lsh8z,He's lucky that they are his parents!,3,0,1536401069.0,_FooL_,False,positive,positive,positive,positive
e5lu2du,"So cringey. So yesterday if his dad had to hold up a sign would it have said ""my son is a criminal""? Did he need the Supreme Court to say it for him to realise this? However I appreciate his dad for playing along, including the homosexuality bit. You can have my heart. ",3,0,1536404610.0,pragmaticchild,False,negative,negative,neutral,negative
e5luyw2,The guy was my senior in college. A really cool person to be around.,3,0,1536406448.0,skie1994,False,positive,positive,positive,positive
e5mbdnf,I'm not moved,3,0,1536427317.0,Pale_Examination,False,neutral,negative,negative,negative
e5mc2oc,This made my day!,3,0,1536428019.0,Racoonism,False,positive,positive,positive,positive
e5nl4ur,"Nothing short of emotional blackmailing can be expected from most things Indian, and most Indians.

I am not moved and I dont care . Give a shit about what's good or bad about whatever you love to call them- Homosexuals or whatever.

Why cant your question be specific- For those who are Homos or related to ,**If you are not moved by this picture, I wish I had your heart.**

It would have been rational. Why try to blackmail just every one who is either not part of that phenomenon or not related directly to those with the phenomenon called homosexuality ?

Why this craziness to over socialize when it has no practical connection to other's lives ?",3,0,1536478523.0,neon1405,False,negative,negative,negative,negative
e5no05f,Miss me with that gay shit,3,0,1536484923.0,TommyAgustino,False,negative,negative,negative,negative
e71bhbg,"This makes me very proud, what great parents. ",3,0,1538497818.0,CurrySupreme,False,positive,positive,positive,positive
e5juibk,"This ""you should be moved everytime there's something about LGBTQ"" is backwards too.

They're people with equal rights. Didn't have it, but got now. We moved court and are resting now. It's part of normal life now.

So No, I'm not moved by it one iota and I still do have a heart.
",37,0,1536321964.0,iqover190,False,neutral,neutral,neutral,neutral
e5jvgkp,Plot Twiat!,5,0,1536323192.0,Yo_You_Not_You_you,False,neutral,neutral,neutral,neutral
e5jrh31,"71% larger (2048x1639) version of linked image:

https://pbs.twimg.com/media/Dmb1s-rV4AAZdBX.jpg?name=orig

*****

^[source&nbsp;code](https://github.com/qsniyg/maxurl)&nbsp;|&nbsp;[website](https://qsniyg.github.io/maxurl/)&nbsp;/&nbsp;[userscript](https://greasyfork.org/en/scripts/36662-image-max-url)&nbsp;(finds&nbsp;larger&nbsp;images)&nbsp;|&nbsp;[remove](https://np.reddit.com/message/compose/?to=MaxImageBot&subject=delete:+e5jrh31&message=If%20you%20are%20the%20one%20who%20submitted%20the%20post%2C%20it%20should%20be%20deleted%20within%2020%20seconds.%20If%20it%20isn%27t%2C%20please%20check%20the%20FAQ%3A%20https%3A%2F%2Fwww.reddit.com%2Fr%2FMaxImage%2Fcomments%2F8znfgw%2Ffaq%2F)",5,0,1536317310.0,MaxImageBot,False,neutral,neutral,neutral,neutral
e5jwris,"I will keep my heart for now

p.s:- i really need it",2,0,1536324754.0,,False,positive,neutral,neutral,neutral
e5kcpyx,"Moving beyond words- the love of his mom and dad, and the humanity of it all - proud day for India ",2,0,1536339368.0,die2code,False,positive,positive,positive,positive
e5kd416,Beautiful family! Cheers,2,0,1536339705.0,narayans,False,positive,positive,positive,positive
e5kllzx,Wait so you wish you were cold-hearted? Or didn’t care about other people? That’s kinda fucked up...,2,0,1536347133.0,strombej,False,negative,negative,negative,negative
e5klxnl,You wish you had a callous heart?,2,0,1536347432.0,SaladFingerzzz,False,negative,negative,positive,negative
e5km2nk,Is this real? ,2,0,1536347559.0,Moooatchu,False,neutral,neutral,neutral,neutral
e5kmvew,Why would you want a cold heart OP?,2,0,1536348274.0,blackstonewine,False,negative,negative,negative,negative
e5kno9n," Hell Yeah !  
Such parents are not usally found in India. God bless you ",2,0,1536348987.0,AlfaCodeSZD,False,positive,positive,positive,positive
e5lelmw,"I think that one could argue that having something as innate and natural as sex with your loved one being characterized as an act against nature could be called punishment or persecution.

As you said, it was colonial bullshit and now it's gone.",2,0,1536377410.0,Madmartigan1,False,negative,negative,negative,negative
e5loltt,I have a soft spot for Indians and this just melts my heart❤️,2,0,1536392369.0,gnwsush,False,positive,positive,positive,positive
e5lq134,"This is silly. 

He never was a criminal - and, as parents, to suggest otherwise is silly. 

However, this being india, i guess even baby steps in the right direction is good for all of us.",2,0,1536395442.0,enry_straker,False,negative,negative,positive,negative
e5lbjis,He is my college senior. I'm so happy for him!,4,0,1536373630.0,KohliCoverDrive,False,positive,positive,positive,positive
e5kage5,"Why do you want my cold wretched heart.

Just kidding, nice picture, but this belongs on facebook not reddit.",4,0,1536337405.0,peopledontlikemypost,False,negative,negative,negative,negative
e5kcino,Your son was never a criminal. Your government are the criminals. ,4,0,1536339196.0,,False,negative,negative,negative,negative
e5jy1h5,😍😍😍 Whoa !! This is soo wholesome ! ,4,0,1536326163.0,Dragonlord_66,False,positive,positive,positive,positive
e5jvgpr,This is wholesome. Happy for guy and his parents.,5,0,1536323197.0,xuxebiko,False,positive,positive,positive,positive
e5jxomd,Is someone cutting onions in here?,3,0,1536325780.0,AdmThrace,False,neutral,neutral,neutral,neutral
e5ka49u,[deleted],1,0,1536337115.0,,False,neutral,neutral,negative,neutral
e5k6vof,"Just to state my position on the debate, let me start by saying that I'm your textbook dudely dude with zero queer inclinations.

Having said that, I congratulate all you guys on this victory. I really don't want to know what you do in your 'free time' because that's none of my business. I'm safe and comfortable in my orientation and I'm not a #sanskaari-chachaji, so I don't get all worked up about queer people queering about.

Real men don't care about these things. They respect other people as they expect to be respected themselves.

Happy independence day. Go enjoy your life and don't let anybody take your happiness away from you.",2,0,1536334312.0,sarindam007,False,neutral,neutral,neutral,neutral
e5k8znz,"I forgot the context of India's recent legal changes, so I was really concerned about the 'anymore' for a moment.

Like, if you've commited a crime like murder or robbery, the 'anymore' doesn't mean very much.

With the context though it's a happy picture. Congratulations!",1,0,1536336130.0,anklo29,False,negative,neutral,neutral,neutral
e5k967o,"That’s really heart warming, I really hope some other countries start to follow suit...",1,0,1536336291.0,pumpsandblue,False,positive,neutral,positive,positive
e5kcqhc,[deleted],1,0,1536339379.0,,False,neutral,neutral,negative,neutral
e5kknig,Hey u/Whatay what is it that you or your son (idk which of you posted this) were accused of being a criminal of? Were you falsely accused and proven innocent? Why didn't you add this info in the title! Everyone seems to be all heart warmed in the comments but no one says what crime you stopped committing. Either way good for you! ,1,0,1536346275.0,BiohackedGamer,False,neutral,neutral,neutral,neutral
e5kl5dm,Love it.,1,0,1536346720.0,,False,positive,positive,positive,positive
e5kl9mq,Why do you wish for my heart?,1,0,1536346826.0,RoCatSuit,False,neutral,neutral,neutral,neutral
e5klj22,The fact is that it is a much more complex notion to prove someone isn't than it is to prove they are.,1,0,1536347062.0,k1n6,False,neutral,neutral,negative,neutral
e5kltyn,Why would you want my heart? ,1,0,1536347339.0,RoB3R1,False,negative,negative,negative,negative
e5kspfs,Sniff,1,0,1536353453.0,sidin,False,neutral,neutral,neutral,neutral
e5ktn3p,Happy for you guys.,1,0,1536354293.0,,False,positive,positive,positive,positive
e5kufsc,this proves how open minded and cool this guy's parents are. would love to be friends with them.,1,0,1536355037.0,Piece0fCake,False,positive,positive,positive,positive
e5lcqkc,"I think this parent is fully trust on his son. Nice it, parents should be trust on his children it will made them confidential.",1,0,1536375056.0,,False,positive,positive,positive,positive
e5lhh3b,"The new thoughts may be quite good. The cases of khap panchayat, lovers running may not happen if these were accepted. 

The problem exists here in Rajasthan where I live, the two communities share same beliefs, same ideas, farming dominated but still their exists a bad ",1,0,1536381297.0,isaacseaman,False,neutral,neutral,negative,neutral
e5liugl,That's the first post I saw as soon as I woke up. Felt like a good and happy start to my day,1,0,1536383305.0,fckdup2017,False,positive,positive,positive,positive
e5jy9g4,"Your parents are cool, congratulations bro ;) ",1,0,1536326393.0,Phantomkiller03,False,positive,positive,positive,positive
e5k31u9,[removed],1,0,1536330939.0,,False,neutral,neutral,negative,neutral
e5koe6c,I mean I'm not moved but I don't mind ,1,0,1536349638.0,PuddleZerg,False,neutral,neutral,negative,neutral
e5l172t,Take it I don't need it,1,0,1536361804.0,PoptartJD,False,neutral,neutral,positive,neutral
e5ldytt,Dude is dumb cute though. What’s his number? Lol,0,0,1536376595.0,StrangerThaangs,False,positive,positive,neutral,positive
e5k1xzj,"Thank God for 377 legalization cuz otherwise that title is gay af. 

/R/Titlegore",-13,0,1536329939.0,RantsnShitpostsIndia,False,positive,neutral,positive,positive
e5k1qeb,Please take my heart,-3,0,1536329750.0,,False,neutral,neutral,positive,neutral
e5krorr,"He’s not a criminal but he’s still gay .













































And no one cares now .",-7,0,1536352579.0,BatTechCrazy,False,negative,negative,negative,negative
e5kp13w,I'm not moved by this picture,-5,0,1536350205.0,The_Bird_King,False,negative,negative,neutral,negative
e5k0kz3,That father does not look pleased and almost looks terrified. You can't take 100s of years of shit pushed down peoples throats and change it overnight and expect it to just change. I fear for that family. ,-30,0,1536328678.0,MrHallmark,False,negative,negative,negative,negative
e5jxcs5,[deleted],-64,0,1536325421.0,,False,neutral,neutral,negative,neutral
e5kf9qd,Yup. Not moved. You can have my heart I dont use it for much. Fyi its filled with ghee and naan-cholesterol. ,-13,0,1536341582.0,A-disturbed-person,False,neutral,negative,negative,negative
e5judpd,[removed],-11,0,1536321788.0,,False,neutral,neutral,negative,neutral
e5kcre8,[removed],-16,0,1536339401.0,,1545129206.0,neutral,neutral,negative,neutral
e5kmdx4,[removed],-32,0,1536347843.0,,False,neutral,neutral,negative,neutral
e5kgf7c,Better be sure the statute of limitations is up. Don’t want to get arrested for being gay last year. ,-7,0,1536342578.0,SuitablePlace,False,negative,negative,neutral,negative
e5k5ju7,Damn. Thought that was Sreesanth till I read the comments. Had no clue what was going on. Was definitely unmoved. ,-12,0,1536333156.0,fejervarya,False,negative,neutral,negative,negative
e5k53gu,I haven’t seen any one doing that for a straight kid. 😂,-29,0,1536332752.0,jangid,False,neutral,negative,neutral,neutral
e5k7aag,[removed],-18,0,1536334664.0,,False,neutral,neutral,negative,neutral
e5k1zr6,A track record is a track record. Sorry dude!,-24,0,1536329983.0,Maximus19782,False,negative,negative,negative,negative
e5k5vn3,Anymore?,-8,0,1536333441.0,MegladonDestiny,False,neutral,neutral,neutral,neutral
e5jy5c5,[removed],-13,0,1536326274.0,,False,neutral,neutral,negative,neutral
e5k2d6f,What’s the story? ,206,1,1536330317.0,BigBulkemails,False,neutral,neutral,neutral,neutral
e5khyac,"Hello! Raiding top comment to post the caption he posted alongside the post on Facebook. Removed the personal information like mobile no. and email. 
> 
> I am so Gay Today ( literally and figuratively ) as I am no longer a criminal. While I pen down my message, it’s my sincere request to share this message hoping it reaches to folks who are struggling within and also to their families. Please do not hesitate in sharing. If you hesitate, I lose. We lose!
> 
> Sexuality is a part of your identity and not your identity. Everyone takes their own time to accept themselves thereafter its a journey of self-awareness and owning your personality traits. Two years ago I lived a life which was not letting me live like a free bird. The dual in my mind was strong enough to let me be unsure of who am I. Then started my journey of self-exploration through socializing with folks from the community and their life values and experiences helped me deal with this battle in my head. I came out to my dearest friend Nikhil on his Birthday and felt that I gain the honest trust by telling my true story. My life changed at the very moment. It felt as if a butterfly coming out of a cocoon. Soon I started coming out to my brothers I gained in college and their response was heart melting. My parents live in a conservative surrounding and didn’t want them to get hurt/taunted by other because of my sexuality. It was hurting me to keep this within but I don’t want to be that selfish thus I took time and the time was right I got the courage to let them know about my lifestyle. The reaction was not negative and I feel privileged. But the doubts were real in the lines of biological problems ( impotency, erectile dysfunction etc ) which the society claims to make a man less of man. They needed time and thus I waited to not come out in public to protect them. 
> 
> Today as I entered my home mom and dad gave me a tight hug and said in their happy face “Congratulation Son now it's legal” and I couldn't help but let out tears of joy (I’m getting this sudden tear burst even while writing this). I learnt that my mother started sensitizing the folks around her. My Dad is a govt employee and this law was holding him back to fight for me in the fear of what such laws create in the mind of our parents. Today on this historic day 6/9 (what a damn day, brings back the college nostalgia of my obsession with the number 069 starting from the ID number which I got in college) my parents are so happy that she told me “Now go broadcast it” “Acha hai abhi koi ladhki ka rishta leke nahi aayega” (Good now that we won't get marriage proposals of girls for you). She is my Gem <3 from not knowing anything about LGBT to becoming a person sensitizing people around her, I am proud of her :’-) .
> 
> Now the next step is awareness so that we live in harmony along with our fellow Indians. We still have a very long way to go to reach a state where we see same-sex marriage in India. I hope to see Queer folks not trying to fit into heteronormativity and cherishing what they really are. We are not asking for sympathy but a safe and friendly place to live in harmony. Our lack of awareness, our assumptions, ignorance and phobias are killing our closeted friends. Let's get to know about the LGBTQ community so that's we don't unintentionally be insensitive to our dear friends. Do share this if you think you learnt something and might help others in your feed. 
> 
> I never wanted to spread gossip about my sexuality rather use it to sensitizing folks I am across in my life journey and I am really really grateful to you. Brodas from another Mother - Love you all, You don’t know how lucky I feel having u guys in my life. You guys elevated my spirit when I came out to you and made me realise I am so much more than being your Gay friend. My community family hugs and kisses to you all, we have come a long way. 
> 
> Special Note: Dear LGBTQ fellows, if you are facing any kind of challenge or need any guidance, please feel free to reach out to me. Call me on (+91-XXXXXXXXXX) or email me (REDACTED), if you think that I may be of some help. You have got only one life. Live it well. Play it well. Don't be afraid of anything or anyone.
> 
> In the course of coming out this Quote from Sense 8, I relate little too much - 
> “What you are trying to seek is a well-defined answer which is already what you are expecting to hear.
> But the answer is not that simple.” Who am I?
> 
> Now this is my quote 
> “Truth Gives you Power!”
> the Flamboyant Hooman - Arnab Nandy ( I am still that fellow who will annoy you with his lame jokes)
> 
> “Now where is the party tonight ?” ",57,1,1536343919.0,,False,neutral,neutral,neutral,neutral
e5lwhm1,These are the kind of parents who have always put their children above everything. I am pretty sure the parents themselves have a very healthy relationship. True love looks like this.,2,1,1536409201.0,,False,positive,positive,positive,positive
e5lfgr4,"exactly , this type of parents is a massenger  of God.",1,1,1536378531.0,cryptokira35,False,negative,positive,positive,positive
e5llidl,"Certainly not just India. Not many people know that Alan Turing (inventor of the great Turing Machine concept) was [officially arrested for indecency and homosexual acts](https://en.wikipedia.org/wiki/Alan_Turing#Conviction_for_indecency) in 1952, and was only let go after he promised to undergo medical treatment for that. He died shortly, of course and was [posthumously pardoned by the Queen only in 2014](https://en.wikipedia.org/wiki/Alan_Turing#Government_apology_and_pardon) (along with others of his generation who were also guilty of that charge). ",1,1,1536386313.0,ubuntu_mate,False,neutral,neutral,negative,neutral
e5lljag,"Certainly not just India. Not many people know that Alan Turing (inventor of the great Turing Machine concept) was [officially arrested for indecency and homosexual acts](https://en.wikipedia.org/wiki/Alan_Turing#Conviction_for_indecency) in 1952, and was only let go after he promised to undergo medical treatment for that. He died shortly, of course and was [posthumously pardoned by the Queen only in 2014](https://en.wikipedia.org/wiki/Alan_Turing#Government_apology_and_pardon) (along with others of his generation who were also guilty of that charge). ",1,1,1536386336.0,ubuntu_mate,False,neutral,neutral,negative,neutral
e5llk2e,"Certainly not just India. Not many people know that Alan Turing (inventor of the great Turing Machine concept) was [officially arrested for indecency and homosexual acts](https://en.wikipedia.org/wiki/Alan_Turing#Conviction_for_indecency) in 1952, and was only let go after he promised to undergo medical treatment for that. He died shortly, of course and was [posthumously pardoned by the Queen only in 2014](https://en.wikipedia.org/wiki/Alan_Turing#Government_apology_and_pardon) (along with others of his generation who were also guilty of that charge). ",1,1,1536386356.0,ubuntu_mate,False,neutral,neutral,negative,neutral
e5llkcg,"Certainly not just India. Not many people know that Alan Turing (inventor of the great Turing Machine concept) was [officially arrested for indecency and homosexual acts](https://en.wikipedia.org/wiki/Alan_Turing#Conviction_for_indecency) in 1952, and was only let go after he promised to undergo medical treatment for that. He died shortly, of course and was [posthumously pardoned by the Queen only in 2014](https://en.wikipedia.org/wiki/Alan_Turing#Government_apology_and_pardon) (along with others of his generation who were also guilty of that charge). ",1,1,1536386362.0,ubuntu_mate,False,neutral,neutral,negative,neutral
e5llktd,"Certainly not just India. Not many people know that Alan Turing (inventor of the great Turing Machine concept) was [officially arrested for indecency and homosexual acts](https://en.wikipedia.org/wiki/Alan_Turing#Conviction_for_indecency) in 1952, and was only let go after he promised to undergo medical treatment for that. He died shortly, of course and was [posthumously pardoned by the Queen only in 2014](https://en.wikipedia.org/wiki/Alan_Turing#Government_apology_and_pardon) (along with others of his generation who were also guilty of that charge). ",1,1,1536386375.0,ubuntu_mate,False,neutral,neutral,negative,neutral
e5llo6b,"Certainly not just India. Not many people know that Alan Turing (inventor of the great Turing Machine concept) was [officially arrested for indecency and homosexual acts](https://en.wikipedia.org/wiki/Alan_Turing#Conviction_for_indecency) in 1952, and was only let go after he promised to undergo medical treatment for that. He died shortly, of course and was [posthumously pardoned by the Queen only in 2014](https://en.wikipedia.org/wiki/Alan_Turing#Government_apology_and_pardon) (along with others of his generation who were also guilty of that charge). ",1,1,1536386459.0,ubuntu_mate,False,neutral,neutral,negative,neutral
e5llyp7,"Certainly not just India. Not many people know that Alan Turing (inventor of the great Turing Machine concept) was [officially arrested for indecency and homosexual acts](https://en.wikipedia.org/wiki/Alan_Turing#Conviction_for_indecency) in 1952, and was only let go after he promised to undergo medical treatment for that. He died shortly, of course and was [posthumously pardoned by the Queen only in 2014](https://en.wikipedia.org/wiki/Alan_Turing#Government_apology_and_pardon) (along with others of his generation who were also guilty of that charge). ",1,1,1536387186.0,ubuntu_mate,False,neutral,neutral,negative,neutral
e5llz34,"Certainly not just India. Not many people know that Alan Turing was [officially arrested for indecency and homosexual acts](https://en.wikipedia.org/wiki/Alan_Turing#Conviction_for_indecency) in 1952, and was only let go after he promised to undergo medical treatment for that. He died shortly, of course and was [posthumously pardoned by the Queen only in 2014](https://en.wikipedia.org/wiki/Alan_Turing#Government_apology_and_pardon) (along with others of his generation who were also guilty of that charge). ",1,1,1536387202.0,ubuntu_mate,False,neutral,neutral,negative,neutral
e5ppw0p,"I get the gist of your comment, but in my experience, Indian parents are almost always amazing. The shitty ones get in the news.....",1,1,1536570194.0,GrenadeIn,False,positive,neutral,neutral,neutral
e5tsacf,"Middle-class, or even in general, Indian parents are more accepting of their children. They are very vocal but they do consider their child their duty.",1,1,1536726098.0,daakuredpanda,False,positive,positive,neutral,positive
e5kobpm,I came to write this.,0,1,1536349578.0,yal_sik,False,neutral,neutral,neutral,neutral
e5jvnlm,"Some Indian parents are driven by the fear of 'log kya kahenge'. It's a lesson on how to not-parent.  

Sorry your parents were not supportive or understanding. *hugs*, if you want. ",267,1,1536323432.0,xuxebiko,False,negative,negative,negative,negative
e5jxbyr,"Also kulcha-based guilt-tripping needs to reduce.

They think they're only good parents if they find enough mistakes in you.",50,1,1536325396.0,linuxdev2,False,negative,negative,neutral,negative
e5jx68u,I've been yelled at multiple times. I've been told I'm useless uncountable times. My parents never hug me and tell me I'm weak if I cry (which I never do as I fear being called a girl) and complain about lack of emotional support. This has completely screwed me up emotionally and reflects on my other relationships where I don't open up to people and I feel dead inside. I'm a sad 20 year old guy and I know I deserve some love which I never receive from family. I've contemplated suicide in the past multiple times (I'm fine now). It's frustrating. They screwed me up emotionally. ,124,1,1536325220.0,ameyano_acid,False,negative,negative,negative,negative
e5k96ha,"Hello from /r/all!

Can you translate ""khane mein kya khaya"", and 'log kya kahenge' and kulcha?",15,1,1536336297.0,Momochichi,False,neutral,neutral,neutral,neutral
e5k0asf,">The number of times I have cried my heart out in my own house and not told my parents about it 

Been through that bro.",10,1,1536328416.0,SaltyMarmot5819,False,negative,negative,negative,negative
e5k71sq,"And then there's my dad who verbally abuses me in front of everybody. 

",9,1,1536334459.0,,False,negative,negative,negative,negative
e5jzbl4,Some fault lies with the kids as well.  Don't be too scared and take your own decision.  They won't support you well just do it any way because you are an adult.  ,6,1,1536327470.0,,False,negative,neutral,negative,negative
e5kvv41,It’s more about the honor :( I hope the new wave of parents will be different. ,2,1,1536356388.0,,False,negative,negative,positive,negative
e5kp84a,Wow this hits home,1,1,1536350374.0,chaosandcolors,False,positive,positive,positive,positive
e5kj8nh,Just waiting when they legalise inter caste marriages ..,0,1,1536345037.0,isaacseaman,False,neutral,neutral,neutral,neutral
e5k9n96,"It's not about being supportive or understanding. Yaha par to Pura Generation gap hi hai bro. To isme unki BHI itni Galti nhi hain. Purani thinking hai, time to lagega..",-2,1,1536336704.0,Digantwayne,False,negative,neutral,neutral,neutral
e5m23ms,BITS Goa?,3,1,1536416767.0,gargoel,False,neutral,neutral,neutral,neutral
e5jye4m,"Look at the bright side, it was a British era law, and the modern democracy understood the need to get it out of our way.",66,1,1536326528.0,altair222,False,neutral,positive,neutral,neutral
e5k3u1w,"Being gay was never criminal, only ""acts against order of nature"" was criminal?
Please this is a question, I am not trying to justify or anything I want to if this is accurate or not",7,1,1536331637.0,ilovemyindia_goa,False,negative,neutral,negative,negative
e5kmb3w,"Not to mix apples with oranges here but wording is important.

Pedophilia is a sexual preference too for example ",2,1,1536347772.0,somedude224,False,neutral,negative,negative,negative
e5k5tyf,"I mean, pedophilia and necrophilia are also ""special preferences"" (though that term implies a choice) that are (and should remain) criminal.",2,1,1536333401.0,mbo1992,False,negative,negative,negative,negative
e5knf71,I literally came to the comments wondering if this is a saying that doesn’t translate well or I’m missing something or if it’s just a typo. Can someone weigh in? ,14,1,1536348765.0,BigbyWolf343,False,negative,negative,negative,negative
e5juub0,Yes.,72,1,1536322402.0,Whatay,False,neutral,positive,neutral,neutral
e5jumps,Cheers. ,19,1,1536322128.0,Whatay,False,positive,neutral,positive,positive
e5kbzu1,[removed],20,1,1536338741.0,,False,neutral,neutral,negative,neutral
e5kda0q,[removed],13,1,1536339851.0,,False,neutral,neutral,negative,neutral
e5k5og5,[removed],2,1,1536333268.0,,False,neutral,neutral,negative,neutral
e5kgiqe,[removed],2,1,1536342661.0,,False,neutral,neutral,negative,neutral
e5kufic,hmm.. finally the link I was looking for,2,1,1536355029.0,nolanfan2,False,neutral,positive,neutral,neutral
e5kfuxg,Umm... heterosexual marriages are by their nature inter-gender,1,1,1536342092.0,Oblivion_Wonderlust,False,neutral,neutral,neutral,neutral
e5ke5np,"Article 377 has been abolished which means that gay sex is now legal in India. Guessing by the picture, their son is gay.",5,1,1536340614.0,bkm007,False,neutral,neutral,neutral,neutral
e5ksv3y,Legalising being gay,2,1,1536353581.0,YuviManBro,False,neutral,neutral,neutral,neutral
e5lsyxt,"Your parents have set the bar too high.

If you are not a PHD or Post graduate from the best universities or a doctor or engineer with a job, chances of you being thrown away seem to be equally high.",1,1,1536402191.0,bootpalish,False,negative,negative,neutral,negative
e5m1e2o,"Are you asking if the Supreme Court had to decide if homosexuality was illegal? Yes, yes they did",1,1,1536415861.0,bobby17171,False,neutral,neutral,negative,neutral
e5jvy5e,"It is the other side of 'Sena pe jawaan lad rahe hain"" logic. Exaggerating and relating to stuff there is no need for. ",24,1,1536323795.0,dr_karan,False,negative,negative,neutral,negative
e5k0msu,"Is it really a part of normal life in India now, mate? Decriminalization doesn't necessarily mean that everyone will readily accept queer people for who they are, or atleast the conservative folks in India. It takes time to change one's outlook but this definitely is a massive step. Regardless, you can feel what you feel without being too insensitive. ",39,1,1536328727.0,chickenbreastfetish,False,neutral,neutral,positive,neutral
e5jypp8,"Do they really have equal rights though?
I think they still can't marry and adopt.",20,1,1536326857.0,adev_opus,False,negative,negative,neutral,negative
e5jygtq,"By getting moved by this means to feel what they might be feeling. To be held as a criminal for a good long time for being what nature made you to be, is cruel. And now, they're free",16,1,1536326604.0,altair222,False,negative,negative,negative,negative
e5jzgr0,"They still don't have equal rights. Let them legalise same sex marriage first, then we can say it's the new normal.",13,1,1536327612.0,ericdryer,False,negative,negative,neutral,negative
e5jz18g,Why should a post even tell me how to feel? Show me the content and let me have a personal reaction to it.,13,1,1536327184.0,crisp_spruce,False,negative,neutral,neutral,neutral
e5kqgvg,Ok,1,1,1536351491.0,Piritiup,False,positive,neutral,neutral,neutral
e5kfzq9,[deleted],3,1,1536342208.0,,False,neutral,neutral,negative,neutral
e5kl74s,The context here is the decriminalization of the *very existence* of thousands upon thousands of homosexuals. Your comment makes zero sense.,-1,1,1536346764.0,,False,negative,negative,negative,negative
e5l9819,">They're people with equal rights. Didn't have it, but got now. 

So the moment someone gets equal rights we should forget about their struggles?",1,1,1536370884.0,cool12y,False,neutral,neutral,neutral,neutral
e5k3gk9,Threre is a difference between empathy and sympathy. You lack both. ,-12,1,1536331305.0,Randomundesirable,False,negative,negative,neutral,negative
e5jvq2j,good bot.,1,1,1536323517.0,xuxebiko,False,positive,positive,positive,positive
e5ldjkh,"The initialism LGBTTQQIAAP (lesbian, gay, bisexual, transgender, transsexual, queer, questioning, intersex, asexual, ally, pansexual) has also resulted, although such initialisms are sometimes criticized for being confusing and leaving some people out, as well as issues of placement of the letters within the new title.",4,1,1536376058.0,Shrihoney,False,neutral,neutral,negative,neutral
e5ke6ib,I and C for? ,3,1,1536340636.0,bkm007,False,neutral,neutral,neutral,neutral
e5r2072,"That's y i shorten it to ""LGB"" to remember it better",1,1,1536619594.0,,False,neutral,neutral,neutral,neutral
e5kmnib,Why does that bother you?,-2,1,1536348092.0,friendlynewguy,False,negative,negative,negative,negative
e5kdp01,"Indian Boy in picture likes Boys, Indian govt no more have problem with people making sexy time with same gender",2,1,1536340213.0,freakedmind,False,neutral,neutral,neutral,neutral
e5l0k6j,India decriminalised homosexuality. The son in that photo is (I’m assuming) gay. Technically he would have been considered a criminal until the decriminalisation. Now he’s not. Thus the celebration. ,4,1,1536361118.0,fillyourselfwithgold,False,neutral,neutral,negative,neutral
e5k2lqx,"Seriously, everyone is congratulating them but publishing this pic online doesn't seem to be a good idea. Most of us on Reddit welcome the SC judgement but  if you read the comments  in related articles of any news site, majority of them are abusive or threatening. I really hope this family stays safe.",21,1,1536330531.0,no_duh_sherlock,False,negative,negative,negative,negative
e5jy0sr,">  I don't have any problem with these people.

You clearly do because you just said you don't like the LGBT community.",55,1,1536326143.0,PM_your_boobs_girls_,False,negative,negative,negative,negative
e5ktoip,Get fucked,4,1,1536354327.0,,False,negative,negative,negative,negative
e5jy2h7,haha 😂 ,-15,1,1536326191.0,Dragonlord_66,False,positive,positive,positive,positive
e5jum3c,[removed],-2,1,1536322103.0,,False,neutral,neutral,negative,neutral
e5jv4v0,[removed],0,1,1536322770.0,,False,neutral,neutral,negative,neutral
e5juu9w,[removed],-2,1,1536322401.0,,False,neutral,neutral,negative,neutral
e5kn1ax,What would be the reason to?😂😂😂,18,1,1536348420.0,juo_megis,False,neutral,neutral,neutral,neutral
e5l7zgx,Since when has being straight ever been a crime anywhere?,7,1,1536369419.0,XyleneCobalt,False,negative,neutral,negative,negative
e5k9sva,[removed],4,1,1536336840.0,,False,neutral,neutral,negative,neutral
e5kmtpy,"You didn’t get it. Homosexuality is not a crime in India anymore, and the dude’s gay and his parents accept that",15,1,1536348231.0,,False,neutral,neutral,negative,neutral
e5k2pa3,"Homosexuality is not a crime anymore, finally",567,2,1536330620.0,chaipotstoryteIIer,False,neutral,neutral,neutral,neutral
e5kn5ko,"It was a British law that was just carried over in 1947 cause no one wanted to over think it. Then became the norm among Indians too. That being Gay is not okay. Too bad, successive parliaments did not over throw this law all these years. Even though many ministers admitted its not cool. But were scared of conservative voters. Finally the supreme court has struck it down.",6,2,1536348525.0,seventomatoes,False,negative,negative,negative,negative
e5kbw7c,[removed],-15,2,1536338653.0,,False,neutral,neutral,negative,neutral
e5k7esn,"Log kya Kahenge is the single reason why my parents are unhappy with their life.
",104,2,1536334774.0,,False,negative,negative,negative,negative
e5loljf,I need a hug too ,2,2,1536392352.0,warlock707,False,neutral,neutral,neutral,neutral
e5ktxi7,"Log Kya kahenge?

Log don't pay the bills.",2,2,1536354558.0,,False,neutral,negative,neutral,neutral
e5laesu,Right on. ,2,2,1536372284.0,NotRobot_,False,neutral,positive,neutral,neutral
e5k1xsk,"Same man. When I was clearly depressed and asked to go to a doctor ,my mom didn't let me coz what will that fat neighbor aunty think? Why he fuck do you care what they think ?!! And I was a first rank student all my life",27,2,1536329934.0,Bowiefanzy,False,negative,negative,negative,negative
e5k9uzp,[deleted],17,2,1536336890.0,,False,neutral,neutral,negative,neutral
e5jzf39,"sad to hear that.
they are a product of their own upbringing and they don't really know how to show love. so try to forgive them and don't hold too many grudges against them. this can be hard to do but it's for your own good. 
i wish you all the best in your endeavours.",25,2,1536327566.0,,False,negative,negative,neutral,negative
e5k6bcv,I'm sorry to hear that buddy. I was more or less in the same boat and looking back I realise that my upbringing has had a negative effect on how I view most of my relationships. I was emotionally 'impotent' and for quite some time too and only later I realised that it's up to me now to fix my relationships. Keep working on it and you'll be fine.,8,2,1536333821.0,prisonerofignorance,False,negative,neutral,neutral,neutral
e5k6ucv,I'm going through something exactly like this. It just feels like they just want good numbers in sheet. Rest they don't care about. ,8,2,1536334280.0,elfenlied2,False,negative,negative,neutral,negative
e5k8odo,"I'm so sorry you grew up without emotional support. If it's any consolation, just the fact that you already recognise how this affects you is a huge step, and the first of many in your path to healing. You absolutely deserve love, and I am confident you will find it. Hugs from an internet stranger. :-) ",4,2,1536335858.0,TehKarmah,False,positive,positive,neutral,positive
e5kbcp5,"Dude, I haven't had that bad a story with my parents, but let me tell you it gets better.
Post 20, the world opens up in college and you're allowed to hang out with people you want to, and create a supportive environment around you. Find people who support you and point out your mistakes when you're wrong, and don't yes-dude you all the time. ",5,2,1536338183.0,shit_brik,False,positive,positive,neutral,positive
e5ladx2,"Hey man! Take it easy on yourself- if you ever want anyone to just speak to, please ping me. Take care and as Steven Harvey said once ""Life is a beautiful grind!"" ",3,2,1536372256.0,NotRobot_,False,positive,positive,neutral,positive
e5kqcg2,"You deserve better. Go out into the world and show them how much love u have to give. I guarantee it will come back you.

Parents are supposed to support and love you. It's shameful that some don't and I'm sad to hear that you're in that boat. But please understand that you can find love and a feeling of belonging/acceptance in this world DESPITE your familial issues. You are not useless, you have the same wonderful intrinsic value that we all have - the capacity to do good and spread happiness. Please don't underestimate your capacity to accomplish both those acts.",2,2,1536351382.0,greekgooner,False,positive,positive,positive,positive
e5kdldv,"You may want to consider some counselling and not talking to your parents for your own good. Also, finding a loving partner where the feeling is mutual helps too.",1,2,1536340128.0,1Delos1,False,neutral,positive,positive,positive
e5k9ede,"""What did you have for food?""

""What will society think and speak of us?""

Kulcha is derived from 'culture', it also happens to be a traditional Indian bread. ",17,2,1536336488.0,sentientwizard,False,neutral,neutral,neutral,neutral
e5l8xcp,"/u/sentientwizard explains it well, I'd also add that Kulcha is a term mocking the tendency of traditionalists and nationalists to go absolutely nuts about traditional/native culture and anything that goes against it.",4,2,1536370537.0,JavaSoCool,False,neutral,neutral,neutral,neutral
e5kqmrl,"It’s legal. The law supports it. The people belonging to castes don’t believe people can marry with inter faith / inter caste. 
Casteism in India by law is illegal. ",3,2,1536351642.0,thathairyperson,False,neutral,negative,negative,negative
e5kek8l,"You're doomed to repeat the past mistakes if you don't learn from it. This same purani thinking keep getting inherited from previous to next generations and the circle never breaks. They resort to *""we were brought up exactly like this and look where it got us. Parents always know whats best for their kids. It's for your own good. If you disobey, you're a sinner.""* The emotional blackmail needs  to stop if there is to be an end to this bs.",4,2,1536340968.0,silentr3b3I,False,negative,negative,negative,negative
e5jzcqk,71 years but better late than never. ,44,2,1536327501.0,flashbunnny,False,positive,neutral,positive,positive
e5l99sy,"Except the British got rid of those laws decades ago.

This is another issue India needs to overcome. British rule was destructive, but it's been more than enough time to overcome those disadvantages. 

It gives an out to the local leaders when they can just redirect their failure towards the British.",6,2,1536370942.0,JavaSoCool,False,negative,neutral,neutral,neutral
e5k4tby,"Consider what you wrote. The law criminalized gay sex, which is effectively criminalizing being gay. It's like saying ""swimming isn't illegal, but going in the water is.""

India is better off with one less colonial biased law on the books.",22,2,1536332502.0,Madmartigan1,False,negative,negative,negative,negative
e5k6oyi,"You are right. According to s. 377 the act of sodomy was illegal. The interpretation of “acts against order of nature” also included sex with minors, oral, thigh sex and even mutual masturbation. 

While it is true that s. 377 never specifically said anything against gays, it was the act of sodomy, which is associated with being gay that made being a homosexual, criminal. ",12,2,1536334151.0,BhopaliPDawg,False,negative,negative,negative,negative
e5jv2l8,OP is cannibal confirmed ,59,2,1536322690.0,,False,negative,negative,positive,negative
e5jzlom,"OP is a heat patient looking for a transplant - someone not moved by picture isn’t using their heart much. So OP, by wishing to have that heart, is essentially trying to get himself an unused heart. 

And I have too much time today. :(",28,2,1536327745.0,reddit_chaos,False,negative,negative,negative,negative
e5jzgeo,r/inclusiveor,5,2,1536327603.0,warpspeedSCP,False,neutral,neutral,positive,neutral
e5l5k2n,I'd like a heart of someone who was moved by this picture. When can we make an arrangement.,1,2,1536366618.0,outlaw546,False,positive,neutral,negative,neutral
e5kmyue,He said intra,2,2,1536348358.0,,False,neutral,neutral,neutral,neutral
e5nhx7d,yeah i didnt graduate because graduation means nothing to me i dont learn anything when i am graduated or studied further i am aiming to become something good by learning on my own.,1,2,1536472635.0,huskyhunter24,False,negative,negative,neutral,negative
e5km0kz,You know nothing about him. You kinda sound really toxic in this comment bro,11,2,1536347508.0,somedude224,False,negative,negative,negative,negative
e5kmi8t,"Funny how you're the most toxic, shittiest person in this thread",5,2,1536347953.0,Matthew_1453,False,negative,negative,negative,negative
e5kml2m,Do you have a brain? His comment makes plenty of sense,0,2,1536348024.0,Matthew_1453,False,neutral,neutral,positive,neutral
e5kr51e,And you are the type to try and lord your “empathy” over others. ,5,2,1536352097.0,excellentGrammer,False,negative,negative,positive,negative
e5klcft,"I is for ""intersex"", but I have no idea what c is.",4,2,1536346896.0,,False,neutral,neutral,neutral,neutral
e5klblb,"Intersex (people who were born with both male and female sexual organs)

No clue on the C though.

Edit: Slipped my mind that intersex applies to all sexual organs, not just genitalia. ",2,2,1536346874.0,Jarsky2,1536352938.0,neutral,neutral,negative,neutral
e5l0lpt,That's awesome. I wonder why OP didn't include anything close to that info in the title. ,2,2,1536361163.0,BiohackedGamer,False,positive,positive,positive,positive
e5k34ad,"My thoughts exactly, especially as OP’s actual name is used several times on this thread.

Please stay safe, brother. I am truly happy for this victory but I do worry. ",8,2,1536331000.0,donttextspeaktome,False,neutral,neutral,positive,neutral
e5jyari,[deleted],-45,2,1536326431.0,,1536466198.0,neutral,neutral,negative,neutral
e5juz5y,[removed],-3,2,1536322570.0,,False,neutral,neutral,negative,neutral
e5jvip0,[removed],-1,2,1536323264.0,,False,neutral,neutral,negative,neutral
e5ldby5,Shouldn’t they also feel proud of their kids?,7,2,1536375790.0,jangid,False,neutral,positive,neutral,neutral
e5ldejk,Do you think winning a medal is/was a crime? Parents feel proud of their kids - straight or otherwise. ,1,2,1536375882.0,jangid,False,neutral,neutral,positive,neutral
e5kaawa,[removed],-17,2,1536337275.0,,False,neutral,neutral,negative,neutral
e5k2sv5,"Wow...lucky boy. And its not just India, one of the biggest challenges is to face your own parents. Kudos to the parents.",286,3,1536330712.0,BigBulkemails,False,positive,positive,positive,positive
e5lc1sn,"All aspects of homosexuality? From my understanding, 'being' gay wasn't previously illegal, just the 'acts' that by and large only gay or bi people would do. ",1,3,1536374221.0,toxicbrew,False,neutral,neutral,negative,neutral
e6bcdtu,"didnt they change it a few years back. And if they did, y cant they rechange it like last time?",1,3,1537449136.0,pleaaseeeno92,False,neutral,neutral,neutral,neutral
e5k487c,[removed],-17,3,1536331985.0,,False,neutral,neutral,negative,neutral
e5kszb8,thats interesting. I wonder what the views were before 1947?,2,3,1536353686.0,imlost19,False,neutral,positive,positive,positive
e5kd9b3,[removed],6,3,1536339833.0,,False,neutral,neutral,negative,neutral
e5k9lbp,Is there an English translation,34,3,1536336656.0,Shocking,False,neutral,neutral,neutral,neutral
e5k7jis,It's the same with my folks too.,11,3,1536334891.0,xuxebiko,False,neutral,neutral,neutral,neutral
e5klj8s,What’s that mean? ,0,3,1536347067.0,,False,neutral,neutral,negative,neutral
e5lqcl8,here's one hug for you \^.\^,2,3,1536396156.0,SupremeDesigner,False,positive,positive,neutral,positive
e5luind,"*hugs*, if you want and as many as you want.",2,3,1536405568.0,xuxebiko,False,positive,positive,neutral,positive
e5kh3vp,I asked for therapy too once. I was brushed off by saying 'your life is so good. What are you depressed about? Stop complaining! Look at the poor kids that make it big without anything.' It breaks my heart everytime. I hide my tears and have been crying inside for years. This is an uphill climb I didn't sign up for. I'm tired and in distress with nobody I can confide to. I'm suffocating. I need help. I thought of running away but I can't. ,19,3,1536343170.0,ameyano_acid,False,negative,negative,negative,negative
e5loczr,"You missed the crucial last bit. 

Edit:


But they were fucked up in their turn
 By fools in old-style hats and coats,   
Who half the time were soppy-stern
  And half at one another’s throats.

Man hands on misery to man.
 It deepens like a coastal shelf.
Get out as early as you can,
  And don’t have any kids yourself.",2,3,1536391855.0,RassimoFlom,1536392474.0,negative,negative,negative,negative
e5lom01,"There is a lot about traditional Indian culture that is stunning, beautiful and enlightened. Just like everywhere else.

But just like everywhere else, there are practices that India is well rid of. ",2,3,1536392379.0,RassimoFlom,False,positive,positive,positive,positive
e5kquuv,"Ya I get your point it’s legal , but do you still think that the famous dialogue samaj kya khega ? Many successful relationships are destroyed due to this and meagre portion if survives os considered outcasts in their communities. 

It may not matter to the persons involved but their parent’s life gets affected. Don’t know much still a bummer 😕😕😕",1,3,1536351848.0,isaacseaman,False,negative,negative,negative,negative
e5jzggr,"Even the American gay revolution was recent, we are doing fine",40,3,1536327604.0,altair222,False,positive,positive,positive,positive
e5k203l,Even American gay people were accept just one and half decades ago. We're doing fine. Kudos to the judges,2,3,1536329992.0,Bowiefanzy,False,positive,positive,positive,positive
e5l9aur,I agree to that,0,3,1536370977.0,altair222,False,positive,positive,positive,positive
e5kbg8a,nah only sodomy was specifically criminalised meaning that if a man had anal sex with a woman he could be thrown in jail.,3,3,1536338269.0,fallingtopieces,False,negative,negative,negative,negative
e5l60h9,"Being gay isn't about gay sex, like being straight isn't about having sex - people are married and mightn't have sex and still be fine with it (and in a straight relationship). Sex is about reproduction or pleasure, where the latter is a fully imagined thing",0,3,1536367138.0,snugghash,False,neutral,neutral,neutral,neutral
e5l5q0t,Basically a law entirely inspired by christian teachings and moralities. :(,4,3,1536366804.0,snugghash,False,negative,negative,neutral,negative
e5jxe9r,the right answer,16,3,1536325467.0,linuxdev2,False,neutral,positive,positive,positive
e5jyb5i,Omon gon Oson,6,3,1536326442.0,Utkar22,False,neutral,neutral,neutral,neutral
e5kh8nx,Oh well hypothetically he could eat dick with no consequences.,3,3,1536343287.0,Alienosaur,False,negative,negative,negative,negative
e5k3fwz,">OP is a heat patient looking for a transplant

Man it must really suck to be cold all the time. Is there like a website or something where I can check if I'm a match? Or can we at least do a GoFundMe to get him an electric blanket or maybe some warmer socks? ",15,3,1536331289.0,TheArmchairSkeptic,False,negative,negative,negative,negative
e5knboo,Sneak edit,2,3,1536348678.0,Oblivion_Wonderlust,False,neutral,neutral,neutral,neutral
e5niedd,"I am just a graduate too.

I moved out before I could be thrown out. ",2,3,1536473443.0,bootpalish,False,neutral,negative,neutral,neutral
e5koete,"""They're people with equal rights""

The Indian LGBT community still cannot marry. I'd venture a guess that they can't adopt, though I'm happy to be corrected. These are only the most obvious ways in which they don't have equal rights.

""Didn't have it [equal rights], but got now... I'm not moved"" 

Why it makes sense to feel unmoved by a sudden reversal of egregious injustice perpetrated on fellow humans, I have no idea. Is it also unmoving when a person is exonerated for a crime they didn't commit? Is it unmoving when a person is saved from a violent crime, or when they are rescued from a captor and reunited with their family? I certainly have a brain, do you have *any* capacity for empathy?",7,3,1536349656.0,,False,negative,negative,negative,negative
e5l1fyk,Yes. ,-8,3,1536362067.0,Randomundesirable,False,neutral,positive,neutral,neutral
e5km6xa,Already a word for that. Hermaphrodite,-9,3,1536347665.0,DildoSchwaggins101,False,neutral,neutral,positive,neutral
e5l0nyu,I don’t know if it’s their family photo itself. And it’s been pretty big news. But I guess it’s still spreading! ,1,3,1536361228.0,fillyourselfwithgold,False,neutral,negative,positive,neutral
e5k01l6,What do you mean?,23,3,1536328174.0,PM_your_boobs_girls_,False,neutral,neutral,neutral,neutral
e5jv7zn,[removed],-1,3,1536322885.0,,False,neutral,neutral,negative,neutral
e5jvov5,[removed],0,3,1536323474.0,,False,neutral,neutral,negative,neutral
e5k301s,"I cant say about the rest of the world, but Indian parents are *generally* quite loving and accepting of their kids, the only hurdle is 'log kya kahenge' ",167,4,1536330893.0,chaipotstoryteIIer,False,positive,positive,positive,positive
e5llbsf,"Certainly not just India. Not many people know that Alan Turing (inventor of the great Turing Machine concept) was [officially arrested for indecency and homosexual acts](https://en.wikipedia.org/wiki/Alan_Turing#Conviction_for_indecency) in 1952, and was only let go after he promised to undergo medical treatment for that. He died shortly, of course and was [posthumously pardoned by the Queen only in 2014](https://en.wikipedia.org/wiki/Alan_Turing#Government_apology_and_pardon) (along with others of his generation who were also guilty of that charge). ",1,4,1536386142.0,ubuntu_mate,False,neutral,neutral,negative,neutral
e5llbzj,"Certainly not just India. Not many people know that Alan Turing (inventor of the great Turing Machine concept) was [officially arrested for indecency and homosexual acts](https://en.wikipedia.org/wiki/Alan_Turing#Conviction_for_indecency) in 1952, and was only let go after he promised to undergo medical treatment for that. He died shortly, of course and was [posthumously pardoned by the Queen only in 2014](https://en.wikipedia.org/wiki/Alan_Turing#Government_apology_and_pardon) (along with others of his generation who were also guilty of that charge). ",1,4,1536386147.0,ubuntu_mate,False,neutral,neutral,negative,neutral
e5llcin,"Certainly not just India. Not many people know that Alan Turing (inventor of the great Turing Machine concept) was [officially arrested for indecency and homosexual acts](https://en.wikipedia.org/wiki/Alan_Turing#Conviction_for_indecency) in 1952, and was only let go after he promised to undergo medical treatment for that. He died shortly, of course and was [posthumously pardoned by the Queen only in 2014](https://en.wikipedia.org/wiki/Alan_Turing#Government_apology_and_pardon) (along with others of his generation who were also guilty of that charge). ",1,4,1536386161.0,ubuntu_mate,False,neutral,neutral,negative,neutral
e5lldxv,"Certainly not just India. Not many people know that Alan Turing (inventor of the great Turing Machine concept) was [officially arrested for indecency and homosexual acts](https://en.wikipedia.org/wiki/Alan_Turing#Conviction_for_indecency) in 1952, and was only let go after he promised to undergo medical treatment for that. He died shortly, of course and was [posthumously pardoned by the Queen only in 2014](https://en.wikipedia.org/wiki/Alan_Turing#Government_apology_and_pardon) (along with others of his generation who were also guilty of that charge). ",1,4,1536386198.0,ubuntu_mate,False,neutral,neutral,negative,neutral
e5llewr,"Certainly not just India. Not many people know that Alan Turing (inventor of the great Turing Machine concept) was [officially arrested for indecency and homosexual acts](https://en.wikipedia.org/wiki/Alan_Turing#Conviction_for_indecency) in 1952, and was only let go after he promised to undergo medical treatment for that. He died shortly, of course and was [posthumously pardoned by the Queen only in 2014](https://en.wikipedia.org/wiki/Alan_Turing#Government_apology_and_pardon) (along with others of his generation who were also guilty of that charge). ",1,4,1536386223.0,ubuntu_mate,False,neutral,neutral,negative,neutral
e5llfcz,"Certainly not just India. Not many people know that Alan Turing (inventor of the great Turing Machine concept) was [officially arrested for indecency and homosexual acts](https://en.wikipedia.org/wiki/Alan_Turing#Conviction_for_indecency) in 1952, and was only let go after he promised to undergo medical treatment for that. He died shortly, of course and was [posthumously pardoned by the Queen only in 2014](https://en.wikipedia.org/wiki/Alan_Turing#Government_apology_and_pardon) (along with others of his generation who were also guilty of that charge). ",1,4,1536386234.0,ubuntu_mate,False,neutral,neutral,negative,neutral
e5llfyp,"Certainly not just India. Not many people know that Alan Turing (inventor of the great Turing Machine concept) was [officially arrested for indecency and homosexual acts](https://en.wikipedia.org/wiki/Alan_Turing#Conviction_for_indecency) in 1952, and was only let go after he promised to undergo medical treatment for that. He died shortly, of course and was [posthumously pardoned by the Queen only in 2014](https://en.wikipedia.org/wiki/Alan_Turing#Government_apology_and_pardon) (along with others of his generation who were also guilty of that charge). ",1,4,1536386251.0,ubuntu_mate,False,neutral,neutral,negative,neutral
e5llgxk,"Certainly not just India. Not many people know that Alan Turing (inventor of the great Turing Machine concept) was [officially arrested for indecency and homosexual acts](https://en.wikipedia.org/wiki/Alan_Turing#Conviction_for_indecency) in 1952, and was only let go after he promised to undergo medical treatment for that. He died shortly, of course and was [posthumously pardoned by the Queen only in 2014](https://en.wikipedia.org/wiki/Alan_Turing#Government_apology_and_pardon) (along with others of his generation who were also guilty of that charge). ",1,4,1536386277.0,ubuntu_mate,False,neutral,neutral,negative,neutral
e5k4h9d,[removed],1,4,1536332206.0,,False,neutral,neutral,negative,neutral
e5kdj8w,I guess they like butt stuff?,2,4,1536340075.0,,False,neutral,neutral,neutral,neutral
e5k9swu,"It's basically ""what will people say"". ",77,4,1536336841.0,Pello5,False,neutral,neutral,neutral,neutral
e5kbmjc,"It basically means “what will people say?” As the other two redditors have pointed out.

It’s just the mentality of indian parents to force their children to conform to societal ideals and not explore their own individuality. Essentially programming their children to be normal and boring.
",26,4,1536338422.0,,False,negative,negative,negative,negative
e5k9udc,*What will people say?*,14,4,1536336875.0,DungBeetle007,False,neutral,neutral,neutral,neutral
e5klvzj,Roughly “what will other people say”,2,4,1536347389.0,Hurr1canE_,False,neutral,neutral,neutral,neutral
e5lgfgn,How old are you?,3,4,1536379828.0,,False,neutral,neutral,neutral,neutral
e5lok6q,"I’m from the uk. Gora. 

My friend is a psychologist. Last night we were talking about chronic fatigue syndrome and we got talking somatisation. Physical manifestations of mental trauma. 

She was saying that often, Indian patients would come in complaining of hurting everywhere and more often than not have “nothing” wrong with them “physically.” 

To the point where she could make the diagnosis very rapidly. She said the major cause was that depression was stigmatised.

I guess traditionally it make perfect sense: if you are religious and live in a karmic system, what you have is your lot and you deserve it and should accept it. If you carry on being miserable you are just screwing your future selves.

Source: https://www.ncbi.nlm.nih.gov/pubmed/8678173/
",3,4,1536392270.0,RassimoFlom,False,neutral,neutral,neutral,neutral
e5loevi,[deleted],1,4,1536391962.0,,False,neutral,neutral,negative,neutral
e5kr8qk,"I do my bit educating my parents in every way possible and open their eyes to have their own opinions for everything. My sister married a Sindhi man. His staunch family opened their arms wide open. The only difference between them is who they worship. As for being a human, it always comes last in our country. Everything else is what matters. It’s something that not one person can change but the people themselves need to be willing to learn and accept new thoughts ",1,4,1536352185.0,thathairyperson,False,neutral,neutral,positive,neutral
e5k4swe,[deleted],22,4,1536332492.0,,1550995231.0,neutral,neutral,negative,neutral
e5kr9c2,"Marriage was legal only 3 years ago, which is fucking nuts",2,4,1536352200.0,,False,negative,negative,negative,negative
e5l8gko,"I agree that being gay is about more than gay sex, but the intent of criminalizing gay sex was to punish and persecute gay people.",1,4,1536369977.0,Madmartigan1,False,negative,negative,negative,negative
e5k6ht2,Lol. Yeah. ,1,4,1536333976.0,reddit_chaos,False,neutral,positive,neutral,neutral
e5knikw,I see,1,4,1536348848.0,,False,neutral,neutral,neutral,neutral
e5plce1,Oops🙈😂,1,4,1536560617.0,EnCoderX,False,neutral,negative,neutral,neutral
e5nohwt,Not with me i just dropped out of school this year,1,4,1536486100.0,huskyhunter24,False,negative,negative,negative,negative
e5knx3l,"Intersex is more general than that. They don't always have mixed genitalia, but other sexual characteristics can be mixed. I have a friend who appeared to be male externally, but also had ovaries.

Also, I think I read that true hermaphroditism in humans is pretty much impossible, but I'm not a biologist, so don't quote me on that.",5,4,1536349213.0,IzarkKiaTarj,False,neutral,neutral,neutral,neutral
e5krwvv,"Because of the long history of negative connotations that word brings, and the fact that it's generally inaccurate (since it implies a person has both sets of functioning sexual organs, which is flat out not possible), people with the medical condition typically prefer not to be called hermaphrodite, to the point where a lot of them consider it a minor slur. And since they are the ones affected their opinion is the only one that should matter. ",4,4,1536352777.0,Jarsky2,1536356548.0,negative,negative,negative,negative
e5lm8nn,[deleted],1,4,1536387586.0,,1536466196.0,neutral,neutral,negative,neutral
e5k185i,[deleted],-35,4,1536329284.0,,False,neutral,neutral,negative,neutral
e5jw1q2,[removed],1,4,1536323915.0,,False,neutral,neutral,negative,neutral
e5kle3h,but sharma ji ka beta toh normal sex karta hai,44,5,1536346937.0,theguy2108,False,neutral,neutral,neutral,neutral
e5k3beb,Ah! It's difficult everywhere. But this is indeed happy news for both this guy and country. I also liked the fact that it was eventually left to the courts rather than it becoming a political issue. ,52,5,1536331176.0,BigBulkemails,False,positive,positive,positive,positive
e5kf0dc,"Wait really? Where in India are you from? Literally every person in my family, and a good amount I know in our little Indian community in the US take a younger/""lesser"" person voicing disagreement as though it's an attack on them personally. I can't think of many Indian parents I've known who would be okay with their son being gay. That being said, it's done out of love. From what I've heard/seen they're trying to protect their kids from what they see as a lifestyle that will have a negative outcome that the child will eventually regret. ""Sure someone else can be, but not MY kid."" was their general view, sorta like their viewpoints on non-stem careers/majors. That being said, most of my experience in India was years ago, and my family is on the older side since I'm not a kid, so perhaps modern times have led to a different mindset?",36,5,1536341359.0,Morpheus_the_God,False,negative,neutral,neutral,neutral
e5kyiiq,"> 'log kya kahenge' 

Unless I fucked up.. 
 
Rough translation 

'What will people say'


For those wondering
",9,5,1536358993.0,QBBx51,False,neutral,neutral,neutral,neutral
e5lwnb9,On point.,2,5,1536409457.0,,False,positive,neutral,positive,positive
e5kkhv8,That certainly seems to be the case. My Indian friends always seem to have a very strong and tight-knit family dynamic.,1,5,1536346137.0,,False,positive,positive,positive,positive
e5kr4q1,"Don’t know if you are Indian like me but il have to concur. Parents are loving and as equally controlling, atleast from what I picked up from all my other friends. Also there’s still a stigma about being gay. Just because it’s legal to be gay doesn’t change people’s mind in a day. I.e black people",0,5,1536352089.0,trooperpride,False,neutral,neutral,neutral,neutral
e5ke7cv,"wrong place and time, atleast have some kind of situational awareness, dont crack sexual jokes when its a day of celebration for many.",6,5,1536340655.0,Xtermix,False,negative,negative,negative,negative
e5kdvly,There's a [movie](https://m.imdb.com/title/tt7213936/) coming out on the same premise.,7,5,1536340373.0,silentr3b3I,False,neutral,neutral,neutral,neutral
e5kyr2e,That's so sad! I couldn't imagine basing my entire life on that quote! 😢,3,5,1536359233.0,shybinashvilleguy,False,negative,negative,negative,negative
e5lgu7y,I'm 20. I know I'm old enough to run away but I do not wish to jeopardize my career. I have chosen biotechnology as a career. ,5,5,1536380397.0,ameyano_acid,False,neutral,neutral,neutral,neutral
e5lonrn,There you go. ,1,5,1536392482.0,RassimoFlom,False,neutral,neutral,neutral,neutral
e5le4u2,"It isn't though. I highly doubt anyone wanted to punish gay people in India. We have some of the highest male-male contact in the world lul. It's just ""unnatural acts"", like the other threads say, it was all anal sex, bestiality, etc. And also an old, colonial law",0,5,1536376809.0,snugghash,1536377025.0,negative,neutral,negative,negative
e5mghl5,"That's not what he said at all. 

",1,5,1536432436.0,PM_your_boobs_girls_,False,negative,negative,negative,negative
e5k216b,"> I participated in pride march (Bengaluru) and some of the people I met were crazy like how some vegans are.

Shitty people are shitty people - what can you say? That's like saying I don't like the Indian community because of a few vocal extremist hindu nationalists - if you want support from people, that's not how you do it. ",29,5,1536330020.0,PM_your_boobs_girls_,False,negative,negative,negative,negative
e5k9yh4,"""Oh let me judge the whole demographic with my experience with a sample size!""",29,5,1536336977.0,sentientwizard,False,neutral,neutral,positive,neutral
e5jx9kj,[removed],-1,5,1536325320.0,,1538314651.0,neutral,neutral,negative,neutral
e5l5fhx,"Ab main bhi normal sex karta hoon. Aap shayad heterosexual bolna chaah rahe the.

 --slap-- ""zabaan ladata hai"".",21,6,1536366471.0,Jugad,1536373106.0,neutral,neutral,negative,neutral
ed0qvk8,Motherfucker I am sharmaji ka beta. I fuck bitches.,1,6,1546362963.0,,False,negative,negative,negative,negative
e5k3pmz,"I strongly agree. People are fussing everywhere about what bjp congress and aap's stands are on this, but i dont care. Its the law now. Not a government's opinion. ",30,6,1536331528.0,chaipotstoryteIIer,False,neutral,neutral,negative,neutral
e5layu1,"Right? My parents are not even that conservative and they were livid when I tried to ""justify"" having a white girlfriend. I was merely responding to their questions. 

We are not in the US, but I assume first generation Indian parents are almost alike everywhere. 
",8,6,1536372949.0,,False,negative,negative,negative,negative
e5kim1q,I've seen few indian gay weddings on youtube indian guy marrying white guy. Really nothing new... ,-5,6,1536344493.0,kneegrowmang,False,neutral,neutral,negative,neutral
e5lme9s,100% Indian here. And yes stigma doesn't disappear in a day but atleast legally everyone is equal now. They should make gay marriage legal soon. ,1,6,1536387860.0,chaipotstoryteIIer,False,positive,neutral,positive,positive
e5kljsr,"My joke was a way of celebrating, couldn't be happier for all the gay brahs in India, apparently it came off wrong. I wish congratulations to their whole country for getting one step closer to the 21st century.",3,6,1536347080.0,EpicLevelWizard,False,positive,positive,negative,positive
e5kije8,Go watch it. It is so fucking good!,3,6,1536344429.0,virusporn,False,positive,positive,positive,positive
e5lek0n,"Yeah it sucks ass.

But my parents didn’t bury their head too far into the ground if you know what I mean. So my life doesn’t completely suck.

They don’t try to kill my individuality, they just kill their own individuality.",3,6,1536377351.0,,False,negative,negative,negative,negative
e5lh9ul,Don't 'run away'. Try to become as independent as you can and then take your own path. I have been experiencing a similar situation rn and it's really hard if you don't have a firm passion or clear goal to move forward. In such a case the idea of finally being able to make your own decisions can be a 'goal'. Atleast that's what I am doing now.,5,6,1536381006.0,,False,neutral,neutral,negative,neutral
e5lkk2p,😄🎵🎶🎶🎵🎵🎶AaaaaaaaAAAaaaaaaaaaa🎶🎵🎶🎶 Kabhi Khushi kabhi gham..,1,7,1536385481.0,,False,positive,neutral,positive,positive
e5k3t33,Is it a law? Or is it a legal precedence to be followed for all such cases? ,7,7,1536331613.0,BigBulkemails,False,neutral,neutral,neutral,neutral
e5lc18u,"> People are fussing everywhere about what bjp congress and aap's stands are on this, but i dont care. Its the law now. Not a government's opinion. 

To each, their own. I too am ecstatic that 377 has been put in it's place.

But also, in the real world, it matters [what political parties say](https://np.reddit.com/r/india/comments/9di1da/it_is_the_american_game_soon_there_will_be_gay/e5jbsjt/), because it gives a hint of [what is to come](https://np.reddit.com/r/india/comments/9dqjqw/gay_sex_decriminalised_clerics_protest_order_hint/e5jncup/).",1,7,1536374203.0,gcs8,False,neutral,positive,negative,neutral
e5lu01z,"...cool? I'm not sure what that means. I've seen a few Hindus who eat beef online. Really nothing uncommon, except for the part where it is in real life. Not like YouTube is the Indian census, you know what I mean?",2,7,1536404472.0,Morpheus_the_God,False,neutral,negative,neutral,neutral
e5l8kdm,"No thanks. I can't handle that shit. My parents are understanding people, but I've had to listen to too many stories like this in real life from friends and on the news. 

This is an epidemic among South Asians in the UK.",0,7,1536370104.0,JavaSoCool,False,negative,negative,negative,negative
e5lfjd6,That's good at least! I'm sure you see parents at the other end of the spectrum and know that you could have it a LOT worse!,2,7,1536378625.0,shybinashvilleguy,False,positive,positive,positive,positive
e5li119,I'm overwhelmed with the love and support I'm getting in this community. Thank you so much. <3 ,4,7,1536382084.0,ameyano_acid,False,positive,positive,positive,positive
e5k45zk,"You are right its a legal precedence, but you get the gist. ",19,8,1536331930.0,chaipotstoryteIIer,False,neutral,neutral,positive,neutral
e5l4z9s,Does the difference matter? Both laws and legal precedents can be changed at a later point by a different govt / judges.,1,8,1536365959.0,Jugad,False,neutral,neutral,neutral,neutral
e5lmj2c,"This is debatable. Political parties change their narratives according to their majority base. The legality helps in being vocally supportive of equality, so gradually more minds will broaden, hopefully. When this becomes majority, it'll be fun when random politicians will ""come out of the closets"" ",2,8,1536388129.0,chaipotstoryteIIer,False,positive,positive,neutral,positive
e5lgusk,Yeah ikr? Imagine being killed by your family to save their honour.,2,8,1536380419.0,,False,negative,negative,neutral,negative
e5k4oov,Yes I do however it should still be made into a law and article 377 (hope I am getting it correct) should be abolished. ,2,9,1536332387.0,BigBulkemails,False,negative,neutral,neutral,neutral
e5lpu8y,"Legal precedence is at the Judge’s discretion. So the next judge is at liberty to overrule the precedence IIRC, whereas laws have to be followed, whether or not you agree with them. Also changing them is a rather lengthy process. ",1,9,1536395030.0,BigBulkemails,False,neutral,neutral,neutral,neutral
e5lgvtz,OMG!! Are you serious?!? 😱🙊🙈,2,9,1536380462.0,shybinashvilleguy,False,negative,negative,neutral,negative
e5k4xsv,"Yes to the law part, no to the 377 abolishment- it criminalizes bestiality. Lets keep it that way. ",2,1,1536332612.0,chaipotstoryteIIer,False,neutral,negative,neutral,neutral
e5lhw4u,Look up honour killings lmao. Some parents actually kill their kids for the stupidest fucking reasons,2,1,1536381884.0,,False,negative,negative,negative,negative
e5k5lfu,"I think this article has become a symbol of something much deeper and meaningful than bestiality. Abolish it. Take it a step ahead by recognizing same sex marriages. As for bestiality, it comes down to consent and shouldn't need a special law as such.  ",1,2,1536333195.0,BigBulkemails,False,negative,neutral,neutral,neutral
e5lhy0q,It sounds like I might be disgusted in the results. I don't think I want to cry over that! 😩,2,2,1536381959.0,shybinashvilleguy,False,negative,negative,negative,negative
e5k5w7n,Umm.. consent in bestiality? How can one ask permission from an animal or bird? I've never seen a sparrow or a goat get sexually attracted to a person :P So i am for criminalizing it. ,3,3,1536333455.0,chaipotstoryteIIer,False,negative,negative,negative,negative
e5lql66,"Can’t run from the truth, my friend .

The results are disgusting indeed.

Indians aren’t as privileged as the people from countries like the US. If we have a problem , we can’t bend and twist it on social media, like the alt right in the US do.

Our country might get called a shithole and this and that. But we just keep improving everyday. Becoming better and better.

We used to be a country where everyone supposedly shat on the street. We solved that problem by about 95%. 
This week we lifted the ban on homosexuality, next time we’ll probably ban forced arranged marriage, take punishment of corruption seriously. Develop our roads and infrastructure ( already working on that). Make sure idiots don’t become our president or PM (I think we did that), end religious communalism. Clean our country up.

So yeah, rn the results you’ll get are pretty shite, but it’s getting better. Rome wasn’t built in a day y’know",3,3,1536396708.0,,False,negative,negative,neutral,negative
e5k7527,"> Umm.. consent in bestiality?  

That's the point, you can't. So there's no special law needed for bestiality. It gets covered in cruelty against animals or by the fact that its non consensual. Also that law considered sex between two consenting adults and sex with animals as the same level of criminality. So while it protected animals, it unfortunately completely failed to do so for humans. ",2,4,1536334539.0,BigBulkemails,False,negative,negative,negative,negative
e5l542z,"> I've never seen a sparrow or a goat get sexually attracted to a person

That raises an interesting point... I have seen dogs hump the owners leg or other accessible body parts. This might be construed as a sexual move. What's your opinion in such cases?

Also, birds are known to hump their owners hands (or other body parts)... you can find youtube videos on that very easily. The ""sexually attracted to a person"" seems like a dicey part of the wording. What might seem sexual attraction to us might be something different for the animal / bird with different limits.",2,4,1536366109.0,Jugad,1536366340.0,neutral,neutral,neutral,neutral
e5k9quq,"Afaik cruelty against animals criminilizes killing, hunting, circus, cosmetic testing, pet neglect etc Sexual abuse of animals should be explicitly included and should be severely punished. 

And yeah, that baffled me too that homosexuality and bestiality were in the same clause, shows how ignorant and homophobic the lawmakers used to be! ",2,5,1536336791.0,chaipotstoryteIIer,False,negative,negative,negative,negative
e5lmq82,"I... I dont know what to say. But i have read that animals do that when they don't have contact with other animals of their own species, like if you have only one dog or one bird as your pet, it *accepts* you as a mate. Try having 2 or 3 birds, it'll be hard to even give them scritches or a bath! - source: i used to pet sit 5-6 budgies for a friend. ",1,5,1536388514.0,chaipotstoryteIIer,False,neutral,neutral,neutral,neutral
e5kb0ta,">how ignorant and homophobic the lawmakers used to be!

Couldn't agree more. Also cruelty is not a defined concept as such and context is pertinent. For example someone kicking a stray is cruelty, sex with an animal is certainly within the purview.  ",1,6,1536337892.0,BigBulkemails,False,negative,negative,negative,negative
