Comment ID,Comment Text,Comment Score,Comment Depth,Created Timestamp,Author,Edited,Semantic Label,Semantic Label 2,Semantic Label 3,Major_Semantic
ezygdej,"Makes me feel hopeful, thanks for sharing... Feels good",638,0,1568267604.0,TheFakeProphet,False,positive,positive,positive,positive
ezydces,Now this is what should represent India on world stage.,865,0,1568265841.0,blitzskrieg,False,neutral,neutral,positive,neutral
ezyjltm,Diversity & Equality at its best! This is my India!!,87,0,1568269313.0,,False,positive,positive,positive,positive
ezyerk5,Best thing I've seen in a while :),183,0,1568266738.0,suarezian,False,positive,positive,positive,positive
ezyibus,"Ahhh , so much goodness in one pic ..true Harmony ❤️",89,0,1568268620.0,Paree264,False,positive,positive,positive,positive
ezylibn,r/wholesome,39,0,1568270276.0,LeoValdez_UncleLeo,False,neutral,neutral,positive,neutral
ezym0bp,The typo really bothers me.,96,0,1568270532.0,chityo-ki-fauj,False,negative,negative,negative,negative
ezyihe3,which city was this?,30,0,1568268702.0,danescrossing,False,neutral,neutral,neutral,neutral
ezykflw,Now that's what makes India unique and lovable.,32,0,1568269733.0,,False,positive,positive,positive,positive
ezyuwbs,"Hello /r/India, I am from the UK and would lil e to know the significance of this picture. Could someone please explain for me? Thank you.",30,0,1568275125.0,,False,neutral,neutral,positive,neutral
ezyn019,The real acche din we the people want.,60,0,1568271017.0,seenfc,False,neutral,neutral,neutral,neutral
ezygy4w,yahi hai asli India,95,0,1568267900.0,PM_ME_YOUR_UPI,False,neutral,neutral,positive,neutral
ezyt8f6,"Reminds me of one of the Nawabs of erstwhile Awadh (Oudh), Shuja-ud-Daulah. He was a very benevolent and religiously tolerant ruler. So much so that once the Hindu festival Holi and the Islamic mourning day of Muharram fell on the same day. Being a devout Muslim himself, he couldn't see any reason why Hindus shouldn't celebrate Holi amidst the Muharram processions. So he asked Muharram processions to be taken out the next day so that his Hindu subjects could celebrate Holi. That used to be the religious harmony and tolerance back in those days.",62,0,1568274231.0,arthurfleck_23,False,neutral,neutral,neutral,neutral
ezyl9je,Apun ko aisa Bharat maangta hai...,68,0,1568270155.0,,False,neutral,neutral,negative,neutral
ezyffdj,"salafists hate muharram procession. some of my salafi friends keep preaching about how it is haram. the change i have observed in them  past few years is alarming, sometimes make me think they hate other muslims the most.

you can thank the saudi funded preachers for the change in my town. new mosques were built everywhere and the preachers are all salafis., you cannot compete with money.at the time of muharram procession you can clearly see the divide created by the saudi ideology in the indian muslim community

edit:typo",111,0,1568267093.0,baazigar1,1568283059.0,negative,negative,negative,negative
ezz1csw,"American here.

I see people shaking hands with each other but I don't get it. I'm missing some context here.",16,0,1568278682.0,Lajak_Anni,False,neutral,negative,neutral,neutral
ezyeyc2,"Aye, that's Silvassa.


Pretty cool.",46,0,1568266846.0,goxul,False,positive,positive,positive,positive
ezyli9u,r/humansbeingbros,29,0,1568270275.0,avikumarnd,False,neutral,neutral,neutral,neutral
ezysh34,"Hope this gets more attention of ppl of how India is💯

Labbaik Ya Hussain🙌🏻
Ganapathi Bapa Maurya🙌🏻",13,0,1568273841.0,faizan-1400,False,positive,positive,positive,positive
ezzotez,"Hindu and muslim ""equally"" blocking each lane of a 2(probably) lane road.",15,0,1568290576.0,RickestRickOfAll,False,neutral,neutral,neutral,neutral
ezypdt4,"Possession????  Who is possessed?  You mean procession,  right?  Tell me you mean procession.",13,0,1568272255.0,irktastic,False,negative,negative,neutral,negative
ezyias3,"If I would have seen this pic 7 years ago, I would have felt neutral. Now this pic makes me hopeful",61,0,1568268605.0,icicibank,False,positive,positive,positive,positive
ezylm4h,Where is this exactly?,10,0,1568270333.0,jmxt,False,neutral,neutral,neutral,neutral
ezyo10o,Now this is what makes me feel proud of being an Indian....the colors looks so f\*\*\*ing contrastingly wonderful...humans CAN coexist...,11,0,1568271573.0,vickymal,False,positive,positive,positive,positive
ezylpav,"India 100

Unity 100

Harmony 100

Haters 000",42,0,1568270379.0,china_numba1,False,neutral,neutral,negative,neutral
ezyekx8,Made me smile,17,0,1568266639.0,Acetylated_Morphine,False,positive,positive,positive,positive
ezympr5,Mera Bharat Mahan,9,0,1568270876.0,AcerTravelMate,False,neutral,neutral,positive,neutral
ezzhbz0,Suck that BJP.,15,0,1568286941.0,i2walkalone,False,negative,negative,negative,negative
ezym5ur,"This made me smile like a goof in public

Where was this picture taken?",8,0,1568270599.0,sibs_afro,False,positive,positive,negative,positive
ezymin4,Damn that's beautiful!,7,0,1568270776.0,adork_filter,False,positive,positive,positive,positive
ezyn8co,Beautiful,5,0,1568271159.0,ppersonaluse,False,positive,positive,positive,positive
ezyo9i9,So beautiful :')... Thanks to whosoever who captured this!,5,0,1568271691.0,curious_plebian,False,positive,positive,positive,positive
ezymixj,This will make the entire bhakt community go nuts,16,0,1568270780.0,,False,negative,negative,positive,negative
ezyoqsi,BJP workers must be devastated by this sight!,16,0,1568271930.0,post_depression,False,negative,negative,negative,negative
ezyshpv,"Ironically, it's more hostile and unsafe to have muharram procession in Pakistan than in India.  

I am nationalist by no means but this shit makes me proud at the plurality of our nation.",13,0,1568273850.0,MusgraveMichael,False,negative,negative,negative,negative
ezyn9ce,monkaS,4,0,1568271176.0,AnthonyGonsalvez,False,neutral,neutral,neutral,neutral
ezynl5n,💜,5,0,1568271359.0,KiwiFruit-,False,positive,neutral,neutral,neutral
ezyv5ke,"This ! Is what our country should be about, brothers together, with respect for one another !",6,0,1568275266.0,KingTheoz,False,positive,positive,positive,positive
ezyyr13,Source: https://twitter.com/CPHydCity/status/1171678172976336897,5,0,1568277249.0,nograduation,False,neutral,neutral,neutral,neutral
ezz2trt,Dil garden garden ho gaya,6,0,1568279462.0,51837,False,neutral,neutral,neutral,neutral
ezye03l,"In other news, Amit shah got a minor heart burn!!!!!",37,0,1568266315.0,,False,negative,negative,negative,negative
ezyehqn,😊,9,0,1568266593.0,harddisc,False,positive,neutral,neutral,neutral
ezyratf,Am I the only one thinking that both the roads are blocked and kaam par kaise jaana hai?,12,0,1568273229.0,piezod,False,negative,negative,negative,negative
ezyrrgl,Opindia just had a heart attack.,7,0,1568273473.0,,False,negative,negative,negative,negative
ezywnvi,This here ... right here .. is my country ..,6,0,1568276099.0,,False,neutral,positive,neutral,neutral
ezz054n,Warms my heart 💓,4,0,1568278008.0,Daddu_tum,False,positive,positive,neutral,positive
ezz54sl,Enough happiness for today :'),4,0,1568280710.0,Aakarsh_K,False,positive,positive,positive,positive
ezzbm8x,Damn finally some sweet sweet text and image,6,0,1568284147.0,joe6079,False,positive,positive,positive,positive
ezzf9xl,Possessions??? or processions,3,0,1568285956.0,harenbty,False,neutral,neutral,neutral,neutral
ezzgrmp,"On one hand I am annoyed to see people who take religion seriously.

On other hand I am happy that people are getting along well.",4,0,1568286679.0,MrJekyll,False,neutral,positive,neutral,neutral
f01k1y0,Tilted my phone 90 degree to make the Indian flag in my head.,5,0,1568315573.0,roti_wid_sambaar,False,neutral,neutral,neutral,neutral
ezylw1d,"Hey, this is anti-nashional 

/s",13,0,1568270477.0,propeller360,False,neutral,neutral,negative,neutral
ezyqb9a,This is what real India is. But the sad part is the negatives grab more eyeballs. Anyways happy to see unity in diversity. Thanks for sharing👍,3,0,1568272726.0,_SURBHI27_,False,positive,positive,positive,positive
ezyr1fr,Wholesome af,3,0,1568273096.0,AasaramBapu,False,positive,negative,positive,positive
ezzfnib,Is this legal with the new government?,3,0,1568286137.0,kjking1995,False,neutral,neutral,neutral,neutral
f00b30u,"Can't they still realize that religion is man made but purported to be divine? For how can truth be different for different people? Truth, by definition, is Unitary, ONE!",3,0,1568299590.0,pras,False,negative,neutral,neutral,neutral
f00c1bc,Hyderabad :),3,0,1568299954.0,ComicKaun,False,positive,positive,neutral,positive
ezyqz7z,Bigotar Brigade ki to Gaand fat jaani hai aise mel milaap ka mahaul dekh ke.,4,0,1568273065.0,sicaniv,1568273312.0,negative,neutral,negative,negative
ezyk70i,Nice.,2,0,1568269611.0,akki95,False,positive,positive,positive,positive
ezysopg,"Epic Picture, this is showing the real power of India. There is so many positive vibes in India but the sad thing is sometimes we only see negativity which automatically covers positive things.",2,0,1568273950.0,bingage,False,positive,positive,positive,positive
ezyt6fw,This does put a smile on my face :),2,0,1568274202.0,,False,positive,positive,positive,positive
ezyui9v,So who won in thumb fight?,2,0,1568274913.0,rockyhadsome,False,neutral,neutral,neutral,neutral
ezywyyx,What a unity :) - This is INDIA,2,0,1568276267.0,aazacus,False,positive,positive,positive,positive
ezyxq49,"It's processions, not possessions. Ignoring the typo, it bothers me that everyone commenting is also using possessions",2,0,1568276678.0,MisterTwo_O,False,negative,negative,negative,negative
ezyzw3l,"I hope news outlets posts things like this to increase harmony between communities.

Not just hate and fear mongering like always.",2,0,1568277867.0,limbunikonati,False,neutral,neutral,neutral,neutral
ezz4pub,"Make this our flag, so that every one sees it, every where.",2,0,1568280475.0,konteur,False,neutral,positive,positive,positive
ezz75eq,Am I the only one who is pissed at the amount of traffic jam this would have caused? I'm all for communal harmony but show that someplace where you don't cause a traffic jam.,2,0,1568281827.0,hail_mogambo,False,negative,negative,neutral,negative
ezzbhcz,Fuck yeah India. May your racial harmony be as fiyah as your butter chicken.,2,0,1568284079.0,hnr01,False,negative,positive,negative,negative
ezzge47,"*""When Federer and Djokovic fans get together to diss Nadal""*",2,0,1568286503.0,AgonizedBilly,False,neutral,neutral,neutral,neutral
ezzgvzz,"What a beautiful sight! Thanks for sharing this OP, made my day. 

In a pot full of negativity a dash of positiveness is all it takes to bring a smile to anyone's face.",2,0,1568286739.0,Catslayer_999,False,positive,positive,positive,positive
f000i8y,"This is my India

Edit: our India",2,0,1568295532.0,rhemant,False,neutral,neutral,neutral,neutral
f003f0u,"Let's forgive the misspelled word, possession instead of procession, in this harmony 🥰",2,0,1568296671.0,georgetk1996,False,positive,neutral,positive,positive
f01m1so,Thats the true spirit of India... i hope to see this soon in Kashmir,2,0,1568316226.0,geniusstorm,False,positive,positive,positive,positive
f01yrzb,Kinda looks like our flag,2,0,1568320735.0,Sigmara,False,neutral,neutral,neutral,neutral
f02mtov,RSS hates this pictures.,2,0,1568334009.0,itchingbrain,False,negative,negative,negative,negative
ezymxch,"""Imagine no possessions

I wonder if you can

No need for greed or hunger

A brotherhood of man

Imagine all the people

Sharing all the world"" - John Lennon",8,0,1568270980.0,AnekUsername,False,neutral,positive,negative,neutral
ezyivrc,Thank god there is no sound in these pictures,5,0,1568268921.0,samkit1097,False,negative,neutral,neutral,neutral
ezytwrn,"seeing the guys bump into each other /
giving me goosebumps all over",1,0,1568274587.0,,False,positive,positive,neutral,positive
ezyx6p0,"Even developed country kneel to us ""how to respect other religion"".",1,0,1568276384.0,gopiGOPI2,False,negative,negative,neutral,negative
ezyy38g,Nice.,1,0,1568276876.0,9625JSY,False,positive,positive,positive,positive
ezyzi5x,UNITY:),1,0,1568277649.0,AniiJain,False,positive,positive,positive,positive
ezz0sjy,This is gold.,1,0,1568278370.0,,False,positive,positive,positive,positive
ezz0vu2,"Is this real?
This makes me feel good",1,0,1568278420.0,Wshreek,False,positive,positive,positive,positive
ezz11is,The most wholesome content of the year!,1,0,1568278507.0,TheOneChinka,False,positive,positive,positive,positive
ezz1kp9,"This is how it is locally, but on national and international stage something else gets attention",1,0,1568278801.0,invincibleravi,False,neutral,neutral,positive,neutral
ezz1rwl,"r/wholesome

Now this is the kind of changed India shit I'm talking about",1,0,1568278906.0,,False,negative,negative,negative,negative
ezz6o9c,If only the hedge dividing them was weed... then the message would have been more powerful than what it already is...,1,0,1568281579.0,,False,neutral,neutral,positive,neutral
ezz92nx,Everyone keeps saying possession but the word is procession*,1,0,1568282837.0,TeslaModelE,False,neutral,neutral,neutral,neutral
ezz9nk1,I'm an ignorant American ~~dumbass~~; can someone explain what's going on here and what the significance is?,1,0,1568283125.0,,1568288113.0,negative,negative,negative,negative
ezz9sss,"I literally commented the same thing today but again if we have to share this kind of gesture to show harmony, isn't something is wrong with our society.",2,0,1568283202.0,,False,negative,negative,positive,negative
ezzikeq,Very cool.  😁😁😁,1,0,1568287512.0,phoenix_shm,False,positive,positive,positive,positive
ezzo2rs,Aur hamare Kanwariya bhai apne religion walo ko bhi thokte hai...,1,0,1568290223.0,,False,neutral,neutral,negative,neutral
ezzocee,So much positivity.,1,0,1568290354.0,lastlofi,False,positive,positive,negative,positive
ezzogrd,Beautiful! Thank you for this pic,1,0,1568290414.0,nag1878,False,positive,positive,positive,positive
ezzpcqg,Either way I don't believe in any faith or religion.,1,0,1568290828.0,krispr29,False,negative,negative,negative,negative
ezzpj0p,Firebenders and earthbenders in harmony <3,1,0,1568290910.0,ticklememelon,False,positive,positive,positive,positive
ezzrm18,THIS is the India we want but the government hates,1,0,1568291841.0,,False,negative,neutral,negative,negative
ezztvpt,"Share this on Twitter someone.
Make it viral",1,0,1568292887.0,friday-boy,False,neutral,positive,neutral,neutral
ezzxn1n,I would like to confiscate loudspeakers from both of them !,1,0,1568294386.0,bhanuvrat,False,negative,negative,negative,negative
f000fev,"I love this picture.

Unity in Diversity.",1,0,1568295503.0,,False,positive,positive,positive,positive
f002t9y,"Didn’t expect my home to be on reddit, these are strange times indeed.",1,0,1568296440.0,Zenyadda_,False,negative,negative,negative,negative
f0083tz,Share this on facebook and other social media platforms please.,1,0,1568298481.0,bdodia2504,False,neutral,neutral,neutral,neutral
f0086gr,Silvassa u/goxul,1,0,1568298507.0,funnymanallinsane,False,neutral,neutral,neutral,neutral
f00hayr,usually I'm the critic here.  but this I really love.... nice,1,0,1568301816.0,khanzh,False,positive,positive,positive,positive
f00i3mj,Tamas nahi fail rahi ganes.,1,0,1568302104.0,,False,neutral,negative,negative,negative
f00ieft,Guess traffic is fucked on either side of the street! 😊,1,0,1568302209.0,fjcruiser08,False,negative,negative,negative,negative
f00pzvq,Makes me feel warm from inside .. ty for sharing ..,1,0,1568304938.0,pks957,False,positive,positive,positive,positive
f00q3u8,This picture made my day . Thanks for sharing. Spread the love.,1,0,1568304982.0,564783920,False,positive,positive,positive,positive
f00scc1,What’s happening here/ what’s the cultural significance I’m missing? (Young and ignorant),1,0,1568305825.0,ATP_generator,False,neutral,negative,negative,negative
f00t9kn,I am proud to be an Indian.,1,0,1568306172.0,_Floydian,False,positive,positive,positive,positive
f00v68c,Why this news? Are they supposed to be fighting?,1,0,1568306892.0,riderchap,False,negative,negative,negative,negative
f00xd8f,I love my India,1,0,1568307757.0,saymyname5959,False,positive,positive,positive,positive
f00zlj8,u/Rajshreesingh,1,0,1568308624.0,,False,neutral,neutral,neutral,neutral
f010xrv,This makes a country's immunity strong...,1,0,1568309109.0,deelege,False,positive,positive,positive,positive
f011w7k,Can someone invent a time machine? I really really hate these hate filled days.,1,0,1568309435.0,nit1995,False,negative,negative,negative,negative
f0134h3,"Wait, when do they lynch each other.

Disappointed.",1,0,1568309869.0,sick_nibba,False,negative,negative,negative,negative
f015okk,this. right here. makes me happy!,1,0,1568310740.0,,False,positive,positive,positive,positive
f01947z,This is the most uplifting thing I've seen the whole year..,1,0,1568311895.0,nsus1103,False,positive,positive,positive,positive
f01a5jg,beautiful,1,0,1568312246.0,kumta7,False,positive,positive,positive,positive
f01fomu,The poor thing is even after 70 years of such a huge loss..we have to share these kinda pics to show that solidarity exists between two groups. Our devout intellectuals cleverly shift the burden to Britishers. When will we learn,1,0,1568314135.0,rbdmichael,False,negative,negative,negative,negative
f01jgy6,Aww....Beautiful India.,1,0,1568315378.0,Reaper3517,False,positive,positive,positive,positive
f023vmv,Where are the women ?,1,0,1568322963.0,OTA-J,False,neutral,neutral,neutral,neutral
f025bzk,"Man this is just incredible, priceless! There's still good people and Community around us, and I have faith in the humanity.",1,0,1568323619.0,SamirMishra27,False,positive,positive,positive,positive
f02ruxo,This is how we live in India - Pakistan!!,1,0,1568336856.0,pmittal65,False,neutral,neutral,neutral,neutral
f02ube6,This is my India ❤️❤️,1,0,1568338368.0,TirthankarGupta,False,positive,neutral,positive,positive
f02zkem,Never seen a post with more than 7k upvotes on the sub!,1,0,1568341361.0,xcdp,False,positive,neutral,neutral,neutral
f034x0d,That's the power of diversity,1,0,1568344893.0,mightybot,False,positive,positive,neutral,positive
f039ami,If only this was the new logo of India !,1,0,1568348400.0,Yaabadaabadooo,False,neutral,neutral,neutral,neutral
f03aogs,Don't let kaka see this.,1,0,1568349692.0,cooltechpec,False,negative,negative,negative,negative
f03d9zo,r/BoneAppleTea,1,0,1568352398.0,CoolNayak,False,neutral,neutral,neutral,neutral
f04kfu9,https://indianexpress.com/article/india/photo-of-ganesh-and-muharram-processionists-shaking-hands-in-silvassa-goes-viral-5992475/,1,0,1568389470.0,Vishuliaris,False,neutral,neutral,neutral,neutral
f04md4n,"i want cultural diversity not religious , retardness in any form or how diverse is still retard",1,0,1568390690.0,TheExist3r,False,negative,negative,neutral,negative
f04yqrc,This is soo heart warming!,1,0,1568398735.0,pm_me_vicky_kaushal,False,positive,negative,positive,positive
f1mxn6r,This is India's UT. Dadra and nagar haveli's capital silvassa my home.❤️,1,0,1569604390.0,__insanedreamer__,False,positive,neutral,neutral,neutral
f3aqgug,7835925287 call on this no,1,0,1570786494.0,,False,neutral,neutral,neutral,neutral
f934ym4,"It's nice and all, but hopefully one day no one would really care much about Ganesh/Allah and all that make belief stuff and just get on as regular human beings. Some day..!!",1,0,1575050012.0,antipositron,False,negative,negative,positive,negative
fchliiy,[removed],1,0,1577651601.0,,False,neutral,neutral,negative,neutral
ezylr5f,Mumbai right?,1,0,1568270407.0,IamLegionn,False,neutral,neutral,neutral,neutral
ezyzis4,That’s Mumbai. A classic example of working like clockwork irrespective of cultures,1,0,1568277659.0,batmaninmaking,False,positive,neutral,positive,positive
f00g5yd,Bhakts (New India wale) won't like this.,1,0,1568301423.0,koustubhavachat,False,negative,negative,negative,negative
ezywd78,"Muharram has nothing to do with these kind of processions. No point to highlight these things in media and showcase it as an example for harmony.
Muslims are highly miss represented and thats why people think these fringes as the are practicing islam.",1,0,1568275940.0,ShahreyarYahya,False,negative,negative,neutral,negative
ezyoljp,[deleted],-14,0,1568271857.0,,False,neutral,neutral,negative,neutral
ezzbl9b,"Doesn't mean anything. 
  
They'll still reject any muslim who is trying to find a house in their neighborhood.   
India was never secular to begin with",-5,0,1568284134.0,Atomrage09,False,negative,negative,negative,negative
ezyn25g,[deleted],-4,0,1568271052.0,,False,neutral,neutral,negative,neutral
ezyuxh1,When chutiyapa meets,-12,0,1568275145.0,,False,neutral,neutral,neutral,neutral
ezz1zt5,[deleted],-2,0,1568279026.0,,1585255003.0,neutral,neutral,negative,neutral
ezyg2pt,Yeah Ok.,-41,0,1568267442.0,iphone4Suser,False,neutral,neutral,neutral,neutral
ezyqjng,I virat hindu much anger. Peaceful no want hindu exists.,-21,0,1568272848.0,ChumbaWambah,False,negative,negative,negative,negative
ezyik3e,But you are the fake prophet.,208,1,1568268741.0,i_Killed_Reddit,False,negative,negative,negative,negative
f0068yf,"Hijacking the top comment to say, this is amazing. True spirit of India.",9,1,1568297761.0,kamak10,False,positive,positive,positive,positive
ezyj76f,"Sadly, the negatives get more attention than the positives.",292,1,1568269101.0,ferwee,False,negative,negative,neutral,negative
ezykgjt,[removed],79,1,1568269747.0,,False,neutral,neutral,negative,neutral
ezykxux,Secularism 101,28,1,1568269994.0,bhskr95,False,neutral,neutral,neutral,neutral
ezzky17,This is what most people want. Average person doesn’t want any communal tension. They want peace and harmony.,5,1,1568288578.0,,False,neutral,neutral,neutral,neutral
ezyqahx,"You are very right. Just as money attracts more money, optimism feeds on more optimism, negativity feeds on more negativity, etc.

The biggest criticism against left is that they highlight the negativity so much that it becomes a self-fulfilling prophecy. If there is 2% of negativity, they raise so much hooopla about it that it becomes 10% soon just because of the negative attention resulting from this new press, and the cycle keeps repeating creating more and more negativity. This is a bit like placebo effect in medicine.",16,1,1568272715.0,county_sheriff,False,neutral,negative,neutral,neutral
ezzhj0q,"I want to say something about the Godi Media but hey, it's my cake day!",1,1,1568287034.0,b1nary-,False,neutral,neutral,neutral,neutral
f01kne0,"Ignorant American here. May I ask what is so dividing about the normal state of things that this stands out as unifying? Maybe explain like I'm 5 years old. 

If not, thank you anyway.",10,1,1568315762.0,baconOspam,False,negative,negative,negative,negative
ezynzyx,Oh this one of the best thin I have seen in a while.,18,1,1568271558.0,Mechgandhi,False,positive,positive,positive,positive
ezynn6g,"Ah, I'm not the only one. Thank you.",28,1,1568271388.0,I_AM_DRUNK_ALL_TIME,False,positive,positive,positive,positive
ezz72ve,"Well, they are in possession of both sides of the road and the fate of the common commuters.",20,1,1568281791.0,_FooL_,False,neutral,neutral,neutral,neutral
ezz7fpe,More a bone-apple-tea.,13,1,1568281978.0,early_birdy,False,neutral,neutral,neutral,neutral
ezzevw3,It does now!,4,1,1568285762.0,badger991,False,positive,neutral,positive,positive
f00l6gm,I didn't notice the typo until I saw your comment,1,1,1568303203.0,cilpam,False,neutral,neutral,neutral,neutral
ezysn2l,"Silvassa, Dadra & Nagar Haveli",28,1,1568273927.0,abhijithjayanth,False,neutral,neutral,neutral,neutral
ezzpklv,One is a Hindu festival. Another is a Muslim festival. Both are crossing the road. They pause and greet each other while doing it. People like the interfaith gesture.,32,1,1568290930.0,SimpleClearCrisp,False,neutral,neutral,positive,neutral
ezz2piu,"There have been rising tensions between Hindu and Muslim communities in the recent years (thanks to our beloved PM), and as such incident like these which show communal harmony have become increasingly rare, but also give us a hope of a better future together.",20,1,1568279396.0,abd_min_ibadillah,False,neutral,positive,neutral,neutral
f04esur,What is authentic? It is just your ignorance.,1,1,1568385990.0,justarslan96,False,negative,negative,negative,negative
ezyujae,He was the one famous for kathak right? The one who'd dance as Radha in some kathak performances?,21,1,1568274929.0,SandomRtranger1,False,neutral,neutral,neutral,neutral
ezzdkix,Feku disagrees.,7,1,1568285124.0,WhatsTheBigDeal,False,neutral,neutral,negative,neutral
ezytg45,"My Muslim friend shared this with me:

The community welfare aspects of Islam was replaced with strict adherence to rituals in the period right after the demise of the fourth Caliph, when the monarchs took over rule. This was done so that they could create a population that wouldn't question the legitimacy of their rule.

So for almost all of it's history, Muslims have not learned how to deal with political nuances, as preached by Islam. This is what leads to religious leaders being able to manipulate Muslims into being constantly angry and find the harsh (easy and non-intellectual) solution.

So the part that says 'respect the non-believers religion and worship' is easily replaced with 'find every opportunity to vocally (and sometimes abusively) remind them that they are wrong'.

Muslims are Muslims own worst enemies.

What the Wahhabists are doing now is cementing their political control over the rest of the Muslim world.

But don't for a minute think they are doing it alone. It is with the complete support of countries like the US and Israel.

This political reality is important to understand if you want to know why the Muslims who are striving for reform are invisible. Because it is bad for politics to let them be heard.

Also, the 'reformists' whose voices are being publicized are simply critics who are their to help the political process. You will never find them doing any actual reform work.",40,1,1568274344.0,cheviska,False,neutral,neutral,neutral,neutral
ezyg031,True. Salafism and wahabbism is spreading at a very alarming rate. Previously radicalisation was restricted to trouble areas but now you see it in many corners of even tier 1 cities.,35,1,1568267401.0,CrazyKraken,False,negative,negative,negative,negative
ezyqy1s,Do remember Saudi's also funded Ajit Doval's son's company in Singapore too...😆😆🤣,14,1,1568273049.0,Pheonix-_,False,neutral,neutral,neutral,neutral
ezz5zkv,Its cause the Saudis and Qatar spread and fund their hateful version of Islam. On YouTube you can find a podcast by Radiowarnerd on the Yemen war and how political Islam has been a tool colonialism,2,1,1568281206.0,Dankjets911,False,negative,negative,negative,negative
ezzo1gg,"I've often said it here, Saudi finding oil was the death of liberal Islam. The spread of a hateful ideology funded by oil money is the sole reason why Muslims are in a mess world over.",2,1,1568290205.0,kfpswf,False,negative,negative,negative,negative
ezzce99,True story.,1,1,1568284537.0,kamikazechaser,False,neutral,neutral,positive,neutral
ezyl28p,Are you a Muslim ?,-4,1,1568270052.0,blockedcreditGST,False,neutral,neutral,neutral,neutral
ezyz1uq,"What do we Muslims follow?


Quran and the teachings of Prophet Muhammed ( peace be upon him).

As far as Muharram is concerned, there is not a single Quran verse or a Hadith (Prophet's teachings) that indicates us to do all other activities other than fasting on the 9th and 10th day of the month.

I'll be happy if you point out some.


There is no Saudi ideology/ Indian Muslim ideology here.

It's simple.

Edit: Instead of downvoting, you can put forward your points.",-3,1,1568277408.0,zia1997,1568370524.0,neutral,neutral,positive,neutral
ezz7oa1,"Hindu and muslim communities celebrating 2 festivals simultaneously in Harmony.
That's something to be celebrated as anything to do with India is usually highlighted negatively.",16,1,1568282093.0,bewarsi,False,positive,neutral,neutral,neutral
ezz7q7f,"There has historically been quite a bit of communal tension between Hindus & Muslims in India.

This picture shows people of both communities having their religious processions peacefully, and respectfully without any problems.",5,1,1568282122.0,,False,neutral,neutral,positive,neutral
ezzpr02,One is a Hindu festival. Another is a Muslim ~~festival~~ religious day of mourning. Both are crossing the road. They pause and greet each other while doing it. People like the interfaith gesture.,3,1,1568291008.0,SimpleClearCrisp,1568636937.0,neutral,neutral,neutral,neutral
f0026da,"Yo, nice to see a fellow Silvassa grad on reddit.",3,1,1568296191.0,Zenyadda_,False,positive,positive,positive,positive
ezypr8v,"Ooh is it? I saw a post that said it was Hyderabad.

Edit: it isn't Hyderabad.",7,1,1568272446.0,SenninGod,1568272972.0,neutral,neutral,neutral,neutral
ezz5p1l,"Seriously, and the comments keep saying possession... does that word mean something different in this context?",2,1,1568281033.0,theblackveil,False,negative,negative,neutral,negative
ezz7j9c,Silvassa,3,1,1568282023.0,icicibank,False,neutral,neutral,neutral,neutral
ezz7wdl,">humans CAN coexist

Now only if they could coexist with other species on earth as well, instead of committing ~~xenocide~~ genocide against other earthly species. 

Edit: my bad - I wrote xenocide, believing it to mean killing off of other species. It turns out to mean killing off of *alien* species",3,1,1568282209.0,,False,neutral,negative,negative,negative
ezz7qzs,CO EX IST,0,1,1568282131.0,bewarsi,False,neutral,neutral,neutral,neutral
ezyo9cz,"Yes a big heart of a smile, lit up my day!",5,1,1568271689.0,Mechgandhi,False,positive,positive,positive,positive
ezyuc1q,Why's that? I've been seeing some Twitter comments from Pakistanis fighting about muharram but couldn't figure out the context.,3,1,1568274819.0,SandomRtranger1,False,negative,neutral,negative,negative
ezyu6kv,"Lol if anything THAT is the true India. Secularism in India is basically the right of any religious community to hold the State hostage. No one's innocent in this and the success of one community is the breeding ground for the efforts of the other. If Hindus get some movie banned then Christians follow it up with ban on Da Vinci Code. If Muslims get SC alimony judgement overturned then Hindus follow it up with opening of babri Masjid. 

India was never secular ever. Secularism doesn't mean flirting with all religions, it means being brahmachari like the Sabrimala worshippers do. No women allowed therefore no temptation, not the Gandhi version of brahmachari where you sleep naked with 18 year old girls to ""test"" your resolve. Unfortunately India adopted the Gandhi model of secularism forgetting that there'll come a time when a Gandhi is replaced by an Asaram Bapu.",-7,1,1568274736.0,SandomRtranger1,False,negative,neutral,negative,negative
ezz7ifu,"""Mera"" Bhagwaan, ""Mera"" Khuda

possessions",1,1,1568282012.0,,False,neutral,neutral,positive,neutral
f0229zc,Those bushes are very light green... Nice.,1,1,1568322237.0,JustAStupidCommonMan,False,positive,positive,positive,positive
ezz0ohz,[john lennon’s net worth at time of death ](https://www.cheatsheet.com/entertainment/john-lennon-how-much-was-the-beatles-legend-worth-at-the-time-of-his-death.html/),6,1,1568278309.0,,False,neutral,neutral,negative,neutral
ezz5xof,"The Beatles also recorded a cover of ""Money (That's What I Want)"", so I won't take ""Imagine"" literally

The best things in life are free  
But you can keep them for the birds and bees  
Now give me money  
(That's what I want)",0,1,1568281173.0,,False,neutral,neutral,positive,neutral
ezzhq0s,"*Don't call yourself dumbass.*

Hindus celebrating their festival (Ganesh Chaturthi) on left and muslims in their mourning procession (Muharram) on the right, greeting each other calmly.

Given that a lot of news these days is increasingly showing hindu-muslim conflict (not necessarily physical conflict) and dragging it in seemingly unrelated issues, this picture gives everyone hope that India is still not that divided.

Also, not just these days, but there have been cases of clashes between the communities in the past (mostly politically motivated).",2,1,1568287127.0,JustAStupidCommonMan,False,neutral,neutral,negative,neutral
ezzhga9,[deleted],-4,1,1568286996.0,,False,neutral,neutral,negative,neutral
f00c5s9,Char rasta famous ho gaya bc.,1,1,1568300001.0,goxul,False,neutral,neutral,neutral,neutral
f00z5iq,"Ganesh Chaturthi on the left, Muharram on the right. Religious Harmony.",1,1,1568308456.0,KorladisPurake,False,neutral,neutral,positive,neutral
ezym82f,Silvassa,8,1,1568270628.0,,False,neutral,neutral,neutral,neutral
ezyq7k8,"?

Your comment and the post aren't related. Just because there's the word ""procession"" there, doesn't mean you have to rant over it.",7,1,1568272675.0,SenninGod,False,negative,negative,neutral,negative
ezzs42h,r/atheisttriggered,-1,1,1568292075.0,,False,negative,neutral,negative,negative
f00qwt8,I am a Hindu and we have a muslim in our building and we invite them on every occasion.,6,1,1568305294.0,abhishekkulk,False,neutral,neutral,neutral,neutral
ezyp5n6,There is no such thing like Shia & Sunni festival. Muharram is not a festival its day of mourning.,10,1,1568272141.0,razarahil,False,negative,negative,neutral,negative
ezyopan,"No, It's not celebrated only by shias. Why do people spew hateful and fake information even on posts like this",8,1,1568271909.0,,False,negative,negative,negative,negative
ezynoj4,Pathetic,5,1,1568271406.0,irtizzza16,False,negative,negative,negative,negative
f01fvt8,Culturally men stick with men and women stick with women.,3,1,1568314205.0,gardenofeden123,False,neutral,neutral,neutral,neutral
ezz80d1,"Because both countries are United in treatment of women like cattle. 
Usually women avoid large public gatherings and are kept home by families for safety reasons.",-3,1,1568282268.0,bewarsi,False,neutral,neutral,neutral,neutral
ezyis9k,"Yes, im not the real one...",116,2,1568268867.0,TheFakeProphet,False,negative,neutral,negative,negative
ezyjp1j,Trp kahaan hain positives mein.,194,2,1568269359.0,RedHotDiliPeppers,False,neutral,neutral,positive,neutral
f012c0n,But we should also not ignore the negative side of this country and try to mitigate that,7,2,1568309591.0,womawoma,False,neutral,negative,positive,neutral
fhaqoqp,"speaking of negatives, random processions on the roads like this are highly dangerous and disruptive to the lives of everyone else involved.",1,2,1581423703.0,raydialseeker,False,negative,negative,negative,negative
ezyq2sk,[deleted],99,2,1568272606.0,,False,neutral,neutral,negative,neutral
ezynrdc,V unbeatable and The kings were pretty good too.,6,2,1568271443.0,AnthonyGonsalvez,False,positive,positive,positive,positive
ezyusvu,"This is not what India needs to ""show on the international stage"". This is what India needs to be, in practice!",30,2,1568275072.0,evereddy,False,negative,neutral,neutral,neutral
ezz3mgy,">Now, that is exactly what India needs to ~~show on the international stage.~~ be",5,2,1568279902.0,,False,neutral,positive,neutral,neutral
ezyztsv,"Same story with positivity. Difference is, that negativity hurts while positivity feels good. This makes it much easier to go overboard with positivity than otherwise, so we need to be more careful with it",8,2,1568277832.0,zappinder,False,neutral,positive,neutral,neutral
ezyr5m8,G***du!,-13,2,1568273154.0,sicaniv,False,neutral,negative,negative,negative
ezztrdc,Happy cake day OP,2,2,1568292835.0,farishta_,False,positive,positive,positive,positive
f0225oj,"Usually in the media it’s always doom and gloom about how divided people are, and to make things sensational only similar issues are being reported. Wedge issues are highlighted and repeated until ur mind goes numb or you start hating your neighbor who you had a cup of tea just a few days back.

But at the ground level reality is different, as in daily life no one give a fuck about religion and other stuff.

Folks here are reacting to something positive for a change.

FYI, deep rooted divide based on religion is there but new generation is not that much invested in these issues.",15,2,1568322181.0,Ordinary_dude_NOT,False,negative,negative,negative,negative
ezzkxyw,seriously. Why pakistani flag in right corner then?,-16,2,1568288578.0,codechugs,False,neutral,negative,neutral,neutral
f01fn9q,Thank you!,6,2,1568314122.0,TropicalMadness,False,positive,positive,positive,positive
f02wwfl,"not a muslim festival. Its a period of mourning. Some important religious figures were killed in battle. Shia muslims mourn their loss.   


Great to see the picture. I was hoping it was lucknow, India but its not.",2,2,1568339856.0,katar_i_kaszel,False,negative,negative,negative,negative
f27d1j4,r/UsernameChecksOut,2,2,1570035501.0,gonnaRegretThisName,False,neutral,neutral,neutral,neutral
ezzm1ra,"Tensions have been there, now the state sponsored propaganda is out in full force which is creating a further divide. They want the majority to cry about discrimination now.",15,2,1568289171.0,proawayyy,False,negative,negative,negative,negative
ezyvzwu,"That was Wajid Ali Shah. He was one of the successors of Shuja-ud-Daulah. While the former reigned from 1754-1775, the latter reigned from 1847-1856. Wajid Ali Shah was a great patron of fine arts. Although, I doubt he was himself a trained dancer. He used to compose and write and had received training in vocals from great musicians of those times. While Shuja-ud-Daula is famous for getting the Imam Bada constructed in Lucknow in order to generate employment during the famine in Awadh. It was during this period that the amazing Awadhi Biryani came into being.",23,2,1568275733.0,arthurfleck_23,False,neutral,positive,positive,positive
ezzgwkw,Let feku disagree... WHATS THE BIG DEAL??,7,2,1568286746.0,,False,neutral,neutral,neutral,neutral
ezzkxyk,Good thing he's not the only Indian then,0,2,1568288578.0,BigBrotato,False,neutral,neutral,positive,neutral
ezz60or,Its cause the Saudis and Qatar spread and fund their hateful version of Islam. On YouTube you can find a podcast by Radiowarnerd on the Yemen war and how political Islam has been a tool colonialism,7,2,1568281224.0,Dankjets911,False,negative,negative,negative,negative
f01xrxo,Wish I could give you gold for this.,2,2,1568320334.0,ezsea,False,positive,positive,positive,positive
ezz7olm,"About non believers?
AFAIK they are called as Kafirs in Islam.
There are many verses(hadiths) in Islam which depicts how one can deal with Kafirs, which are so much barbaric and inhumane. I don't think the problem is only with or limited to wahabism/salafism!",0,2,1568282098.0,nothing_stays_same,False,negative,negative,negative,negative
ezypeee,Why do you ask ?,8,2,1568272264.0,SteamyExecutioner,False,neutral,neutral,neutral,neutral
ezz5h9p,yes,1,2,1568280912.0,baazigar1,False,positive,neutral,neutral,neutral
f0hf00l,">Muslim festival

day of mourning not festival. :)",2,2,1568620165.0,MusgraveMichael,False,neutral,neutral,neutral,neutral
ezyqle4,"Sign board says ""Transport Department Dadra &Nagar Haveli""",15,2,1568272873.0,crispyplanet,False,neutral,neutral,neutral,neutral
ezywtay,"Na, it's Silvassa.

I know the name of the street too lol",7,2,1568276176.0,goxul,False,neutral,neutral,neutral,neutral
ezzpnyz,Procession,2,2,1568290971.0,SimpleClearCrisp,False,neutral,neutral,neutral,neutral
ezyufhc,"Pakistan is a Sunni majority nation.  
And like anyother hardline sunni nation, they hate the shias.",2,2,1568274870.0,MusgraveMichael,False,negative,negative,negative,negative
f01gbjy,"There’s loads of Shias in Pakistan and the majority of people practice what they want freely.

Yes you will get idiots, yes Pakistan has more than their fair share, but mostly it’s a non-issue.",1,2,1568314349.0,gardenofeden123,False,neutral,neutral,positive,neutral
ezzm6np,What the fuck lol,0,2,1568289245.0,proawayyy,False,negative,negative,negative,negative
ezza4wx,Man OP's TYPO!,1,2,1568283374.0,AnekUsername,False,neutral,negative,positive,neutral
ezz9rc9,Yaar notice OP's typo,1,2,1568283181.0,AnekUsername,False,negative,neutral,neutral,neutral
ezznqhw,Wait the right wordings should be Indian Hindus on right and Indian muslims on the left. Just saying.,4,2,1568290059.0,blind_organic_matter,False,neutral,neutral,neutral,neutral
ezyqisf,[deleted],7,2,1568272834.0,,False,neutral,neutral,negative,neutral
f00zu78,Not the norm.You can even see Zakir Khan the famous comedian talking about this problem.,1,2,1568308719.0,Atomrage09,False,neutral,negative,negative,negative
ezyj99p,"Makes me feel hopeful, thanks for sharing... Feels good",94,3,1568269135.0,i_Killed_Reddit,False,positive,positive,positive,positive
f00uvwa,r/beetlejuicing,3,3,1568306779.0,OyeKabir,False,neutral,neutral,neutral,neutral
ezzdffw,So I can abuse you and not get killed?,0,3,1568285055.0,WhatsTheBigDeal,False,negative,negative,negative,negative
ezynjax,Make it look epic. Maybe add portals from Endgame or something.,89,3,1568271331.0,,False,positive,positive,positive,positive
ezyuujl,"Actually perception plays a big role in how people act as well. 

People see this as news across India and think this is the standard thing. They see violence as news, and they will think fighting is common. Roughly. 

Public is fickle so perception matters a lot.",46,3,1568275098.0,fiddler013,False,neutral,neutral,neutral,neutral
ezyqotu,[removed],5,3,1568272922.0,,False,neutral,neutral,negative,neutral
ezypmeh,[removed],3,3,1568272378.0,,False,neutral,neutral,negative,neutral
ezyw8xa,[removed],-6,3,1568275874.0,,False,neutral,neutral,negative,neutral
ezzu89h,"I'm not the OP but since it's my cake day maybe I can be whoever I can, right!?",2,3,1568293028.0,b1nary-,False,positive,positive,neutral,positive
f02l7r6,"Ok, so religious divide not neccesarily class divide, I'm inferring.

Thank you!",0,3,1568333156.0,baconOspam,False,neutral,neutral,neutral,neutral
ezznmza,"When Hindus draw a Swastika, do you think that means they're showing their support for Nazis?

The Islamic crescent was adopted by Muslims a long time ago. During the Ottoman caliphate to be precise. Pakistan chose that symbol for their flag. So when Muslims display a crescent flag, it's not because they support for Pakistan, but because it is an Islamic symbol.",23,3,1568290014.0,kfpswf,False,neutral,neutral,neutral,neutral
ezzlk0k,"Prolly a Muslim flag, I don’t underestimate stupidity anymore",10,3,1568288903.0,proawayyy,False,negative,negative,negative,negative
ezzpdiv,"Crescent and green are common symbols related to Islam. It's Pakistani flag which used pre-existing symbols. 

It didn't create those symbols.",7,3,1568290839.0,SimpleClearCrisp,False,neutral,neutral,neutral,neutral
ezywzhf,Ah thanks. Wajid Ali Shah was deposed by the Brits and that lead to the 1857 revolt as well. Now I remember.,8,3,1568276275.0,SandomRtranger1,False,neutral,neutral,neutral,neutral
ezz75rr,"Considering that Qatar is also now an 'enemy' to Saudi and UAE, looks like they are doing something different. Also, I have heard from Qatari expats that the rulers there are actually caring and pro-people. But Middle East politics has rarely been black and white, so it's not easy to accept them or write them off.",8,3,1568281832.0,cheviska,False,neutral,neutral,negative,neutral
f033enu,"Thanks! :) I strongly believe if we take the time to listen to each other, we can all live in harmony!",1,3,1568343786.0,cheviska,False,positive,positive,positive,positive
ezz8ghp,"Yeah, not going to engage in that argument. It almost always comes from people who want to imply that all Muslims are prone to terrorism by default. I only participated in this conversation to see what opinions can help us understand the issues faced by various communities, an exercise that could help us find common grounds to progress together, with mutual respect.

Not looking to hate billions of people who if they really have been taught to be barbaric, a significant population of this Earth would already have been wiped out!

Good luck to you.",2,3,1568282513.0,cheviska,False,neutral,negative,neutral,neutral
ezyq8mu,"I am just curious, how do you identify mosques based on their ideology.",8,3,1568272688.0,blockedcreditGST,False,neutral,neutral,neutral,neutral
f0hyb4m,Sorry! My bad,2,3,1568632790.0,SimpleClearCrisp,False,negative,negative,negative,negative
ezyqrd8,"Aha! Now that you mention it, I can make out the blur. Thank You :)",5,3,1568272958.0,SenninGod,False,positive,positive,neutral,positive
ezywucw,"I've read Saeed Naqvi's book and he's an elite feudal Shia upper caste guy from awadh. The book is majorly about the upper class lifestyle in Awadh where Urdu and Zamindari prove to be stronger bonds between the upper caste Shia naqvi's and upper caste Hindus especially the Kashmiri Pandits settled there as compared to the bonds of Islam. 

The book was very interesting in terms of difference between shias and Sunnis in India. Naqvi said that most of the elite Muslims in India have historically been the ones with foreign lineage, like he himself came from some place on the borders of Iran and Afghanistan. Also Iran being closest to India meant that the Shia in India were basically all foreign while the 80% Sunni had a vast majority of indigenous converts. Hence a Shia was likelier to be upper caste/class than a Sunni. 

So he said that the outcome of this was that shias in India were to other Muslims what the brahmins or rajputs were to Hindus. So there was a difference in culture and shias were closer to Hindus also so they had a very syncretic culture but now the wahabbi money meant that most of the upcoming Muslims were Sunni (formerly) lower and middle class people who never had that culture of syncretism. The wahabbi influence is also making out any form of syncretism to be ""innovation"" and thereby forbidden, so all the syncretic activities like going to Sufi dargahs are now forbidden to wahabbis or salafis.

His main point was about RSS communalism of course but he did highlight the problems that the famous syncretism of Indian elite culture was built largely on Shia traditions and that the new democratic India will have problems when the more puritanical version of wahabbis will lead to even Muslims rejecting syncretism (even means besides the intolerant Hindus who talk about not going to Sufi shrines and hate Urdu in Bollywood).",2,3,1568276192.0,SandomRtranger1,False,neutral,neutral,positive,neutral
f03djng,"What percentage of the population would be Shia roughly? 

Also in India on average Shias are richer and have more exalted family lineages than Sunnis do. Like they're more likely to be old money. Is that true in Pakistan as well?",1,3,1568352681.0,SandomRtranger1,False,neutral,neutral,neutral,neutral
f03zrkg,"Also just randomly saw this tweet which says 23,000 shias have been killed in Pakistan since 1963. That does seem like a lot to me. 

https://twitter.com/nowthisnews/status/1172140304364900352?s=19",1,3,1568375767.0,SandomRtranger1,False,negative,negative,negative,negative
ezzph6p,"Secularism is supposed to have 3 aspects:

1. Right to an individual to freely worship the religion of his choice. 

2. Universal citizenship ie for the State the religious affiliation should have no bearing on your rights, your duties or the laws you follow. 

3. Complete separation of the State from religion. 


India follows some garbled religious neutrality model. What this means is that the State will be allowed to violate any of the above 3 principles as long as it is seen to be ""neutral"" while doing it. 

India violates 2 when it forces monogamy on Hindus or Sikhs but not for Muslims. A Secular State can't have different set of laws for different citizens or it is no longer a secular state. A universal civil code not biased towards any religion is the primary requirement to be secular. 

India also violates 3 with impunity. The SC arrogates to itself the right to define essential practices of a religion and then reserves the right to unilaterally alter any non essential practice for any reason it sees fit. Where a US Supreme Court will outlaw some practice (let's say hypothetically some Christian practice) then it will so it because it violates some US law or maybe their Bill of rights. The Indian supreme court will first read the Bible, then call up the Vatican church for clarifications and then declare that in the ""true Christian faith"" this practice is not present therefore India is reforming Christianity and removing this evil practice by making it illegal. 

You see the difference right, the secular state makes and enforces laws without worrying about what the true religion was and what the evil perversions that have to be corrected are. The Indian state has to pussyfoot around interpreting the holy book and telling what is the correct way to practice religion. The State should not even think about religions, it should only view the individual citizens.",5,3,1568290886.0,SandomRtranger1,False,neutral,neutral,negative,neutral
ezzr4bw,lol just saw that. Thought you were one of those idealist types hahaha my bad.,1,3,1568291626.0,,False,neutral,neutral,neutral,neutral
ezyr40a,"It isn't a question of annoyance or not. It indeed is a matter of it being wholesome.

Isn't really a thread where you discuss stuff like that. And this is coming from a guy who has wished for more deaths(shitty, I know) in the past few days than the whole year.",2,3,1568273132.0,SenninGod,False,negative,negative,negative,negative
f013k9z,What about Salman Khan? What about so many khans living in my locality which is predominantly Hindu?,1,3,1568310020.0,abhishekkulk,False,neutral,neutral,neutral,neutral
ezyk3zj,But you killed reddit.,83,4,1568269567.0,TheFakeProphet,False,negative,negative,negative,negative
ezzmzky,But why would you even want to abuse me?... Uncool.,3,4,1568289687.0,TheFakeProphet,False,negative,negative,negative,negative
f01s90t,Or nuke it!,4,4,1568318355.0,rgali7996,False,negative,negative,neutral,negative
f00cdff,"Photoshop blood, swords and trishool",-3,4,1568300082.0,,False,neutral,neutral,neutral,neutral
ezywfto,[deleted],14,4,1568275976.0,,1568276382.0,neutral,neutral,negative,neutral
ezyz72w,"I know it is meant to be an insult. One of those things which was witty when someone would be able to come up with such a thing, on their own. But what is even the context here (assuming you know/realize that what you said is supposed to be a insult disguised to sound nice)? 

All I said is, that we should care less on what we project ourselves to be, and instead care more about what we actually are/become. Your response to this makes no sense man.",9,4,1568277486.0,evereddy,False,negative,neutral,negative,negative
f008yyf,Yes you can,1,4,1568298800.0,Kishor_Sonawane,False,positive,positive,neutral,positive
ezyxk49,"Exactly. He was exiled to Kolkata in 1856 and thereafter his wife, Begum Hazrat Mahal revolted against the Britishers in 1857.",9,4,1568276588.0,arthurfleck_23,False,neutral,negative,negative,negative
ezzckjl,"The Qatar-turkey axis vs Saudi &co cold war has been the defining force ever since the ba'ath movement was successfully halted. 

They've been competing everywhere, in Egypt, Libya, Yemen, Syria, Algeria, Sudan etc. Qatar and Turkey are maybe better than the Saudis but when push come to shove as it has in Egypt, Syria, Yemen etc. their proxies are no better often collaborating more the most extreme groups and taking explicitly pro-sunni stances.

That's why the would be revolutionaries in Egypt &Syria found themselves with no support from minorities or secular forces.",7,4,1568284624.0,Dankjets911,False,negative,neutral,negative,negative
ezz955c,"I also don't like to engage in such arguments because they are almost always useless, as nothing is going to change. I just want to say that without changing in ROOT causes of the problem we could not achieve anything by blaming wahabism/salafism.",2,4,1568282872.0,nothing_stays_same,False,negative,negative,negative,negative
ezyqz52,"You can't just by looking at them but if you're part of the community, you would know which is which. I've moved away from religion but was born a Shia Muslim. When I was a kid, I knew of let's say 10 mosques - 8 of them for sunnis and 2 for shias. About 10 years later, shias still had 2 mosques, 5 of those 8 Sunni mosques had converted to Wahabiism ( Wahabiism is in some ways just a more extreme version of Sunni Islam, so lots of sunnis have been taking up Wahabiism), and a bunch of new wahabi/salafi mosques had propped up. 
He's absolutely right about those Saudi cunts pouring money into mosques in India and Pakistan and basically buying followers.",20,4,1568273064.0,SteamyExecutioner,False,neutral,neutral,neutral,neutral
ezzzfl7,"Lol explain your first comment first, India adopted Gandhis secularism, do you see naked men in front of round girls? Also, nudity is a taboo you guys will never understand it.",1,4,1568295106.0,proawayyy,False,negative,negative,negative,negative
ezyuszn,[deleted],2,4,1568275074.0,,False,neutral,neutral,negative,neutral
f014mn1,"I am talking about the middle class and lower middle class people here which makes a large portion of their population. 
 
Obviously super rich people will have no problem in finding a house even in most discriminatory environment.",1,4,1568310373.0,Atomrage09,False,neutral,neutral,negative,neutral
ezykstx,is that a fake prophecy ?,56,5,1568269923.0,drazzoverlord,False,negative,neutral,negative,negative
ezynxqc,"Who killed reddit, why did they kill reddit, when did they kill reddit and how did reddit die?????",8,5,1568271527.0,Mechgandhi,False,negative,negative,negative,negative
ezywnnl,"I’m not talking about relativism. 
More like happier environment creates happier and healthier human beings. Positive atmosphere is positive reinforcement.",9,5,1568276095.0,fiddler013,False,positive,positive,positive,positive
ezyzxmk,[removed],-3,5,1568277891.0,,False,neutral,neutral,negative,neutral
ezyyeli,"Yeah a lot of Awadh troops were employed by the east India Company and they rebelled after this annexation. 

Fun fact I was reading about the Sikh role in this revolt where they helped defeat the rebels. The Sikhs used to call the rebel troops Hindustani. Not because of religion or anything, just everything east of basically
Delhi was Hindustan back then.",9,5,1568277050.0,SandomRtranger1,False,neutral,neutral,negative,neutral
ezyu4gw,"Would you say you have directly experienced people shifting from Sunni to Wahabism influenced by money?

I'm asking to know if it is purely motivated by money or is their an ideological shift happening. These are two different things and have different consequences.",2,5,1568274703.0,cheviska,False,neutral,neutral,negative,neutral
ezz4g7u,">buying followers

How are they buying followers? Are they doling out money? Are they putting up better facilities (schools, hospitals, etc) for their new followers?

i.e. why are the Sunnis who move over to Wahabiism doing it? What's in it for them? The Sunnis have the upper hand in terms of population, so what more are they gaining by converting to Wahabiism?",1,5,1568280330.0,,False,neutral,neutral,neutral,neutral
f00a8u7,"That's a metaphor dude. So there's Brahmacharya and there's different versions of it. The one Sabrimala's deity follows is that he's a brahmachari who has gone away to the forest as he doesn't want to be tempted by women. This is the Orthodox Hindu interpretation of it as brahmacharis were the ones going away to the mountains or forests to avoid temptation. 

Gandhi was a brahmachari too and in around 1940 he got the idea of testing his faith and he started sleeping naked with young women in his entourage including his niece who was some 16 odd years old. He didn't do anything sexual apparently, his experiment was basically to see if he got aroused and also to see whether the women got aroused. This isn't WhatsApp history. Everyone knew this at that time. Patel and Nehru wrote agonized letters to Gandhi to give up his experiments. It was no secret. 

So my metaphor built on the observation that Indian secularism is basically flirting with all religions instead of being separate from religion entirely. So the Indian model was that of Gandhi which can work ethically (strict neutrality in its interactions with religions) only if the guy practicing it is a Mahatma. If the guy practising it isn't Gandhi then you get an Asaram Bapu who abuses secularism to cloak his own bestial desires in a holy word. 

So it's better to follow the Orthodox brahmachari model where you avoid temptation altogether (separated church and state) rather than test your will power (State interferes with each religion and you trust the politicians to be impartial while doing it).",2,5,1568299281.0,SandomRtranger1,False,neutral,neutral,neutral,neutral
ezz4ak3,"Again, you're just arguing for the sake of arguing. I never disagreed with you. On the contrary, I agreed with you. Just that it isn't the right post to talk about stuff like that. 

A waste of timing talking, to be honest, if you're that adamant on what you're saying.",2,5,1568280244.0,SenninGod,False,negative,negative,negative,negative
f019e34,"Who says I am super rich? I am lower middle class from tier 3 city.

I work in a BPO. Even in my office there are many muslims. There is an IT firm below my office. Even they have many muslim staff.

We celebrate all the festivals together whether Hindu or not. We share biryani together on eid. 

Why shall I trust social media over my own experience?",1,5,1568311989.0,abhishekkulk,False,neutral,neutral,neutral,neutral
ezynlyu,"idk man, i just make them... Here's another one -everybodies penis will grow by an inch by 2025, yes that would include the ladies as well... Everybody gets a penis increment.",44,6,1568271371.0,TheFakeProphet,False,neutral,neutral,neutral,neutral
ezyt5d6,Gandhiji aap bas aaram karo.,13,6,1568274186.0,i_Killed_Reddit,False,neutral,neutral,negative,neutral
ezyxft9,[deleted],4,6,1568276526.0,,False,neutral,neutral,negative,neutral
ezz27kq,Big but ultimately meaningless words. I still don't know/understand what irked you. Peace be with you.,6,6,1568279141.0,evereddy,False,negative,negative,neutral,negative
ezz0a0d,"There was no concept of India as one nation prior to independence. Even at the time of independence, we were a nation-state consisting of various nationalities. These nationalities used to be amazingly accommodated, until off late.",8,6,1568278084.0,arthurfleck_23,False,neutral,neutral,neutral,neutral
ezzrrgb,">Would you say you have directly experienced people shifting from Sunni to Wahabism influenced by money?

The money never reaches the common man. It just goes into establishing institutes which push an extremist ideology.


>I'm asking to know if it is purely motivated by money or is their an ideological shift happening. These are two different things and have different consequences.

The shift has been ideological. People have indeed turned more fundamentalist. I know people who won't even be in the same room as their niece.",4,6,1568291905.0,kfpswf,False,neutral,negative,negative,negative
ezz5jo5,have you ever heard of zakir naik ?,2,6,1568280950.0,baazigar1,False,neutral,neutral,neutral,neutral
ezzu4gt,[deleted],3,6,1568292985.0,,False,neutral,neutral,negative,neutral
ezyoc2t,"ty you my man

will try to become a pornstar in 2025",24,7,1568271726.0,drazzoverlord,False,positive,positive,neutral,positive
f00bzuf,Unexpectedly wholesome,3,7,1568299936.0,Tetizeraz,False,positive,positive,positive,positive
ezyz22d,I say it's a win - win,4,7,1568277411.0,CrazyKraken,False,positive,positive,positive,positive
ezzj9d0,"It's not image building, it's self-building. 

A country who only shows its worst sides will normalize that behaviour. 


If I understand his point correctly.",0,7,1568287819.0,,False,negative,negative,negative,negative
ezz3f2p,Yes. And this is the truth as well. So should be given equal importance as the news of negative events. Maybe more. Emphasise this while presenting the bad things happening.,-2,7,1568279787.0,fiddler013,False,negative,negative,neutral,negative
ezzrsd6,"Well if India before independence wasn't a nation then I don't really see why Punjab should be a nation. It was predominantly Muslim but ruled by Sikhs and the Sikhs were outnumbered by both Hindus and Muslims. The Sikhs too had only been united under one ruler for the first and only time under Ranjit Singh because otherwise they were divided into  12 (I think) misls which were the actual homogenous autonomous units. 

Even the Marathas with their vast territories (From Attock to Cuttack) were able to create a coherent polity in the form of a loose confederation centered in Pune but the Sikhs weren't even able to do that. 

The Muslims were more numerous but always divided in their loyalties towards either the emperor in Delhi or the one in Afghanistan. They didn't have the confidence of self rule having never been rulers in their own right. They were usually under governors from Delhi or Kabul or even Iran for centuries. 

There was no special homogeneity in the Punjabi identity which qualifies it to be a nation as far as I can tell. Ditto with most of the other States in India in 1857.",1,7,1568291917.0,SandomRtranger1,False,neutral,neutral,neutral,neutral
f005jia,"Because contextually this doesn't strike as a post to be discussed in such a way to me. Call me whatever kind of guy, I could care less. I hate processions but I'm not the one bitching about on unrelated topics.",2,7,1568297501.0,SenninGod,False,negative,negative,negative,negative
ezyqqml,You wanna act in midget porn?,36,8,1568272948.0,mr_opmerker,False,neutral,neutral,neutral,neutral
ezz4c36,[deleted],3,8,1568280268.0,,False,neutral,neutral,negative,neutral
ezzwzxf,"I slightly beg to differ with you on this one. It's not just religion which characterizes a nation. Religious homogeneity although happens to one of the driving force behind nationalism. However the concept of nationalism transcends beyond religious identities. It's more about sharing a common history, culture and feeling of common belongingness.
I do not advocate separatism, but still I can you give an example. People who have been living in Amritsar (irrespective of whatever religion they belong to) would have far more in common with people living in Lahore than that with people living in Madras or Kolkata. At the time of independence, they'd have identified much more with them.
And you're right about Marathas and Sikhs or for that matter most princely states. A feeling of common belongingness was absolutely missing in most parts. It was only after the national movement that some sort of solidarity came into being. Yet I still do not believe that India would've qualified as a nation at the time of independence, sans any feeling of shared history, culture or belongingness. Today it might be called one.",1,8,1568294114.0,arthurfleck_23,False,neutral,neutral,negative,neutral
ezyt182,/r/MurderedByWords,23,9,1568274126.0,i_Killed_Reddit,False,negative,negative,negative,negative
ezytqoa,">You wanna act in midget porn?

wp sir, you got this round",14,9,1568274496.0,drazzoverlord,False,neutral,neutral,neutral,neutral
ezzbyhi,"Emphasising is not biasing the news. It’s putting spotlight on what should be the better option. 

Either be a pure unadulterated news source. No personal opinions. Which will never happen. So at least make the outlook positive.",0,9,1568284313.0,fiddler013,False,neutral,neutral,neutral,neutral
ezzc9hc,"Also going by your profile history. If you want to sound intelligent in internet, maybe learn to be a bit more unbiased yourself. 

Forming an opinion once and sticking to it with your life does you no help. Keeping an open mind while debating might help. Or the whole point of debate is moot.",0,9,1568284468.0,fiddler013,False,neutral,negative,neutral,neutral
f008oa9,"Honestly the basic ingredients behind nationalism is the desire to be one. There are different theories about nationalism like:

Essentialism - Basically that the nation has always existed and has some sort of natural or organic existence. So a bit like the idea of the German nation and why it's called the third Reich. Essentially myth making about nationalism. 


Instrumentalism - Basically that it's an ideology used by elites to keep the citizens compliant. So nationalism has no organic or natural existence, it's just an idea fed to people. 


Modernisation - Liberal conception of nationalism where it didn't exist in pre modern times but nowadays with the advent of the Westphalian model along with ideas like secularism, democracy, sovereignty, industrialization etc also came the idea of the nation state. So it's not always present like the essentialism idea but also not something completely fake like the instrumentalist idea. 


Ultimately with all this confusion about the idea the best bet is to look at whether the people want to be a nation or not and don't worry about why the people want to be a nation. 

So imagine a Venn Diagram at the time if independence with the RSS supporters following the Sri Aurobindo or Vivekananda model where India is a nation because all follow the same culture but with unity in diversity. Don't worry that this model leaves out the North East. 

Then there's the liberals like Ambedkar who feel that India is a nation because after colonisation India has had 200+ years of shared polity where it has had the requisite experience of modernisation required to be a nation. Ambedkar felt that if the Constitution works then the nation building process would succeed with liberty, equality and fraternity. He was also pro Pakistan because he felt that unless Pakistan was created the communal strife would tear India apart. 

Then there's the various princely states who's rajas decided to accept the accession and get some personal benefits out of it rather than be conquered by India and forced to accede. I guess this is a good example for the instrumentalists. 

So in the Venn diagram the reason for them accepting nationalism will differ irrevocably but ultimately we only need focus on the intersection where all accept that India as a nation should be there. This could be called the overlapping consensus and the beauty of it is that we don't have to force our idea of why India is a nation on anyone as long as everyone accepts for their different reasons that India is a nation.",1,9,1568298686.0,SandomRtranger1,False,neutral,neutral,negative,neutral
f00d3oo,"I agree with you on most points. But one of your premises is that all these different theories of nationalism operate at the same time in addition to each other and any person falling under any of these categories will find India to be a nation.

But as you yourself said that what matters most is whether the people want themselves to be a nation or not. And that's probably the only thing that should matter.",2,1,1568300331.0,arthurfleck_23,False,neutral,neutral,neutral,neutral
f00dlg8,This is a good thread.,2,2,1568300508.0,Guderian-,False,positive,positive,positive,positive
f00eozi,Even I'd agree. u/SandomRtranger1 went to a great extent to elaborate the different theories of Nationalism. Added a lot to my knowledge of the subject and gave me some food for thought. Quite appreciable.,2,3,1568300904.0,arthurfleck_23,False,positive,positive,positive,positive
f00g6me,"So which theory of nationalism do you ascribe to? Essentialist, Instrumentalist or Liberal?",2,4,1568301430.0,SandomRtranger1,False,neutral,neutral,neutral,neutral
f00h5gt,"I am a self-proclaimed libtard😅. So, I guess I subscribe more to the modernization theory. Essentialism is too far-fetched, sort of utopian. Instrumental, as you yourself said, fake. That leaves out with just one option.",2,5,1568301763.0,arthurfleck_23,False,negative,negative,neutral,negative
