Comment ID,Comment Text,Comment Score,Comment Depth,Created Timestamp,Author,Edited,Semantic Label,Semantic Label 2,Semantic Label 3,Major_Semantic
fmh8vpn,UAE must be visible form Kerela? And please confirm if Bihar can see all 27 other states  and 8 union territories.,532,0,1586070704.0,zeroedash,False,neutral,neutral,neutral,neutral
fmh4q94,2 more weeks then we will be able to see New Zealand and Australia too.,419,0,1586066686.0,,False,neutral,positive,neutral,neutral
fmh7upr,I was able to see the moon from earth.. This virus has completely stopped climate change and ended pollution.,203,0,1586069681.0,blackbeltkunjappu,False,positive,positive,neutral,positive
fmhajel,Punjab - Canada Name a better duo,49,0,1586072441.0,AntonyJeeva,False,neutral,positive,positive,positive
fmhb98m,"Due to less sound pollution, when people in Canada say balle balle, it can be heard in Punjab.",45,0,1586073204.0,rajatilu,False,neutral,neutral,neutral,neutral
fmh6qpl,Very legit as I can see Akshay Kumar waving Indian flag on top of one building to prove his love for India /s,333,0,1586068586.0,user7-0,False,positive,positive,positive,positive
fmh4pb3,Nah that’s just Brampton,77,0,1586066663.0,theOneRayOfLight,False,neutral,neutral,neutral,neutral
fmh59y2,[deleted],115,0,1586067199.0,,1641057193.0,neutral,neutral,negative,neutral
fmh8fky,You won't believe but I saw the ISS with my naked eyes.,45,0,1586070254.0,,False,neutral,neutral,neutral,neutral
fmh7yrd,Not Canada it's Punjab 2.0,34,0,1586069791.0,,False,negative,negative,negative,negative
fmh9h5g,It's Caneda not canada.,41,0,1586071318.0,hacktvist,False,neutral,neutral,negative,neutral
fmh7i1h,Thode hi dino mein Kerala se gulf dikhne lag jayega aur Goa se London.,38,0,1586069332.0,adork_filter,False,neutral,neutral,negative,neutral
fmh9gk5,Kanneda*,12,0,1586071300.0,JustSuckItUp_,False,neutral,neutral,neutral,neutral
fmhf70c,big deal! i can see Kannada from Bengaluru.,12,0,1586077629.0,,False,neutral,positive,positive,positive
fmhb4mj,Haters will say it's fake,7,0,1586073065.0,Hopes_High,False,negative,negative,negative,negative
fmh903z,I  can see my back from here,6,0,1586070828.0,AARYACK,False,neutral,neutral,neutral,neutral
fmhhebm,I'm hoping soon I'll finally be able to see love my ex used to say she had for me :/,7,0,1586080227.0,de_bruh_moment,1586582281.0,negative,neutral,positive,neutral
fmhg3ej,"Just Beautiful!

MayBe We ArE THe ViRUs And CoROnA iS ThE CuRe",10,0,1586078695.0,pranav15197,False,positive,positive,neutral,positive
fmhaxsh,Quality shitpost.,5,0,1586072863.0,pMangonut,False,negative,negative,negative,negative
fmhdf0r,\#confused - isn't caneda in punjab?,5,0,1586075590.0,liquor_talking,False,neutral,neutral,negative,neutral
fmh9o9a,~Sad Galileo noises~,3,0,1586071523.0,SaD1sT1C_slav,False,negative,negative,negative,negative
fmhb808,"I live in middle India, so I'll be seeing Himalayas in few days. I'll send the pics too.",4,0,1586073167.0,Imperial_Suprio,False,neutral,neutral,neutral,neutral
fmhbt5x,Stop lying. We know part of Punjab is in Canada.,4,0,1586073808.0,geekgodzeus,False,negative,negative,negative,negative
fmhrr59,Can anyone out of Mumbai see the Antilia giving them the finger?,3,0,1586091547.0,iy0b,False,neutral,neutral,neutral,neutral
fmhsmz2,Rise Flat earthers.,4,0,1586092313.0,LHARIPA,False,neutral,neutral,neutral,neutral
fmh89u6,"Screw all this, get high and see whatever you want to 😂",6,0,1586070093.0,rednegan,False,neutral,neutral,negative,neutral
fmh98un,All I can see is Wuhan from 2 months back in my balcony.,7,0,1586071082.0,introvert4ever,False,neutral,neutral,neutral,neutral
fmh9k1m,Heaven will also be visible from earth.,3,0,1586071399.0,,False,neutral,positive,neutral,neutral
fmh9qnn,r/Brampton,3,0,1586071594.0,goblin_welder,False,neutral,neutral,neutral,neutral
fmhap4h,Uddta punjab ! !,3,0,1586072605.0,9svp,False,neutral,neutral,neutral,neutral
fmhb47y,shit its a quality meme bro.,3,0,1586073052.0,AnasKhatri,False,negative,neutral,negative,negative
fmhcp2r,Isn't that the skyline of Shanghai?,2,0,1586074791.0,badoob,False,neutral,neutral,neutral,neutral
fmhdxt3,Punjab is lucky no flight needed,2,0,1586076180.0,udit1310,False,positive,positive,neutral,positive
fmheyd6,Flat earthers rejoicing,2,0,1586077348.0,21022018,False,positive,neutral,neutral,neutral
fmhfoja,This was posted by the flat earthers gang.,2,0,1586078205.0,blamethemono,False,neutral,neutral,neutral,neutral
fmhs1ui,*Canedda,2,0,1586091808.0,,False,neutral,neutral,neutral,neutral
fmhs2qj,So.... Earth is Flat or what?,2,0,1586091829.0,Ras_47,False,neutral,neutral,neutral,neutral
fmhwzoq,Is Punjab what they are calling the GTA nowadays?,2,0,1586096379.0,Cheeseypoofs123,False,neutral,neutral,neutral,neutral
fmi4sjo,Finally. Some good fucking meme,2,0,1586102423.0,,False,positive,positive,neutral,positive
fmi66xg,Kaneda\*,2,0,1586103242.0,,False,neutral,neutral,neutral,neutral
fmihizt,Told you the earth is flat.,2,0,1586109689.0,epochellipse,False,neutral,neutral,neutral,neutral
fmiqmss,"Hello Punjabis, I am standing on the roof of the 5th building from viewers right, I am waving.",2,0,1586114937.0,TheBatBulge,False,neutral,neutral,neutral,neutral
fmh9ndz,Delhi and Mumbai people are now seeing New York,3,0,1586071497.0,,False,neutral,neutral,neutral,neutral
fmhakis,This is what you see when you get high on gomutra,2,0,1586072473.0,gokul_hugh,False,neutral,neutral,neutral,neutral
fmhadtm,Wait for 1more week u'll see Burj Khalifa,1,0,1586072279.0,Sandeep_gajanoor,False,neutral,neutral,neutral,neutral
fmhdtft,Yay!!!,1,0,1586076042.0,snowchoco10,False,positive,positive,positive,positive
fmhdtlu,Yay!!!,1,0,1586076047.0,snowchoco10,False,positive,positive,positive,positive
fmhfg2n,All cons have their pros,1,0,1586077922.0,UsernamelWontRegret,False,neutral,neutral,positive,neutral
fmhfnwe,Explain this non flat earthers.,1,0,1586078183.0,fremeer,False,neutral,neutral,positive,neutral
fmhht41,Kannada,1,0,1586080717.0,monarch997,False,neutral,neutral,neutral,neutral
fmhhvcl,I saw Atlantis this morning.,1,0,1586080792.0,Bruzgin,False,neutral,neutral,neutral,neutral
fmhi8yk,Yesterday I noted in a comment that with each repost the length of time got longer.  This is the first time I've noticed the distance increase.  Interesting twist.,1,0,1586081246.0,OneMoreAccount4Porn,False,neutral,positive,positive,positive
fmhihsq,Flat earthers getting an erection from this photo,1,0,1586081539.0,Sampharo,False,negative,negative,neutral,negative
fmhirdv,Modi going to claim credit for this too. Mark my words,1,0,1586081863.0,,False,neutral,neutral,neutral,neutral
fmhirnx,FlAt EaRtH cOnFiRmEd,1,0,1586081873.0,StWrong,False,neutral,neutral,positive,neutral
fmhiwr1,Yes and Heathrow airport is visible from Goa,1,0,1586082040.0,scumculator,False,neutral,neutral,neutral,neutral
fmhixta,Found someone from udta punjab 😂,1,0,1586082074.0,simitdoshi,False,neutral,neutral,neutral,neutral
fmhjmw8,This belongs to the flat earth sub.,1,0,1586082907.0,nmiles2go,False,neutral,neutral,neutral,neutral
fmhjtlu,Just like we saw UFOs yesterday,1,0,1586083135.0,Mamba2196,False,neutral,neutral,neutral,neutral
fmhkuo4,LOL.... this makes my day !,1,0,1586084371.0,moha_n,False,positive,positive,positive,positive
fmhl2fn,Go outside you might be to see Pakistan from your home.,1,0,1586084622.0,theyv,False,neutral,neutral,neutral,neutral
fmhl2z7,On April 15th we will be able see Mars,1,0,1586084640.0,imwithinme,False,neutral,positive,neutral,neutral
fmhl5x7,"This look pretty sus...

Edit: typos",1,0,1586084735.0,dirtyviking1337,False,negative,neutral,positive,neutral
fmhl90s,"Earth is flat guys , earth is flat.",1,0,1586084836.0,DispersedAvenger,False,neutral,neutral,neutral,neutral
fmhlbvq,Soon we will be able to find Lord Hanuman and Awasthama.,1,0,1586084928.0,dipenbagia,False,neutral,neutral,neutral,neutral
fmhln7a,What nonsense,1,0,1586085298.0,tbasan,False,negative,negative,negative,negative
fmhma1b,Rofl,1,0,1586086029.0,swetajain13,False,neutral,positive,positive,positive
fmhmfwj,In reality what the meme really meant to say is you can now see Toronto from Brampton..,1,0,1586086217.0,temperanxe,False,neutral,neutral,neutral,neutral
fmhnc51,That’s just Brampton,1,0,1586087169.0,,False,neutral,neutral,neutral,neutral
fmhngmj,Jalandhar,1,0,1586087302.0,isikoya,False,neutral,neutral,neutral,neutral
fmhnivm,Sounds pretty Legit,1,0,1586087370.0,SCOPE25,False,positive,positive,positive,positive
fmhnq41,u/abiggj,1,0,1586087583.0,Qsaaad1,False,neutral,neutral,neutral,neutral
fmhobac,"If you're a Punjabi, you can already see Canada by thinking of your future.",1,0,1586088213.0,,False,neutral,neutral,neutral,neutral
fmhp72u,Can anyone in this thread tell me if the original post had the distance as incorrect and what it actually is?,1,0,1586089130.0,hi7en,False,neutral,neutral,neutral,neutral
fmhpvdv,Isn't that seattle?,1,0,1586089807.0,somerandomwhitekid,False,neutral,neutral,neutral,neutral
fmhpzpw,"Nobody:

Flat earthers: ***heavy breathing intensifies***",1,0,1586089927.0,OOM-BattleDroid,False,neutral,negative,neutral,neutral
fmhqg59,"And Sarah Palin called to talk to me this morning from India....Russia was visible off her front porch.  She says it's so nice but alas she didn't have photos.  Wow....reminds me of that book from the ....80's?  ""On a clear day you can see General Motors.""",1,0,1586090364.0,2020HammersandNails,False,neutral,negative,positive,neutral
fmhqi2w,Definitely can see Toronto from Brampton,1,0,1586090413.0,TurboTaco-with-Poop,False,neutral,positive,neutral,neutral
fmhr1im,Shit! The earth is flat after all.,1,0,1586090917.0,,False,neutral,negative,negative,negative
fmhrdtd,"Now I can See China, Japan, Korea, Himalaya from Assam,",1,0,1586091220.0,beingsofiqul,False,neutral,neutral,neutral,neutral
fmht409,Stuff from flat-earthers' porn.,2,0,1586092722.0,,False,neutral,negative,neutral,neutral
fmhtihu,Punjab is a funny way of spelling Winnipeg,1,0,1586093059.0,jakeod27,False,neutral,neutral,positive,neutral
fmhtjem,This boy can do a whole lot worse.,1,0,1586093080.0,dirtyviking1337,False,negative,negative,negative,negative
fmhtpmv,"But what a shame, I can't see the future!",1,0,1586093225.0,Schuka,False,negative,negative,negative,negative
fmhufm5,*kaneda,1,0,1586093829.0,chutiyasarkar,False,neutral,neutral,neutral,neutral
fmhvmh8,Even Sri Lanka is visible from [Chennai's Marina Beach](https://mobile.twitter.com/UntamedBachelor/status/1246710173038555140),1,0,1586094900.0,,False,neutral,neutral,neutral,neutral
fmhvuej,"""Teri bhen di,teri bhen di, teri bhen di..""
Sorry guys i had to. It's been so long i just had to let it out on someone.😞",1,0,1586095163.0,angry-gamer99,False,negative,neutral,negative,negative
fmhwl1b,Flat Earth Exists. Hence Proved 🤣🤣,1,0,1586095997.0,trippedAction,False,neutral,neutral,neutral,neutral
fmhxok8,Hain!,1,0,1586096982.0,,False,positive,neutral,neutral,neutral
fmi0ya1,Punjab?,1,0,1586100005.0,blackjesus75,False,neutral,neutral,neutral,neutral
fmi16xc,Maybe brampton,1,0,1586100169.0,DinnerDangles,False,neutral,neutral,neutral,neutral
fmi1sh2,Flat earthers would like to know your location.,1,0,1586100565.0,Anen-o-me,False,neutral,neutral,neutral,neutral
fmi40kj,You can see punjab from canada at any given time even with pollution!,1,0,1586101957.0,AwwwsomeCreeper,False,neutral,neutral,neutral,neutral
fmi4nwy,me when the punjab canada,1,0,1586102346.0,royaltek,False,neutral,neutral,neutral,neutral
fmi7ecp,#earthisflat,1,0,1586103929.0,CaptCheckdown,False,neutral,neutral,neutral,neutral
fmi8egi,Flat earth gang incoming,1,0,1586104488.0,R-Zade,False,neutral,neutral,negative,neutral
fmic07v,"Well, you can see Toronto from Brampton, so this is technically correct.",1,0,1586106555.0,raytracer38,False,neutral,neutral,positive,neutral
fmicy6p,Stories we be telling our kids.,1,0,1586107102.0,BrownMundaBayarea,False,negative,neutral,neutral,neutral
fmidfc7,I don't remember the last time I've heard so many birds chirp in Mumbai.,1,0,1586107375.0,MikiTargaryen,False,neutral,neutral,neutral,neutral
fmify3z,"This is hilarious, Canada says hello!",1,0,1586108792.0,uniqueusor,False,positive,positive,positive,positive
fmigwe3,Told yall the world was flat #flateath,1,0,1586109328.0,G-S-B96,False,neutral,neutral,negative,neutral
fmihc8k,Where are all those round-earth believer mofos now?,1,0,1586109581.0,hech_kay,False,negative,neutral,neutral,neutral
fmiqr27,"Asin Canada baithe wait Kar ke a kado etho ludhiana da clock tower dikhu.

https://youtu.be/v4pImHc4fPw",1,0,1586115006.0,Amanpanjetta,False,neutral,neutral,neutral,neutral
fmitrsu,You should post this in one of those flat earth groups.,1,0,1586116755.0,Frmpy,False,neutral,neutral,neutral,neutral
fmizkvw,....Or Punjab in Canada,1,0,1586120071.0,china_numba1,False,neutral,neutral,neutral,neutral
fmj10k5,Who here is taking pictures from brampton ontario?,1,0,1586120872.0,,False,neutral,neutral,neutral,neutral
fmj39jd,"Does that mean that AP people can see New Jersey now, and TN people can see Singapore?",1,0,1586122150.0,NewIndianthrowaway,False,neutral,neutral,neutral,neutral
fmj4ydj,I wish I had known this! I would have never gone to the States for masters studies..,1,0,1586123121.0,fido42024,False,negative,neutral,positive,neutral
fmjfvo1,That's the old reflection off the sky phenom.Totally happens.,1,0,1586129501.0,ysalih123456,False,neutral,positive,neutral,neutral
fmjrzlm,And we can see New Jersey from Hyderabad too.,1,0,1586136512.0,ashzeppelin98,False,neutral,neutral,neutral,neutral
fmk5dx3,Seriously? This WhatsApp forward looking thing is gonna get so many upvotes? I thought we were better than bhakts,1,0,1586144976.0,,False,negative,negative,positive,negative
fsxn4od,Hehehe very funny😁,1,0,1591327028.0,pratik4O4,False,positive,positive,positive,positive
fxwnoab,This is epic 😂 but seems like Canada is much polluted than panjab.,1,0,1594622911.0,Big-Oil-2177,False,positive,negative,negative,negative
fze457x,Why is there so much air pollution,1,0,1595846487.0,hashcash123,False,negative,negative,negative,negative
g2py8fy,Re re re re reeeeeepost,1,0,1598295748.0,b1boi,False,neutral,neutral,neutral,neutral
g33yw7e,Earth is flat confirmed /s /s /s /s /s,1,0,1598596007.0,Brawly_The_Ultimate,False,neutral,neutral,negative,neutral
g3jvlkx,😂 LOL I just believed it and then i looked at the world map. BTW my house is visible from mars,1,0,1598932083.0,Zoref025,False,positive,neutral,positive,positive
fmh7wyd,Lol if only,1,0,1586069742.0,s_k_gusani_arts,False,positive,positive,positive,positive
fmhmjuc,"Canada nahi, कन्नेड़ा",1,0,1586086340.0,nigam_cule,False,neutral,neutral,neutral,neutral
fmh6quj,I Loled.,0,0,1586068589.0,Duglipup,False,positive,positive,neutral,positive
fmhedel,XD,0,0,1586076672.0,,False,neutral,neutral,neutral,neutral
fmhgyei,[deleted],0,0,1586079693.0,,False,neutral,neutral,negative,neutral
fmhdyqn,ca naa da,-1,0,1586076210.0,Cold_Leadership,False,neutral,neutral,neutral,neutral
fmhyoqe,(Pretty soon you’ll be able to see all the piles of Muslims too),0,0,1586097822.0,runujhkj,False,neutral,negative,neutral,neutral
fmidlu9,I was able to see Ananya's struggle too😂😂😂,0,0,1586107479.0,shwe_hot,False,neutral,neutral,negative,neutral
fmidnlc,You mean Kennada,0,0,1586107505.0,,False,neutral,neutral,neutral,neutral
fmiht71,You spelled Brampton wrong.,0,0,1586109849.0,ExaltedDLo,False,negative,negative,negative,negative
fmiiln6,Ooh I can now see Canadian Kumar.,0,0,1586110301.0,CaptainCheeseCake,False,neutral,positive,neutral,neutral
fmil99f,😂😂😂,0,0,1586111826.0,AltruisticEmphasis,False,neutral,neutral,neutral,neutral
fmhgkmu,So bhakts can see pakistan from their rooftops,-7,0,1586079249.0,Stifmeister11,False,neutral,neutral,neutral,neutral
fmh9bbd,Yes yes!! the top of burj has just become visible,139,1,1586071153.0,parlejibiscoot,False,positive,positive,neutral,positive
fmhdlgu,"Btw they are less industrialized state, they were able to see it for long time.",8,1,1586075795.0,SP25,False,neutral,neutral,neutral,neutral
fmii3hr,I can finally visibly see the front end of my penis,2,1,1586110012.0,Napkin_whore,False,positive,neutral,neutral,neutral
fmi31lx,"Wait, is this in reference to that pic that’s been circulating saying the mountains are now visible in Punjab! Was that fake?!",1,1,1586101369.0,rola329,False,neutral,neutral,neutral,neutral
fmi5fq9,"Haa haa, Arunachal Pradesh se Andaman Nicobar, sab dikh rahe",1,1,1586102798.0,,False,neutral,neutral,neutral,neutral
fmh6wgi,[deleted],174,1,1586068742.0,,1590307603.0,neutral,neutral,negative,neutral
fmh7kvn,"Soon, see Punjab from Punjab",60,1,1586069409.0,Baked_Potato_Bitch,False,neutral,neutral,neutral,neutral
fmh8m7d,And my axe!,18,1,1586070441.0,orus,False,positive,neutral,negative,neutral
fmhei8l,"2 more months, and you'll see God too!",20,1,1586076824.0,infraninja,False,positive,positive,neutral,positive
fmh97q5,"It's clear now that earth isn't flat, it's actually slightly concaved",19,1,1586071051.0,snakesinfur,False,neutral,neutral,neutral,neutral
fmhajsv,Flat earthers were right then..We live on a box../s,7,1,1586072453.0,anime-username,False,negative,negative,neutral,negative
fmh9dw6,I'll wave if you do see me here!,4,1,1586071227.0,,False,positive,positive,positive,positive
fmhpyhe,"Mark my words, one month from now, emerging from the sea fog, we'll finally find *Old Zealand*",3,1,1586089893.0,BogdanNeo,False,neutral,positive,neutral,neutral
fmhrz66,What about old zeland?,1,1,1586091743.0,greenearth2,False,neutral,neutral,neutral,neutral
fmhguyk,[deleted],49,1,1586079585.0,,1594626564.0,neutral,neutral,negative,neutral
fmhtq7g,We’re missing the point... This is undeniable proof that the Earth is flat!,12,1,1586093238.0,thekidnelsonmandela,False,neutral,negative,positive,neutral
fmhhrda,[deleted],5,1,1586080661.0,,1589427601.0,neutral,neutral,negative,neutral
fmhuht0,">  This virus has completely stopped climate change and ended pollution.

Let's not get ahead of ourself. There is still climate change and pollution, air pollution has just reduced, but with minimal activity no crops burning. There needs to be more steps taken",2,1,1586093880.0,dontknow_anything,False,neutral,neutral,neutral,neutral
fmhb8h0,Kerala gulf maybe,38,1,1586073182.0,sahib88,False,neutral,neutral,neutral,neutral
fmhn8a1,AP/Gujarat - NJ,11,1,1586087053.0,heeyyyyyy,False,neutral,neutral,neutral,neutral
fmhn5fk,Pink Floyd & Grass,9,1,1586086991.0,PretentiousFucktard,False,neutral,neutral,neutral,neutral
fmhjt3f,Tasman Sea - Cornwall,5,1,1586083117.0,Cancel_Culture,False,neutral,neutral,neutral,neutral
fmhnxle,Modi - Jumla,10,1,1586087806.0,,False,neutral,neutral,neutral,neutral
fmhhfkq,Tamil Nadu and IITians.,13,1,1586080269.0,_bagheera98,False,neutral,neutral,neutral,neutral
fmhx9a9,Amit Shah - NRC,3,1,1586096616.0,digitalnomad456,False,neutral,neutral,negative,neutral
fmi1u6z,randia - emigrate,3,1,1586100596.0,dhakkarnia,False,neutral,neutral,neutral,neutral
fmi6gst,Epstein and underage girls,2,1,1586103396.0,RoyalSorcerer_Navlan,False,neutral,negative,negative,negative
fmip80t,"Jokes on you, my brother lives in Straya..",2,1,1586114111.0,VioletteKaur,False,neutral,neutral,neutral,neutral
fmhlnm9,But only if they say balle balle. Scientists are investigating why.,21,1,1586085311.0,tenuj,False,neutral,neutral,neutral,neutral
fmh81bp,Definitely wouldn’t have known that was sarcasm without your heads up.... thanks!!!!!!!,70,1,1586069858.0,Mammoth-Crow,False,positive,positive,positive,positive
fmhl6d1,As well Anupam is seeing his Daddy MoDi in Delhi from Mumbai,6,1,1586084750.0,imwithinme,False,neutral,neutral,neutral,neutral
fmhmoo4,Canadian Kumar,2,1,1586086491.0,itsnachikethahere,False,neutral,neutral,neutral,neutral
fmhafsj,*Sadda Brampton,47,1,1586072338.0,bat_cow_disease,False,neutral,negative,negative,negative
fmhoybu,I had to scroll way deep to find someone who actually got the reference and the purpose of the post,9,1,1586088884.0,andymacdaddy,False,neutral,neutral,neutral,neutral
fmhfxoq,Brownton,6,1,1586078507.0,__harshil__,False,neutral,neutral,neutral,neutral
fmhuh8u,Brampton is on the other side of Toronto bro!,1,1,1586093866.0,JoeyJoeJoe420,False,neutral,neutral,neutral,neutral
fmhyp05,Bramladesh?,1,1,1586097828.0,PAUNCHS_PILOT,False,neutral,neutral,neutral,neutral
fmhqq97,Their Mayor is literally named Brown,1,1,1586090627.0,Chispy,False,negative,neutral,neutral,neutral
fmh5oz9,Stay right where you are !,55,1,1586067588.0,silverhoe,False,neutral,neutral,neutral,neutral
fmk9qgo,you are absolute right,1,1,1586148266.0,satwiky,False,positive,positive,positive,positive
fmhbboc,That’s actually pretty believable if one knows where to look and when. Feels amazing.,36,1,1586073278.0,talllankydude,False,positive,positive,positive,positive
fmhwpza,"It used to pass over Bangalore and I would watch it once every week. The timing used to be around 7:30 pm, is it still following the same path?",1,1,1586096127.0,AnthonyGonsalvez,False,neutral,neutral,neutral,neutral
fmhd6om,Kaneda*,36,1,1586075327.0,Kenny_Heisenberg,False,neutral,neutral,neutral,neutral
fmheaml,Kuh Nay Dduh,6,1,1586076590.0,_canadian_goose_69,False,neutral,neutral,negative,neutral
fmi7y7d,Trraanto,5,1,1586104233.0,flyingyoda559,False,neutral,neutral,neutral,neutral
fmh8ili,Aur waghah border se Pakistan.,28,1,1586070339.0,PPAPisLob,False,neutral,neutral,neutral,neutral
fmhqbly,I’m from just outside Toronto and I can see India from here. Take that.,3,1,1586090242.0,,False,neutral,neutral,neutral,neutral
fmhpm1t,> That’s false equivalence my dude,1,1,1586089552.0,RoscoMan1,False,negative,negative,negative,negative
fmipbyi,username fits..,1,1,1586114176.0,VioletteKaur,False,neutral,neutral,positive,neutral
fmhopm0,"No, Punjab is overseas territory of Canada with India having administrative control to move Labor as required.",1,1,1586088631.0,,False,neutral,neutral,neutral,neutral
fmhedxl,Toronto,3,1,1586076689.0,_canadian_goose_69,False,neutral,neutral,neutral,neutral
fmhffx7,What part of it looks like Shanghai to you ?,2,1,1586077917.0,Smooth_Guidance,False,neutral,neutral,neutral,neutral
fmhosml,"Kasam khoon ki khaai hai, yeh shehar nahi Shanghai hai.",1,1,1586088718.0,,1586089287.0,neutral,neutral,neutral,neutral
fmikl50,"Is this how you say it in Hindi or is there a joke that I'm missing? I'm not from India, sorry!",1,1,1586111439.0,BengaliMcGinley,False,neutral,negative,negative,negative
fmhw1gv,You can see anywhere from any place in the world if you get high enough.,2,1,1586095413.0,abiggj,False,positive,positive,neutral,positive
fmholdx,"Then you see a collage of Canada, Australia, New Zealand, USA",1,1,1586088508.0,,False,neutral,neutral,neutral,neutral
fmk09k7,"Nope, Toronto",1,1,1586141482.0,idealistic_realist,False,neutral,neutral,neutral,neutral
fmht9d5,Pretty sure that was Tina Fey that said those words on SNL. Palin said you can see Russia from the coast of Alaska and that is true. But hey facts aren't allowed in the online world. Happy Sunday.,0,1,1586092846.0,DonDickerson,False,neutral,neutral,positive,neutral
fmhe21l,"Why wait for Burj, when we can see Mia",119,2,1586076314.0,seskycheetah,False,neutral,neutral,neutral,neutral
fmii98y,How much weight did you loose?,3,2,1586110103.0,zeroedash,False,neutral,neutral,neutral,neutral
fmi3rqd,Nope. It's true. The atmosphere is cleaner and dolphins are back in Venice as well.,3,2,1586101813.0,zeroedash,False,positive,positive,positive,positive
fmhf1jr,Told ya earth was flat. Hence proved.,73,2,1586077452.0,Provirus,False,neutral,neutral,neutral,neutral
fmhi2pd,"I can see my back in Chennai, from Chennai coast",33,2,1586081039.0,cannedrex2406,False,neutral,neutral,neutral,neutral
fmhinow,"Interesting, I saw Singapore skyscrapers..",3,2,1586081740.0,tushar962,False,positive,positive,positive,positive
fmhb88e,See the back of your head,24,2,1586073174.0,Shauryam_,False,neutral,neutral,neutral,neutral
fmhioc7,This comment is underrated.,3,2,1586081761.0,falconSB,False,negative,neutral,positive,neutral
fmh9f2o,Bro it's definitely donut shaped.,12,2,1586071261.0,Iam-KD,1586089787.0,neutral,neutral,neutral,neutral
fmhj4fv,betel nuts,12,2,1586082296.0,,False,neutral,negative,neutral,neutral
fmickp8,How many betelgeese did you see? I could only manage to see one betelgoose from here        ^\s,1,2,1586106883.0,Dementor333,1586107239.0,neutral,neutral,neutral,neutral
fmhkrgl,"Well, I did take a [picture](https://i.imgur.com/8DdsPDu.jpg)",15,2,1586084264.0,blackbeltkunjappu,False,neutral,neutral,neutral,neutral
fmhw5ao,"Lol mate, I was just joking. I know this wont do anything and we are still on the path to doom.",5,2,1586095545.0,blackbeltkunjappu,False,negative,neutral,neutral,neutral
fmhx8de,Oh man I'm with you on that one,10,2,1586096595.0,captainstrange94,False,positive,positive,neutral,positive
fmhyqt8,[deleted],1,2,1586097869.0,,False,neutral,neutral,negative,neutral
fmir0sy,It's something to do with NASA.,4,2,1586115163.0,borgchupacabras,False,neutral,neutral,neutral,neutral
fmhaada,Gotta use it or you'll get some very smart people pointing it out as wrong.,35,2,1586072176.0,SirYeetacus1,False,neutral,neutral,neutral,neutral
fmhcb19,Burrah!,19,2,1586074362.0,juju_man,False,neutral,neutral,neutral,neutral
fmhe7tu,Sheridan backplaza aale,11,2,1586076503.0,_canadian_goose_69,False,neutral,neutral,positive,neutral
fmhxlpp,[deleted],-4,2,1586096915.0,,False,neutral,neutral,negative,neutral
fmi0ujs,It probably would have done better on r/canada,5,2,1586099934.0,Sycold,False,neutral,neutral,positive,neutral
fmhtv1l,Brampladesh,1,2,1586093353.0,dogbreath101,False,neutral,neutral,positive,neutral
fmh63la,Well he is not going anywhere for a while.,72,2,1586067973.0,slycatsnake6180,False,negative,negative,neutral,negative
fmhcw8a,Waking up at 5 am is only bearable because of all the satellites you can see moving so fast.,14,2,1586075008.0,bored_imp,False,neutral,positive,neutral,neutral
fmhfjtz,Is there an app for that?,2,2,1586078050.0,Arnab_,False,neutral,neutral,neutral,neutral
fmhxbe5,There is an ISS app. It tells you where and when.,1,2,1586096667.0,dumbredditer,False,neutral,neutral,neutral,neutral
fmhx7us,How did it look like ? Like a tiny fast moving dot? I never got the opportunity to look at one.,1,2,1586096583.0,,False,neutral,neutral,neutral,neutral
fmhlpd2,Tetsuo?!,7,2,1586085367.0,kitreia,False,neutral,neutral,neutral,neutral
fmhvsaq,*Akira soundtrack plays in the background*,2,2,1586095091.0,AsliCanadaKumar,False,neutral,neutral,neutral,neutral
fmhev2a,west punjab.,11,2,1586077241.0,vaibhav_gurav13,False,neutral,neutral,neutral,neutral
fmhqaya,"lol mistook the CN tower with the oriental tower, my bad",1,2,1586090225.0,badoob,False,neutral,neutral,negative,neutral
fn3h0z7,The joke is how Punjabis in India used to say *ka-ney-da* though only paajis used it not puttars,2,2,1586620568.0,,False,neutral,neutral,negative,neutral
fmk3hn6,That's how the punjabis mispronounce it.,1,2,1586143644.0,rocker2409,False,negative,negative,neutral,negative
fmhugej,"Just tryna be funny.  Don't go spoiling shit for me on a Sunday. Stuck inside the house here with a wife. I don't need MORE ""you were wrong, it's this, not that....""",2,2,1586093847.0,2020HammersandNails,False,negative,negative,negative,negative
fmhe3ng,We've been seeing Mia for years,83,3,1586076367.0,,False,neutral,neutral,neutral,neutral
fmhf8v1,But nobody wants to see the top of Mia.,8,3,1586077692.0,amthehype,False,negative,negative,negative,negative
fmi91t9,Watching right now. [Free Tamil Eelam intensifies!](https://www.youtube.com/watch?v=9cA3b-PbPE0),1,3,1586104860.0,giraffenmensch,False,positive,neutral,neutral,neutral
fmilmis,It's ur head! get down! let me see!,1,3,1586112039.0,Cheshnotes,False,neutral,neutral,neutral,neutral
fmj448e,No the pollution is gone.,2,3,1586122638.0,Napkin_whore,False,neutral,negative,neutral,neutral
fmi4d0r,"Damn you I was being serious lol. NRI here and I got that pic on WhatsApp. I’ll have to ask my relatives in Phagwara, Punjab to see if it’s true.",0,3,1586102165.0,rola329,False,neutral,neutral,negative,neutral
fmhjabs,I knew it! This post is flat earther propaganda!,29,3,1586082497.0,masaxon,False,negative,negative,negative,negative
fmhkwbc,No its a dinosaur,9,3,1586084424.0,uzair917,False,neutral,neutral,negative,neutral
fmi3rqk,Checkmate atheists,1,3,1586101813.0,WorldclassIntrovert,False,neutral,neutral,negative,neutral
fmhimxc,[https://i.imgur.com/2zJ47EP.jpg](https://i.imgur.com/2zJ47EP.jpg),12,3,1586081713.0,,False,neutral,neutral,neutral,neutral
fmhjkyn,Universe is a doughnut hence confirmed,1,3,1586082843.0,Timbaktu22,False,neutral,neutral,negative,neutral
fmhnm2k,Toroidal.. Homer Simpson's theory.,5,3,1586087463.0,,False,neutral,neutral,neutral,neutral
fmhjpsa,GOTTEM,0,3,1586083006.0,Cancel_Culture,False,neutral,positive,neutral,neutral
fmhmq8v,Betel juice,0,3,1586086538.0,itsnachikethahere,False,neutral,neutral,neutral,neutral
fmhnbup,End of the world confirmed,11,3,1586087160.0,Correct_Classroom,False,negative,negative,neutral,negative
fmhlpv1,Madlad,10,3,1586085384.0,house_monkey,False,neutral,neutral,neutral,neutral
fmhx70i,r/opdelivered.,4,3,1586096562.0,chotu_ustaad,False,neutral,neutral,neutral,neutral
fmjeju3,Am I being wooshed? Can you really not normally see that?,2,3,1586128732.0,Brandperic,False,neutral,negative,negative,negative
fmid1tn,"Between all these lockdown policies, they should ram in some policies to take advantage of this situation I feel. find some way to control the climate change damage. you can't eliminate but you can control  
2 birds with one stone",2,3,1586107161.0,aplucxilef,False,negative,neutral,neutral,neutral
fmi1wo6,You see more of them in the gulf,3,3,1586100641.0,dudeimconfused,False,neutral,neutral,neutral,neutral
fmhhx5o,"Well, in this case, you missed the opportunity to make the smart people zoom in and scan the entire pic just to prove you wrong.",7,3,1586080852.0,charavaka,False,negative,negative,neutral,negative
fmhg4nk,"Oh dude, don't get me started on Elly Mangat.",6,3,1586078735.0,bat_cow_disease,False,negative,negative,neutral,negative
fmi4yfu,Ganda naa tuada pehle ton hi aaa MrTutty,2,3,1586102519.0,,False,neutral,neutral,neutral,neutral
fmh7vbc,They might fall over the edge.,24,3,1586069698.0,panurgicwizard,False,neutral,negative,neutral,neutral
fmhlzi2,"https://play.google.com/store/apps/details?id=com.runar.issdetector

https://play.google.com/store/apps/details?id=com.heavens_above.viewer",8,3,1586085698.0,muhmeinchut69,False,neutral,neutral,neutral,neutral
fmhgzpt,"https://james.darpinian.com/satellites/?special=ISS

Should work IIRC",2,3,1586079735.0,ivvi99,False,neutral,neutral,neutral,neutral
fmidrgn,Like a bright moving star.,1,3,1586107566.0,AnthonyGonsalvez,False,positive,positive,positive,positive
fmhmd3m,I see you are a man of culture as well.,4,3,1586086127.0,,False,positive,positive,neutral,positive
fmhjies,pm of west punjab: justinder singh trudu,14,3,1586082762.0,,False,neutral,neutral,negative,neutral
fmksymk,Thanks!,1,3,1586167438.0,BengaliMcGinley,False,positive,positive,positive,positive
fmhm03k,Ahh the twin towers,53,4,1586085717.0,i_Killed_Reddit,False,neutral,positive,neutral,neutral
fmhftxa,Pinnaley chetayii XD,5,4,1586078382.0,parlejibiscoot,False,neutral,neutral,neutral,neutral
fmhofqx,Everyone wants to see the top off Mia.,33,4,1586088343.0,unnecessary_Fullstop,False,neutral,positive,neutral,neutral
fmhm5z7,Speak for yourself,1,4,1586085903.0,Dotard007,False,neutral,neutral,neutral,neutral
fmhrpt4,"I want to be on top of Mia,",1,4,1586091513.0,jatadharius,False,positive,positive,neutral,positive
fmi61l1,"No. Really, its true. :)",2,4,1586103154.0,zeroedash,False,positive,positive,neutral,positive
fmhn36n,Did you just draw that. Brilliant,5,4,1586086936.0,Correct_Classroom,False,positive,positive,positive,positive
fmhm2cd,/r/Suppapowa,1,4,1586085788.0,i_Killed_Reddit,False,neutral,neutral,neutral,neutral
fmif8ys,"Most probably what will happen is that once the lock down is done with, the industries will start to work over time to make up for lost profit and what ever good has happened now will get wasted.",3,4,1586108395.0,blackbeltkunjappu,False,negative,negative,negative,negative
fmh9xcu,I think he meant because of nationwide lockdown he can't go anywhere.,10,4,1586071797.0,chanduredd,False,negative,negative,negative,negative
fmhs12q,Know the Eiffel Tower position?,21,5,1586091789.0,Holden-McGroin,False,neutral,neutral,neutral,neutral
fmi4lsy,The *Khalifa* has spoken.,4,5,1586102310.0,celzero,False,neutral,neutral,neutral,neutral
fmi6xsk,Kyu chuthiya banane ki koshih kar rahe ho!,0,5,1586103667.0,rola329,False,neutral,neutral,negative,neutral
fmhne16,"Thanks, Driss from Intouchables is my [inspiration](https://youtu.be/tCvj3TTmCDc).",2,5,1586087225.0,,False,positive,positive,positive,positive
fmhete6,aren't we all lockdown on the earth.,16,5,1586077186.0,vaibhav_gurav13,False,neutral,neutral,neutral,neutral
fmhtu00,Enlighten me please,2,6,1586093328.0,i_Killed_Reddit,False,neutral,neutral,positive,neutral
fmi8m5t,"[sach hai bhai.]
(https://www.google.com/amp/s/m.hindustantimes.com/it-s-viral/mountain-range-in-himachal-pradesh-visible-from-jalandhar-in-punjab-see-pics/story-i8WTNfT9nAl8k7gp5TJTGI_amp.html)",1,6,1586104611.0,zeroedash,False,neutral,neutral,neutral,neutral
fmhh48j,"Wow, that is deep.",6,6,1586079886.0,blackbeltkunjappu,False,positive,positive,neutral,positive
fmhhyqa,"Definitely, with that attitude.",4,6,1586080906.0,charavaka,False,neutral,neutral,positive,neutral
fmhvdwy,"It’s marvelous! It’s when two chaps high-five at the top, then the young lady is.. well...",5,7,1586094667.0,Holden-McGroin,False,positive,positive,positive,positive
fmkiurh,That’s what she said.,1,7,1586156450.0,somerandomasskid,False,neutral,neutral,neutral,neutral
fmhx7fw,🙏🏼,3,8,1586096573.0,i_Killed_Reddit,False,positive,neutral,neutral,neutral
