Comment ID,Comment Text,Comment Score,Comment Depth,Created Timestamp,Author,Edited,Semantic Label,Semantic Label 2,Semantic Label 3,Major_Semantic
fvtxgiq,Don't know whether to laugh or cry.,343,0,1592984539.0,NoStory6,False,negative,neutral,negative,negative
fvtx1wy,[deleted],646,0,1592984150.0,,False,neutral,neutral,negative,neutral
fvtxsop,r/therewasanattempt,121,0,1592984867.0,yuhgk,False,neutral,neutral,neutral,neutral
fvtziwm,Wow look so many sponsors for this protest.,309,0,1592986571.0,Froogler,False,positive,positive,neutral,positive
fvttfc9,I doubt any of them have looked at a world map before,364,0,1592980832.0,AverageAnimeViewer,False,negative,negative,neutral,negative
fvu11ob,They wanted to boycott China so badly that they boycotted China's map also and just used a different one,93,0,1592988097.0,JunCena666,False,negative,negative,negative,negative
fvtvf5d,And people still believe in the education system.,447,0,1592982623.0,d1stract3d_falc0n,False,negative,neutral,neutral,neutral
fvty0xw,They are way ahead of you. China is going to occupy US in the near future. /s,123,0,1592985087.0,serialposter,False,negative,neutral,neutral,neutral
fvtxd4p,"crowd gathering, no proper use of masks. They are just making China's job easier.",104,0,1592984449.0,das3012,False,negative,negative,negative,negative
fvu178d,How the fuck do you even get an American Map when you google The map of China? This is beyond stupidity,46,0,1592988255.0,kiranashok007,False,negative,negative,negative,negative
fvu0t95,"Boycotting China protest 101

1. Call the Chinese prez Kim Jong
2. Use US' map for protest

What's next",58,0,1592987857.0,RiseofMaharaj,False,negative,neutral,negative,negative
fvuh4fn,Watermark : *Shot on Oneplus 7t*,13,0,1593002743.0,aravinds1996,False,neutral,neutral,neutral,neutral
fvtzj2v,[deleted],34,0,1592986576.0,,False,neutral,neutral,negative,neutral
fvtvltl,"That's Gynah

goddamn Indian education LOL smh",46,0,1592982799.0,Kemosahbe,1592983099.0,negative,negative,negative,negative
fvuq168,This is progressive India. Incredible India!,12,0,1593008122.0,WeeklyCombination,False,positive,positive,positive,positive
fvtxji9,"the protesters are bunch of idiot , if gov wants to boycott just ban the import. but they all know it would crush our economy and thats the bitter truth government will never disclose , by protesting the anger of people will slowely release and every thing will come back as it was.
i bet 60% of you reading my comment are using a Chinese made mobile or if not at least one component of your phone is made in china.",76,0,1592984620.0,tim-curious,False,negative,negative,negative,negative
fvtzuja,"This could easily be shared with Trump supporters along the tune 
 of ""China controls the US market so much Indian protesters want to include US in their anti-China boycott. MAKE AMERICA GREAT AGAIN""",10,0,1592986894.0,Lund_Fried_Rice,False,neutral,neutral,negative,neutral
fvuhx6h,A little confused but they've got the spirit,10,0,1593003282.0,QuantumHacker217,False,neutral,neutral,positive,neutral
fvtyah4,China boycott ho jaaega par low IQ ka soluchan Kya hai,20,0,1592985345.0,adam639,False,negative,negative,negative,negative
fvvd8zj,"We are a Third World country. There's no two ways about it. Rampant poverty, sickness, illiteracy, shamanism, unconditional xenophobia, we've got all the badges. Anyone who thinks otherwise lives in a bubble; surrounded by the good, blind to the reality.",8,0,1593019748.0,nigglebit,False,negative,negative,negative,negative
fvtx5st,Uneducated illiterate people are running a country smh,29,0,1592984254.0,rollodxb,False,negative,negative,negative,negative
fvuk27t,Man it is boycott China and a hidden message to USA (that they are next). ;),7,0,1593004667.0,New_G,False,neutral,neutral,negative,neutral
fvu0xwr,Remember when everyone argued that the Indian education system was the best because how hard all students had to work to succeed?,17,0,1592987989.0,jubbing,False,positive,neutral,negative,neutral
fvty4yi,I wonder which political party they support.,18,0,1592985194.0,glenn1812,False,neutral,neutral,neutral,neutral
fvtzicy,You guys don’t get it. This sign is very very progressive. The complexities of the geopolitical consistencies and the global economic dependence technically means even though US and China might not be friends but they are indeed in business one way of the other. And if you want to bring China down you got to get the other big player down as well.,20,0,1592986556.0,MrCompromised,False,neutral,neutral,neutral,neutral
fvtyerk,Bhakts have one shared brain cell and they are doing the best they can with it.,22,0,1592985463.0,kadhichawal,False,neutral,positive,positive,positive
fvu0d8o,**PLAYS NATIONAL ANTHEM AT FULL VOLUME**,13,0,1592987410.0,certainly_imperfect,False,neutral,neutral,neutral,neutral
fvu9sce,Jio institute of information technology!,9,0,1592996900.0,,False,positive,neutral,neutral,neutral
fvuc4f5,I'm pretty sure this is supposed to be on r/facepalm,8,0,1592998960.0,devadytan2008,False,neutral,neutral,positive,neutral
fvtyaii,Orange musks hmmm.. i think just coincidence /s,9,0,1592985346.0,nothatsmartthough,False,neutral,neutral,neutral,neutral
fvtzzsw,Is that pan stain over Winnie the Pooh?,3,0,1592987037.0,Bojackartless,False,neutral,neutral,neutral,neutral
fvu2qp3,r/therewasanattempt,3,0,1592989859.0,rockeypokey,False,neutral,neutral,neutral,neutral
fvu8o6r,At least they got the man right. Some used Kim Jong's photo instead.,3,0,1592995855.0,profitmaker_tobe,False,neutral,neutral,positive,neutral
fvubu8y,"If those people could read, they'd be very angry with this post.",3,0,1592998719.0,TheMan258,False,negative,negative,negative,negative
fvud291,Where is Alaska?,3,0,1592999725.0,Doesitmatterrrr,False,neutral,neutral,neutral,neutral
fvuh0rw,As an American this is just hilarious.,3,0,1593002672.0,CouncilmanRickPrime,False,negative,negative,positive,negative
fvuit8o,"Social distancing?
Lol what is that",3,0,1593003871.0,austin_chan_,False,neutral,neutral,negative,neutral
fvuj9jn,"No mask/open mask. 

No social distancing. 

Shouting (causing droplets infection). 

Sounds like perfect for Klung Flu Virus.",3,0,1593004165.0,Musk_is_batman,False,negative,neutral,negative,negative
fvuplad,"This is 

#MEGA BIG BRAIN",3,0,1593007876.0,Erratic_Penguin,False,positive,positive,negative,positive
fvvcl04,"I never thought someone would confuse us with China.  This is a pretty easy thing to check - when you get an outline image, it *should* be labeled.  Is USA somewhat similar to PRC in Hindi or something?

Are we sure this isn't a photoshopped image?  It's a professionally produced banner - you can't make that with your laser printer at home.  Photoshopping the image shouldn't be too hard - it happens with signs people are holding all the time.
In very broad strokes, the two countries are kind of mildly horizontal rectangles, but still.  Florida is kind of distinctive.",3,0,1593019430.0,nvkylebrown,False,neutral,neutral,neutral,neutral
fvubre5,"It was shot on a Chinese phone, boycott china is actually ridiculous if you think deeply",6,0,1592998652.0,lucifer938,False,negative,negative,negative,negative
fvu0p3q,Isn’t that awesome fighting two countries at the are time ?,2,0,1592987740.0,TheAssasin78,False,positive,positive,neutral,positive
fvu1epn,"It would have been so much better if there was samsung logo and instead of xi, a photo of Kim Jong. That would have summarized the idiocy much better.",2,0,1592988469.0,fatmanbejones,False,negative,neutral,positive,neutral
fvu1oyd,At least they used a map of a didn't country. I once had a roommate who did not know about half the states in India.,2,0,1592988764.0,,False,negative,neutral,neutral,neutral
fvu27en,Mera bharat mahan! 🤣 Paise barbad BC!,2,0,1592989298.0,TuBeerHaiBC,False,neutral,neutral,positive,neutral
fvu300o,r/facepalm no better place to post this.,2,0,1592990134.0,jiltedone,False,negative,neutral,neutral,neutral
fvu3hs2,Where is this photo from,2,0,1592990651.0,,False,neutral,neutral,neutral,neutral
fvu40gi,Abe yaar 🤦,2,0,1592991191.0,lazymetalhead,False,neutral,neutral,neutral,neutral
fvubdl5,"I am suprised, not even a single person told them about the map ? They do have to print it yes ? So they didn't prep ? This protest is turning into a meme. 👏👏",2,0,1592998321.0,china_numba1,False,negative,negative,negative,negative
fvubmtz,Majority of us are stupid,2,0,1592998543.0,,False,negative,negative,negative,negative
fvubvhw,Revenge against PewDiePie,2,0,1592998749.0,onorthodox,False,negative,negative,negative,negative
fvud5c5,I bet half of them have Xiaomi or Vivo phones.,2,0,1592999793.0,g_pallav,False,neutral,neutral,positive,neutral
fvudk4b,This belongs in r/facepalm,2,0,1593000119.0,,False,negative,neutral,positive,neutral
fvug6vx,Made in china,2,0,1593002097.0,the_LEGEND97,False,neutral,neutral,neutral,neutral
fvugbrb,Pakka BJP ke log hain.,2,0,1593002193.0,notyourbae007,False,neutral,neutral,negative,neutral
fvugjvp,Task Failed Successfully,2,0,1593002350.0,hdevtale24,False,negative,negative,negative,negative
fvuj8h4,Bruh 😂😂😂,2,0,1593004146.0,4rn48,False,neutral,neutral,positive,neutral
fvunmdv,They're confused but they have the right spirit,2,0,1593006760.0,SpaceDrifter9,False,neutral,positive,neutral,neutral
fvuri6o,"Mask------- ×

Chin Guard---------. ✓",2,0,1593008918.0,,False,neutral,neutral,neutral,neutral
fvutaf6,This is India!,2,0,1593009862.0,jayojha01,False,neutral,positive,positive,positive
fvv023o,Is our country a meme? Because there is no other explanation to this. There is no way that we are not a meme.,2,0,1593013319.0,ishanzutshi,False,negative,negative,negative,negative
fvwgw8p,The map is Made in China.,2,0,1593039108.0,Uncertn_Laaife,False,neutral,neutral,neutral,neutral
fvwnwxb,They confused but they got the spirit,2,0,1593043949.0,Arfys,False,neutral,neutral,neutral,neutral
fvwpo38,It's an ankil thang.,2,0,1593045351.0,,False,neutral,neutral,positive,neutral
fvtywbq,Mindless Nationalism.,4,0,1592985948.0,,False,negative,negative,negative,negative
fvu72z1,Source: [https://www.scoopwhoop.com/news/protestors-at-boycott-chinese-goods-rally-used-map-of-usa/](https://www.scoopwhoop.com/news/protestors-at-boycott-chinese-goods-rally-used-map-of-usa/),3,0,1592994316.0,dlisfyn,False,neutral,neutral,negative,neutral
fvtxrty,[deleted],-2,0,1592984845.0,,1592987955.0,neutral,neutral,negative,neutral
fvtyls6,Wtf lmao.,1,0,1592985659.0,k3times,False,negative,neutral,negative,negative
fvtzz4a,Free market is gonna destroy their standard of living,1,0,1592987019.0,WANDERLS7,False,negative,negative,negative,negative
fvu1buz,USA:Abbe saale!,1,0,1592988387.0,lionaldo17,False,neutral,neutral,negative,neutral
fvu2f6n,education should be made an urgent emergency,1,0,1592989522.0,wizzbang69,False,neutral,negative,negative,negative
fvu2spn,"Where is the picture from,OP?",1,0,1592989919.0,ReluctantGoalkeeper,False,neutral,neutral,neutral,neutral
fvu3f8r,Wow just wow,1,0,1592990577.0,Vince_vishal96,False,positive,positive,positive,positive
fvu9k4q,You can easily point out a campaign which is organised by a political party in our country.,1,0,1592996688.0,,False,neutral,neutral,neutral,neutral
fvudgc6,"Call them let's see ""kis kiska bajta hai"". That's actually the perfect picture to tell us how ignorant this bhakt are. They are basically sheep.",1,0,1593000035.0,danvap,False,negative,negative,negative,negative
fvudoh6,well.......,1,0,1593000215.0,machathanos69,False,neutral,neutral,neutral,neutral
fvudp24,Corona virus has entered the chat,1,0,1593000227.0,begonee_thought,False,negative,neutral,negative,negative
fvuek2z,🤣😂,1,0,1593000898.0,_Nik_hil,False,neutral,neutral,neutral,neutral
fvuf6cz,I hate everything about this pic,1,0,1593001357.0,gl1tchmob,False,negative,negative,negative,negative
fvufdt1,Everything about this image radiates cursed energy,1,0,1593001511.0,,False,negative,negative,negative,negative
fvufry5,I'm sure majority of them own a Vivo/Oppo/Mi or a One plus,1,0,1593001796.0,Liberal__af,False,neutral,neutral,neutral,neutral
fvufv1z,or just maybe they got confused with another protest against H1B visa stopping,1,0,1593001860.0,FourthWiseMonkey,False,neutral,negative,negative,negative
fvufyph,fucking dumbasses,1,0,1593001934.0,droningdevil_244,False,negative,negative,negative,negative
fvugb50,i would be disappointed with anything less than this...i am proud of the continued excellence in general stupidity of our countrymen,1,0,1593002182.0,mogambuu,False,negative,negative,negative,negative
fvuhn36,That's what happens when you skip geography lessons,1,0,1593003093.0,,False,negative,negative,neutral,negative
fvuhvu0,"TIL China and US maps are pretty similar.

 [https://www.123rf.com/photo\_75629192\_flag-of-america-and-china-in-the-form-of-a-map-on-a-white-background-.html](https://www.123rf.com/photo_75629192_flag-of-america-and-china-in-the-form-of-a-map-on-a-white-background-.html)",1,0,1593003258.0,lovejackdaniels,False,neutral,neutral,neutral,neutral
fvuhyw5,"Someone designed this banner with a bunch of these guys looking over the shoulder and shouting approvals and suggesting modifications of how kIm'S (/s) face needs to be bigger etc., someone printed this and handed over the banner to these goons saying 'nice design sir', a leader approved this banner and asked the gang to go make some sound, a lot of people watched this happen and no one told these morons anything. How does India's people believe in her or her society? This is terrifying for tomorrow.",1,0,1593003314.0,Shoshin_Sam,False,negative,negative,negative,negative
fvuiacr,"This was in Bengal, most Bengal BJP cadres are ex CPM cadres - American Imperialism protests for 3 decades, that stays doesn’t go away easy 😂😂😂",1,0,1593003525.0,kewra_bangali,False,neutral,negative,negative,negative
fvukxkn,Looks like they boycotted geography class in school,1,0,1593005193.0,AiyyoIyer,False,negative,negative,negative,negative
fvum03j,The most successful in India is either educated from developed countries and decided to come back or those that studied in developed countries and never came back.,1,0,1593005827.0,raviji22,False,positive,positive,positive,positive
fvun72t,"Yeah, it's big brain time!",1,0,1593006515.0,,False,positive,positive,neutral,positive
fvuoz0b,Interested in seeing tiktok on the banner,1,0,1593007527.0,,False,neutral,positive,neutral,neutral
fvupcew,"Chinese blame, US map, Kim Jong picture, Bhakt intelligence",1,0,1593007738.0,maninblueshirt,False,negative,negative,negative,negative
fvupxvw,My mother got me mi headphones today and ngl they are pretty good. Amazing battery and sound quality. I’m I an anti-national now?,1,0,1593008069.0,TheSinghCling,False,positive,positive,positive,positive
fvuqf2z,I'm surprised at the huge turnout of 14 people.,1,0,1593008332.0,viksi,False,negative,neutral,positive,neutral
fvur3zt,"They a little confused, but got the spirit.",1,0,1593008704.0,joliesleftnipple,False,neutral,neutral,neutral,neutral
fvurd5y,Bhavnao ko samjo bc,1,0,1593008840.0,RevolutionRose,False,neutral,neutral,positive,neutral
fvurl1b,chinese khana bandh kar ke dikha pehle....,1,0,1593008960.0,amazeguy,False,neutral,neutral,neutral,neutral
fvurp0z,"The peak, the pinnacle, the paragon of complete and utter stupidity",1,0,1593009019.0,juguman,False,negative,negative,negative,negative
fvurpl9,All coz of American dream in mind.,1,0,1593009028.0,JeepJKblk,False,neutral,neutral,negative,neutral
fvurvrz,This is a very confusing image.,1,0,1593009120.0,,False,negative,negative,negative,negative
fvus835,Illiterate India,1,0,1593009302.0,XBoxGamerGK,False,negative,negative,neutral,negative
fvus8je,I want to believe there was some kind of commentary about how the US relies on goods made in China,1,0,1593009309.0,Meme25327,False,neutral,neutral,neutral,neutral
fvusol4,This is expected from mindless bhakts.,1,0,1593009545.0,bikbar1,False,negative,negative,positive,negative
fvusp0y,It’s still great that even uneducated people are supporting the cause instead of mocking it like some educated,1,0,1593009552.0,sharvasingh,False,positive,positive,positive,positive
fvusutf,r/nottheonion,1,0,1593009637.0,vaish7848,False,neutral,neutral,neutral,neutral
fvut783,The best argument against universal adult franchise,1,0,1593009816.0,,False,neutral,neutral,negative,neutral
fvut8bb,proof that braindead zombie apocalypse has already started,1,0,1593009832.0,Buck-Boost,False,negative,negative,neutral,negative
fvutp5k,most of usa is china so kinda on point tho,1,0,1593010076.0,cap7ainskull,False,neutral,neutral,neutral,neutral
fvuu3cm,"I stand with India! Boycott China, fuck the CCP.",1,0,1593010282.0,TheRespecableMrSalt,False,negative,negative,negative,negative
fvuufvx,"Meme man: ah yes, **jeogarphy**",1,0,1593010463.0,cardiacbadge48,False,positive,positive,neutral,positive
fvuup1t,r/facepalm,1,0,1593010596.0,Lacsoth,False,neutral,neutral,positive,neutral
fvuurqt,vadakkan vadakkan dhan ya 😂👌,1,0,1593010635.0,k1sh0r,False,positive,neutral,positive,positive
fvuux1r,They're from the future.,1,0,1593010711.0,,False,neutral,neutral,neutral,neutral
fvuvons,Many use poor and non education  people to make some protest,1,0,1593011110.0,Ezrabine1,False,negative,negative,negative,negative
fvuvxi8,Anyone want to claim how Americans don't know their geography? Anyone can be a dummy ever now and again.,1,0,1593011237.0,v650,False,negative,negative,negative,negative
fvuwxpp,"To be fair, the maps somewhat are similar. Of course those who are hurling banners  to make a point are expected to research better. Too much to ask?",1,0,1593011748.0,,False,neutral,neutral,neutral,neutral
fvuxd8a,"Sadly, they are not wrong.",1,0,1593011968.0,FkfagDallasMods,False,negative,negative,negative,negative
fvuxs91,The Derp Is Strong With Them,1,0,1593012180.0,trickboy7,False,negative,positive,neutral,neutral
fvuy0ky,"I bet a  number of them are in possession of Oppo, Vivo and MI smartphones while attending this rally.",1,0,1593012298.0,tailoredkitsch,False,neutral,neutral,positive,neutral
fvuy61d,"In their defense, they ain't wrong. After all China is backing the current presidents reelection run.",1,0,1593012375.0,ruffinist,False,neutral,neutral,positive,neutral
fvuy85j,"No wonder our PM says China has not taken an inch of indian territory, if this is the geographical awareness of the nation anything is possible with Modi at the helm.",1,0,1593012403.0,Tarique1963,False,neutral,neutral,neutral,neutral
fvuz0wn,A+ for effort,1,0,1593012805.0,,False,positive,positive,positive,positive
fvuz50a,Nice,1,0,1593012861.0,lori_fffox,False,positive,positive,positive,positive
fvv22ij,To be honest they're not really too far off......China already owns half the US....including politicians.,1,0,1593014314.0,steelerfan1973,False,neutral,neutral,neutral,neutral
fvv24no,Lmao this belongs on r/facepalm,1,0,1593014343.0,averma423,False,negative,neutral,positive,neutral
fvv2opf,Incredible india !,1,0,1593014615.0,shaw1930,False,positive,positive,positive,positive
fvv3iez,And the photo is taken with a China phone. WeSmart,1,0,1593015026.0,tegridy96,False,negative,neutral,neutral,neutral
fvv4l26,Made in China though!,1,0,1593015552.0,eizenh3im,False,neutral,neutral,neutral,neutral
fvv557r,Don't you realize the image  for that map(i mean the link for the image is of chinese origin) was made in china. lol,1,0,1593015824.0,teen_op,False,neutral,neutral,neutral,neutral
fvv5fvy,Crosspost to r/facepalm and get tons of Karma.,1,0,1593015966.0,ValarDohairis,False,negative,neutral,neutral,neutral
fvv5xoy,r/theyknew,1,0,1593016207.0,momo00roro,False,neutral,neutral,neutral,neutral
fvv6f8q,"To be fair, not buying american products will reduce the number of chinese manufactured goods you get.",1,0,1593016451.0,Farfignugen42,False,negative,negative,negative,negative
fvv6ksg,Indian karens,1,0,1593016526.0,sidd332,False,neutral,neutral,neutral,neutral
fvv6svs,they not wrong though,1,0,1593016638.0,bhushanrsalve,False,neutral,neutral,positive,neutral
fvv6wdt,I don’t know if that’s dumb or genius because it’s both either way,1,0,1593016686.0,I_h8_normies,False,negative,negative,neutral,negative
fvv734s,"China owns US, I see no problem here",1,0,1593016779.0,sneek100,False,neutral,neutral,neutral,neutral
fvv7k2g,I can guarantee 99% of these people own a chinese made smartphone,1,0,1593017009.0,gladiathor1295,False,negative,neutral,positive,neutral
fvv7qc7,"Me: You’re using the wrong map

Protestors: No!!!
Me: mat maan, maa chuda",1,0,1593017092.0,bhushanrsalve,False,negative,negative,negative,negative
fvv84em,Lol a lot of people in here making jokes about how they’ve never seen a map... but I’m pretty sure these guys are trolling the United States - saying they’re owned by China.,1,0,1593017281.0,,False,negative,negative,negative,negative
fvv9xtr,Get the message not the words,1,0,1593018159.0,sid316786,False,neutral,neutral,negative,neutral
fvva82j,Hahahahahahahaha this is such an Indian thing to do 😂😂😂,1,0,1593018296.0,_sup_homie_,False,negative,neutral,positive,neutral
fvvaio9,So they got the flag colors right and the country wrong. Wow.,1,0,1593018443.0,,False,negative,neutral,neutral,neutral
fvvaw79,One Stone two bird,1,0,1593018624.0,omeretalla,False,neutral,neutral,neutral,neutral
fvvb8ut,"this is an accurate representation of how these people have no clue about what the fuck they are doing. Just herd mentality.

this is basic economics and Basic geography, Just a fucking google search of 5 minutes would be enough to educate any dumbass about such issue, but they would rather go out and protest for like 6 hours during a pandemic.

Fucking disgrace.",1,0,1593018794.0,Sarvagun_some_pun,False,negative,negative,negative,negative
fvvbnx3,I don't know whether to be sad or dejected.,1,0,1593018993.0,,False,negative,negative,negative,negative
fvvgyur,Hilarious,1,0,1593021494.0,catuf,False,positive,positive,positive,positive
fvvhc81,They really boycotted china,1,0,1593021672.0,boredpandas37,False,neutral,negative,negative,negative
fvvhe30,Bhakts be like: bc china ka map bhi use nahi karenge,1,0,1593021696.0,boredpandas37,False,neutral,neutral,neutral,neutral
fvvks33,This is another level shit. Hands down.,1,0,1593023324.0,,False,negative,negative,negative,negative
fvvl6if,I thought Indians were smart...,1,0,1593023515.0,socomalol,False,negative,negative,positive,negative
fvvl6mv,Only if China shared its border with USA that could have been actually possible,1,0,1593023517.0,,False,neutral,neutral,neutral,neutral
fvvm084,Printed in China,1,0,1593023903.0,Khairon1010011p2,False,neutral,neutral,neutral,neutral
fvvnyh2,"I mean, they aren’t completely wrong lmao. As someone living in the US rn, Trump’s reliance on China is obvious. They want him re-elected 2020, and used a SuperPAC to finance him.",1,0,1593024843.0,SilentForestRaider,False,neutral,neutral,negative,neutral
fvvo8fa,"The Republic of America lmao , I mean could make sense with what we are seeing in the news",1,0,1593024974.0,pizzafuckboy,False,neutral,neutral,positive,neutral
fvvqdid,Kon hai ye log! kaha se aate hai!!,1,0,1593026011.0,ppmodak_,False,neutral,neutral,positive,neutral
fvvr0kb,My God what the fuck is wrong with our country,1,0,1593026321.0,RishabhAnand,False,negative,negative,negative,negative
fvvrl42,"hahaha  

are you all american nationals now?

globalization works in mysterious ways",1,0,1593026595.0,TrumpHasASmallPnis,False,neutral,neutral,negative,neutral
fvvrnl2,"

India is appealing to USA 🇺🇸 to boycott China 🇨🇳.",1,0,1593026629.0,,False,neutral,neutral,negative,neutral
fvvs4ow,"In Che Guevara's words, the first duty of a revolutionary is to he educated.",1,0,1593026857.0,benketeke,False,neutral,neutral,positive,neutral
fvvsdje,"One stone, two birds.",1,0,1593026976.0,bat_cow_disease,False,neutral,neutral,neutral,neutral
fvvsfse,These people must have received this map from their WhatsApp professors.,1,0,1593027006.0,Excelion2NE1,False,neutral,neutral,neutral,neutral
fvvt4mb,They are showing how much of the USA is owned by CCP.,1,0,1593027338.0,,False,negative,neutral,neutral,neutral
fvvtjnz,Definitely made in India,1,0,1593027533.0,Darwing,False,positive,positive,positive,positive
fvvudpr,The same people who uninstalled Snapdeal and not Snapchat,1,0,1593027928.0,Elory_13,False,neutral,negative,negative,negative
fvvv7bg,Task failed successfully,1,0,1593028320.0,bigfatmomo,False,negative,negative,negative,negative
fvvwb9e,Maybe that map was made in china?,1,0,1593028849.0,seniorchanggg,False,neutral,neutral,neutral,neutral
fvvwppc,They had one job!!!,1,0,1593029041.0,,False,negative,neutral,neutral,neutral
fvvwvic,Technically they're not wrong. Xi does have his fist up Trump's ass,1,0,1593029119.0,EtsioAuoodeetorey,False,neutral,neutral,negative,neutral
fvvxhb8,Da fuq. Lol,1,0,1593029413.0,sangeet01,False,negative,negative,neutral,negative
fvvy5gv,BASED AF,1,0,1593029737.0,MickyD69,False,positive,neutral,neutral,neutral
fvvz2ch,""" It is certain, in any case, that ignorance, allied with power, is the most ferocious enemy justice can have. "" - James Baldwin",1,0,1593030177.0,invinciblemaven,False,neutral,negative,negative,negative
fvw00zh,Chalta hai,1,0,1593030632.0,ArtificialSweetna,False,neutral,neutral,neutral,neutral
fvw022s,"Well...

They're not really *wrong*",1,0,1593030647.0,name_me_7,False,neutral,neutral,negative,neutral
fvw3eii,I need to get out of India,1,0,1593032266.0,thegodzilla25,False,negative,neutral,neutral,neutral
fvw3ujg,You can do two things.,1,0,1593032483.0,Mrunlikable,False,neutral,neutral,neutral,neutral
fvw43v3,Lmfao,1,0,1593032611.0,LemunCurryLELELE,False,neutral,neutral,positive,neutral
fvw5sj0,I take it they mean they want the USA to boycott China.,1,0,1593033449.0,GunnerEST2002,False,neutral,neutral,negative,neutral
fvw8dxr,"Big ""F""",1,0,1593034744.0,anurag-ks,False,neutral,neutral,neutral,neutral
fvwf6ka,Photo taken with a Chinese made phone.,1,0,1593038194.0,botmentor,False,neutral,neutral,neutral,neutral
fvx6v3w,lol,1,0,1593055873.0,sharan480,False,positive,neutral,neutral,neutral
fvx9a5o,#INDIA SUPERPOWER 2020,1,0,1593057448.0,L1DK,False,positive,positive,positive,positive
fvxbc9w,*it hurt itself in it’s confusion*,1,0,1593058848.0,lambava,False,negative,negative,negative,negative
fvxcpla,Doland Trump needs a lesson,1,0,1593060059.0,ROBO_karizma_0308,False,negative,negative,negative,negative
fvxe9xt,A part of me is hoping that the poster has been photoshopped.,1,0,1593061570.0,vishalsanjay,False,negative,neutral,neutral,neutral
fvxf1u5,"They have boycotted even the Chinese occupied territory.. 👀 And using the usa map they are telling Usa to boycott it too.. 😊 (Yes, I'm an optimistic person lol)",1,0,1593062829.0,kunals300,False,neutral,neutral,negative,neutral
fvxiw9p,How big is ShareIT,1,0,1593067352.0,Yikings-654points,False,neutral,neutral,neutral,neutral
fvxnvd1,Did they forget trump?,1,0,1593072020.0,,False,neutral,negative,negative,negative
fvxvb8j,"Don't worry , the poster was Chinese",1,0,1593079654.0,kaatil_kabutar,False,neutral,neutral,neutral,neutral
fvxvvt7,"There are limits to retardation.

And bhakts have crossed all of them.",1,0,1593080239.0,roydhritiman,False,neutral,negative,neutral,neutral
fvxwia8,plot twist - the printout was made in china,1,0,1593080860.0,jatadharius,False,neutral,neutral,neutral,neutral
fvykvyr, plot twist this protest was sponsered by OPPO&VIVO&MI&TIKTOK,1,0,1593097392.0,Hot2ice,False,neutral,neutral,neutral,neutral
fvypkwo,Atleast now we know that Indians are just as bad in geography as Americans,1,0,1593099767.0,SUPREME_S3NPA1,False,negative,negative,negative,negative
gdk2gv1,IQ infinite,1,0,1606315556.0,TUNAKTUNAKLOL69420,False,positive,neutral,positive,positive
fvtwyy3,[deleted],-15,0,1592984071.0,,False,neutral,neutral,negative,neutral
fvuc5uz,Maybe they are saying boycott both,-7,0,1592998992.0,barooood40,False,neutral,neutral,negative,neutral
fvub5o7,Cry in *Indian* and laugh in *Chinese*,207,1,1592998131.0,china_numba1,False,neutral,neutral,neutral,neutral
fvu8tt1,[deleted],61,1,1592996001.0,,1613373254.0,neutral,neutral,negative,neutral
fvxmsok,"Boy, one second you think Indians are dumb for not know what a map is, the next second an even dumber American walks in and says this is an intentionally clever protest because China is taking over US economy. Like why tf would these people protest about what tf China does in the US?",7,1,1593070977.0,killerdrama,False,negative,negative,negative,negative
fvxcrr5,Craugh.,2,1,1593060105.0,_H3IS3NB3RG_,False,negative,negative,neutral,negative
fvwo3fb,If you’re real Indian you can do both simultaneously,0,1,1593044113.0,Kemosahbe,False,neutral,neutral,neutral,neutral
fvu0285,"Yeah, I always want to shout ""wear your mask properly"" at such people, but the few times I have said anything, they look at me like I am nuts ""What's Your problem""?",215,1,1592987105.0,witchy_cheetah,False,negative,negative,negative,negative
fvu2vvc,"Sab marenege, sirf Trivedi bachega",153,1,1592990013.0,RishRamsey,False,neutral,neutral,neutral,neutral
fvu36lv,[deleted],51,1,1592990329.0,,1623535297.0,neutral,neutral,negative,neutral
fvuucty,Masks are also made in China.,9,1,1593010419.0,sandoc2,False,neutral,neutral,neutral,neutral
fvvgthy,"Doesn't matter they are protesting, it makes them immune to covid.",3,1,1593021425.0,Money-Good,False,neutral,negative,positive,neutral
fvuiz5k,One has to shout!!! Priorities,4,1,1593003979.0,saiki4116,False,neutral,neutral,neutral,neutral
fvvcd27,"> The way some of them are wearing their masks 

You mean not wearing them?",2,1,1593019326.0,prof0ak,False,neutral,neutral,neutral,neutral
fvuedrg,Bhai safron mask nahi notice kiya kya? :D,5,1,1593000763.0,,False,neutral,neutral,neutral,neutral
fvuy008,That's what we get from a sheep education system.,1,1,1593012290.0,polytonous_man,False,negative,negative,neutral,negative
fvuyqe4,most of them look very mentally retarded. so let's not blame them.,1,1,1593012657.0,throwaway_ind1,False,negative,negative,negative,negative
fvwkogx,They have their masks covering their chin :D fucking idiots.,1,1,1593041451.0,,False,negative,negative,negative,negative
fvvd4wx,You were arguing that rioters didn't spread corona just yesterday... Comical!,1,1,1593019693.0,DarrelleRevis24,False,negative,negative,negative,negative
fvuafa6,Please give this person an award!,64,1,1592997483.0,nerusski,False,positive,positive,positive,positive
fvv73l4,But before we start marching let's hear a word from our sponsor,7,1,1593016786.0,_Thrilhouse_,False,neutral,neutral,neutral,neutral
fvu2loz,😂🤣🤣,-20,1,1592989716.0,Free-Mode-727,False,positive,neutral,neutral,neutral
fvtzrgw,Could also bet that most of them wouldn't know about Indian geography too.,152,1,1592986809.0,jasonbourne92,False,negative,negative,neutral,negative
fvudbg0,They know only the countries that play Cricket.,21,1,1592999927.0,_stupendous_man_,False,neutral,neutral,neutral,neutral
fvu959v,Pretty sure they think Andaman nicobar and lakshwadeep  are just in stories and not real !!,8,1,1592996301.0,hornylaughing,False,negative,negative,neutral,negative
fvv10qg,Maybe everyone isn't as privileged as you,1,1,1593013797.0,,False,neutral,neutral,neutral,neutral
fvvamg9,If they did they wouldn't have attacked NE people,1,1,1593018494.0,InsanePheonix,False,negative,negative,negative,negative
fvuhx8u,"China and US maps are pretty similar.

[https://www.123rf.com/photo\_75629192\_flag-of-america-and-china-in-the-form-of-a-map-on-a-white-background-.html](https://www.123rf.com/photo_75629192_flag-of-america-and-china-in-the-form-of-a-map-on-a-white-background-.html)",0,1,1593003284.0,lovejackdaniels,False,neutral,neutral,neutral,neutral
fvvs8n9,"They know akhand Bharat map. Only Pakistan, no China.",0,1,1593026910.0,benketeke,False,neutral,neutral,neutral,neutral
fvv0gzb,Big brain moment,14,1,1593013526.0,Tomosmaush,False,neutral,neutral,positive,neutral
fvv2fi7,This needs to be higher!,3,1,1593014492.0,harshaxnim,False,neutral,positive,positive,positive
fvuzgzr,Understand comment,3,1,1593013028.0,,False,neutral,neutral,neutral,neutral
fvu3g4r,Our education system needs some improvement,117,1,1592990602.0,,False,negative,negative,positive,negative
fvu9ipp,There are more people in India going to temples than schools.,38,1,1592996653.0,,False,neutral,neutral,neutral,neutral
fvuyus4,what education system,7,1,1593012719.0,lunasbed,False,negative,neutral,neutral,neutral
fvu8pez,Or...they have degrees and support the economic decoupling of US and Chinese supply chains and just thought it was an intuitive reference,-24,1,1592995886.0,YoungSisyphus,False,neutral,neutral,positive,neutral
fvu3n83,"No bro, the saffron colour of the US map indicates that soon USA will be the part of Hindu Rashtra",65,1,1592990807.0,MartyMcFly_jkr,False,neutral,neutral,neutral,neutral
fvv4z4n,[deleted],9,1,1593015741.0,,1593015973.0,neutral,neutral,negative,neutral
fvuagkk,"Censored version, lol :p",17,1,1592997516.0,nerusski,False,neutral,neutral,negative,neutral
fvu1y2j,[deleted],23,1,1592989031.0,,False,neutral,neutral,negative,neutral
fvu2ooz,"Bully north-easterns 😂

oops, that was somewhat dark.",23,1,1592989802.0,Free-Mode-727,False,neutral,neutral,negative,neutral
fvx2y6h,"Dam, you had me go up the page to check.",4,1,1593053443.0,1lazypen,False,neutral,negative,neutral,neutral
fvu0c1n,100%,24,1,1592987375.0,rarecaught,False,positive,neutral,positive,positive
fvuoa7l,chyainah,3,1,1593007136.0,short_of_good_length,False,neutral,neutral,positive,neutral
fvuztfi,Mere desh BADAL Raha hai aage badh Raha hai,1,1,1593013202.0,,False,negative,neutral,negative,negative
fvtyopl,"All of these craze of people will calm down in mere 2-3 months.
They don't even know about trade rules and yet they shout.",27,1,1592985739.0,i_suhas,False,negative,negative,negative,negative
fvu05ht,"Oh yes, look at around your house and check how many of your gadgets are made in China. The quality they produce at a cheap price is unmatched.",35,1,1592987194.0,witchy_cheetah,False,positive,neutral,positive,positive
fvtzqt1,">  just ban the import

For India to be able to do so, will require us to [argue successfully that this falls within WTO rules](https://www.csis.org/analysis/wtos-first-ruling-national-security-what-does-it-mean-united-states#:~:text=A1%3A%20The%20United%20States%20has,tariffs%20on%20steel%20and%20aluminum.) and the ""national security"" exemption. Such a blanket ban has never been done before, so it's not gonna be easy.

Remember, the whole point of us or any nation being in the WTO is so they do not arbitrarily do such things. Aatma nirbhar bharat and this China boycott will not rub well.

We need the WTO because it affects trade deals with other countries too (I anticipate a Brexit line of thinking will emerge once it becomes clear that the WTO will need to sign off on any blanket China ban).",24,1,1592986790.0,Lund_Fried_Rice,False,neutral,neutral,negative,neutral
fvumi0l,Yeah defnitely. The sad truth we Indians do not have the organisation  or resources to just outright boycott China.,5,1,1593006117.0,ThePaul1220,False,negative,negative,negative,negative
fvv7eyo,To be fair we have no control where the component is manufactured.,1,1,1593016940.0,oyechote,False,neutral,neutral,positive,neutral
fvw18pc,"STFU

You left wing mulla",1,1,1593031217.0,,False,negative,negative,positive,negative
fvubkmn,"Mentos ?

Patanjali mentos ?

Patriotic Indian army mentos ft. Akshay kumar ?",12,1,1592998490.0,china_numba1,False,neutral,neutral,neutral,neutral
fvu50bb,"That is sad as most people are just trying to become engineers but engineering only gives technical skills, It is nowhere near in terms of global understanding that a course like BBA would give. Unfortunately it is discouraged in India.",8,1,1592992226.0,braveyetti117,False,negative,negative,negative,negative
fvuzpn6,Bhakt party,3,1,1593013149.0,,False,neutral,neutral,negative,neutral
fvuy0mh,[removed],4,1,1593012299.0,,False,neutral,neutral,negative,neutral
fvv805c,Thanks for the awards strangers!!,1,1,1593017223.0,MrCompromised,False,positive,positive,positive,positive
fvve63y,At the cinema...,3,1,1593020183.0,thierryanm,False,neutral,neutral,neutral,neutral
fvvs83i,of some other country,2,1,1593026903.0,Kemosahbe,False,neutral,neutral,neutral,neutral
fvuzr3m,Watsapp*,2,1,1593013169.0,,False,neutral,neutral,neutral,neutral
fvv0ecu,"Right up their arse. I mean come on, look at these people, i won't be suprised if they printed the map of Antarctica and shouted boycott china.",1,1,1593013489.0,china_numba1,False,negative,negative,negative,negative
fvvrjpc,"

India is appealing to USA 🇺🇸 to boycott China 🇨🇳.",1,1,1593026576.0,,False,neutral,neutral,negative,neutral
fvufwha,Kolkata,1,1,1593001890.0,El_Impresionante,False,neutral,neutral,neutral,neutral
fvuxucm,Your name is concerning,1,1,1593012209.0,gauthecow,False,negative,negative,neutral,negative
fvvwsuj,we are definitely a MEME,1,1,1593029083.0,,False,positive,neutral,positive,positive
fvu19dk,Lmao I guess your parents were denied bat juice that's why they ran to America.,6,1,1592988317.0,,False,negative,negative,negative,negative
fvu1kfu,[deleted],5,1,1592988633.0,,False,neutral,neutral,negative,neutral
fvu3hdi,"Your life must be sad. Let me guess, Pakistani trying to justify becoming a colony of China? You know they won't invest beyond a few roads as long as you keep inviting the Taliban into parliament.",3,1,1592990639.0,bollywoodhero786,False,negative,negative,negative,negative
fvtzd59,we should just let China run India at this point,-4,1,1592986409.0,rollodxb,False,negative,neutral,negative,negative
fvu77ds,[https://www.scoopwhoop.com/news/protestors-at-boycott-chinese-goods-rally-used-map-of-usa/](https://www.scoopwhoop.com/news/protestors-at-boycott-chinese-goods-rally-used-map-of-usa/),1,1,1592994437.0,dlisfyn,False,negative,neutral,negative,negative
fvvrg88,"

India is appealing to USA 🇺🇸 to boycott China 🇨🇳.",1,1,1593026530.0,,False,neutral,neutral,negative,neutral
fvvrh6g,"

India is appealing to USA 🇺🇸 to boycott China 🇨🇳.",1,1,1593026543.0,,False,neutral,neutral,negative,neutral
fvtz9s1,Braindead spirits aren't very good tbh.,4,1,1592986317.0,ChickenMayoRice,False,negative,negative,neutral,negative
fvulip0,Logik,8,1,1593005542.0,LogangYeddu,False,neutral,neutral,neutral,neutral
fvuypqr,哈哈哈哈艹我笑了,28,2,1593012648.0,Gognman,False,neutral,neutral,neutral,neutral
fvwm9su,I'm sure there area few Americans who don't know the map of India too. And will do things like this without checking.,14,2,1593042432.0,KAIthegooddragon,False,negative,negative,neutral,negative
fvxsx3k,"Don't blame the education system. You have go there first to blame it.
It's like blaming a restaurant for getting diarrhea without even visiting it",3,2,1593077187.0,blacknight68,False,negative,negative,negative,negative
fwshfly,I have come across educated people on the internet who believe in flat earth theory and reptile people.... Baby...,1,2,1593769815.0,Naryu_,False,neutral,neutral,neutral,neutral
fvug2sq,"""mereko marna Nahi hai madarchod""",158,2,1593002015.0,riot_ball,False,neutral,neutral,neutral,neutral
fvuziiu,You mean the Mumbai Chin Protector ™?,13,2,1593013049.0,FFF_in_WY,False,neutral,neutral,neutral,neutral
fvuctw7,who is trivedi,18,2,1592999538.0,bitchpit,False,neutral,neutral,neutral,neutral
fvv5e2e,Cue Saif Ali khan getting the shit beat out of him,1,2,1593015942.0,anonymouse092,False,negative,negative,negative,negative
fvu5jcf,[deleted],60,2,1592992767.0,,False,neutral,neutral,negative,neutral
fvudy1m,Most people remove mask when photos are clicked,-3,2,1593000426.0,Dark_aura,False,neutral,neutral,neutral,neutral
fvudgc4,Gave what I could.,30,2,1593000035.0,MartyMcFly_jkr,False,positive,positive,positive,positive
fvvsn7m,NORD VPN,6,2,1593027106.0,bat_cow_disease,False,neutral,neutral,neutral,neutral
fvv6n9p,"Come on man,this is reddit not WhatsApp",3,2,1593016561.0,sidd332,False,neutral,neutral,negative,neutral
fvu0kx3,I'd wager most of them don't even know what geography is.,98,2,1592987622.0,alou404,False,negative,negative,neutral,negative
fvu9k1p,Underrated Comment right here,0,2,1592996686.0,,False,negative,positive,neutral,neutral
fvvpfif,I feel bad for North-East.,0,2,1593025550.0,POPPA_SMOKKA,False,negative,negative,negative,negative
fvujtw8,Usa plays cricket ? Nice,5,2,1593004524.0,verycoolboi2k19,False,positive,positive,positive,positive
fvx2iqi,"Pretty sure they could find West Indies on a map, and say it's a African Country.",1,2,1593053184.0,1lazypen,False,neutral,neutral,neutral,neutral
fvuz32h,They know Pakistan tho,0,2,1593012835.0,,False,neutral,neutral,neutral,neutral
fvv54hz,They are privileged enough to have smartphones but not enough to look at a world map?,3,2,1593015814.0,AverageAnimeViewer,False,negative,negative,neutral,negative
fvu8wsq,“Some” ????,131,2,1592996080.0,abhi1260,False,neutral,neutral,neutral,neutral
fvu3kvc,Nice catch Sherlock,87,2,1592990740.0,MartyMcFly_jkr,False,positive,positive,positive,positive
fvuyxl0,Did we even have a education system,11,2,1593012759.0,,False,negative,neutral,neutral,neutral
fvuj4xx,[removed],70,2,1593004082.0,,False,neutral,neutral,negative,neutral
fvufes0,"that isnt really a good comparison, there is a good chunk of people who go just because they're told to, arent hardcore into religion, dont go very regularly so there isnt really a commitment, you can go whenever you like, you dont need to enroll yourself or score passing marks or pay fees. 

This is also factually incorrect. Also there are about 135 cr Indians, our literacy rate is about 75%. thats more than 1 billion people. There are about 950 mil Hindus in India. Not all of them practicing but since this figure is already lower than the one before, the proportion doesnt really matter.   


education system is fucked tho, needs major overhaul.",22,2,1593001531.0,,False,negative,neutral,negative,negative
fvw9fcd,"“There are more people in India going to *religious places* than schools.” 

Fixed it for ya",2,2,1593035258.0,TheAndroBoy,False,neutral,neutral,neutral,neutral
fvukidn,"Ofc, people from all ages go to temples or any other place of worship and there's nothing wrong with it.",1,2,1593004941.0,acie69,False,neutral,positive,neutral,neutral
fvv0sbz,Hypocrite of you to say that when more number of children study at madarsas than temples,1,2,1593013681.0,the_coder_dude,False,negative,negative,negative,negative
fvub8v0,you mean madrasas,-16,2,1592998208.0,gkp721,False,neutral,neutral,neutral,neutral
fvudoun,[removed],-23,2,1593000223.0,,False,neutral,neutral,negative,neutral
fvueixa,"This is the wildest leap in logic I've ever seen on reddit. 
  
Infact it's so unbelievable that only three possibilities seem to exist -  
1. You were joking and nobody got it.  
2. You're one of the people in the picture.  
3. You're a paid troll.  
  
Because no one can say what you said and actually mean it.",16,2,1593000873.0,not_really_tripping,False,negative,negative,negative,negative
fvu990a,"Except you can't ""just do that"". A) Global Supply Chains just can't be changed   
B) These idiots cannot do the job of another person. C) If you want local brands, local improvements and the like you need to stop buying shit products made and improve local quality. 

You want to achieve things that are impossible just because some moron in khadi yelled it.",14,2,1592996397.0,Anandya,False,negative,negative,negative,negative
fvueygf,Which part of the pic makes you believe that they're smarter than 5 year olds?,4,2,1593001194.0,charavaka,False,neutral,negative,positive,neutral
fvuo9u2,"Not even close, there multiple red flags here",2,2,1593007129.0,,False,negative,negative,negative,negative
fvut7dx,*happy bhakt noises*,16,2,1593009819.0,gauthecow,False,positive,neutral,positive,positive
fvuzffx,Modi hai to mumkin hai...harhar Modi .Ghar Ghar modi,9,2,1593013007.0,,False,neutral,neutral,neutral,neutral
fvvfa94,"The China/US relationship is a two way street. Without the US ceaselessly buying it's goods at a rate no other country on earth could possibly replicate China's growth would stagnate and possibly decline, the fact is that China needs the US just as much as the US needs China.",5,2,1593020708.0,Particle_Man_Prime,1593064068.0,negative,neutral,negative,negative
fvvgqp2,China and the ccp is currently pushing more anti trump spam then ever. Reddit makes them out to be buddies but it couldn’t be further from the truth.,1,2,1593021389.0,Do_doop,False,negative,negative,negative,negative
fvubfwv,Or maybe they use Google by China,9,2,1592998377.0,kiranashok007,False,neutral,neutral,neutral,neutral
fvu25nd,https://youtu.be/vxW6i-lXEK4,3,2,1592989247.0,,False,neutral,neutral,neutral,neutral
fvu3opf,But unfortunately true,18,2,1592990850.0,MartyMcFly_jkr,False,negative,negative,neutral,negative
fvx4u54,Lol,2,2,1593054605.0,aravinds1996,False,neutral,positive,neutral,neutral
fvu4r4b,"Its not just the price, in some cases prices of Chinese products are more expensive than what other countries offer.
The main advantage of Chinese manufacturing is the speed. If a customer wants some changes in their products, Chinese manufacturers will do it in hours while the Indian manufacturers would take atleast a month. (talking about B2B market over here)
Source- My experience dealing with Chinese Contract Manufacturers.",11,2,1592991959.0,braveyetti117,False,neutral,neutral,neutral,neutral
fvuxisj,Third one had me. Have my broke ass upvote.,0,2,1593012047.0,shady797,False,negative,negative,negative,negative
fvuxihs,BECOME DOCTOR OR DIE,8,2,1593012042.0,gauthecow,False,neutral,neutral,neutral,neutral
fvv7ufp,Exactly. These protestors are beyond our understanding. I’m roping  them in for anti CAA protests.,1,2,1593017147.0,MrCompromised,False,negative,negative,negative,negative
fvu1nfb,[deleted],-2,2,1592988720.0,,False,neutral,neutral,negative,neutral
fvxjx08,这个sub就是印度版的r/china,4,3,1593068276.0,,False,neutral,neutral,neutral,neutral
fvuub5q,Lmao imma use this  at the Karen's in my society,40,3,1593010395.0,,False,neutral,neutral,positive,neutral
fvvpqnb,"I don't know the rest of that, but I've been called madarchod enough by discouraged scammers to know that comment is ill mannered.",1,3,1593025702.0,Nuclear_Funk,1593038493.0,negative,negative,negative,negative
fvuf411,For that you need to see Sacred Games.,21,3,1593001309.0,RedIndianRobin,False,neutral,neutral,neutral,neutral
fvup4ea,Sanitizer manufacturer.,7,3,1593007613.0,Anishthdev,False,neutral,neutral,neutral,neutral
fvvw809,One who is versed in three of the four vedas,2,3,1593028805.0,AbhimanyuSingSisodia,False,neutral,neutral,neutral,neutral
fvvo89m,teesra baap or something like that,1,3,1593024972.0,narayans,False,neutral,neutral,neutral,neutral
fvua33d,[deleted],19,3,1592997177.0,,1601025810.0,neutral,neutral,negative,neutral
fvuyuoq,Big brain question,1,3,1593012717.0,,False,negative,neutral,neutral,neutral
fvxbtov,RAID SHADOW LEGENDS,2,3,1593059288.0,j0keRonPC230p,False,neutral,neutral,neutral,neutral
fwmt3wn,"Come on man, everyone got his own style.",0,3,1593642075.0,Free-Mode-727,False,neutral,neutral,neutral,neutral
fvu0woo,Pretty sure they think Geo is a company started by Ambani,161,3,1592987953.0,sackafackaboomboom,False,neutral,neutral,neutral,neutral
fvuc0gj,"Geography knowledge is expected to be common knowledge but it actually isnt, which is sad , geography is very interesting and i love collecting atluses",14,3,1592998866.0,shivam4321,False,positive,positive,positive,positive
fvv4rq2,They actually have a team so ya technically correct,2,3,1593015642.0,wait_whats_illegal,False,neutral,neutral,positive,neutral
fykvqyp,"If they really knew about USA, they would have known it's USA's flag",1,3,1595182422.0,Diamond_girl2506,False,neutral,neutral,neutral,neutral
fvw972u,"Pakistan plays Cricket. They're ranked 4th in the world in T20, just below india...",1,3,1593035147.0,Jones641,1593035363.0,neutral,neutral,negative,neutral
fvy6toy,OP is setting the bar too low as he/she knows the system.,4,3,1593089304.0,,False,negative,negative,neutral,negative
fvu3nf4,Thanks,19,3,1592990813.0,,False,positive,positive,positive,positive
fvuy844,r/technicallythetruth,19,3,1593012402.0,boss_007,False,neutral,neutral,neutral,neutral
fvul8ue,The definition of literacy in india is a shame.,9,3,1593005379.0,Cyberpissed,False,negative,negative,negative,negative
fvugdzr,"Yeah, but they don't say No either. They keep going to appease religious people.",-6,3,1593002237.0,,False,neutral,negative,neutral,neutral
fvvsla7,"I don’t know you retard or what, but topic was education system and I thought the comment I replied meant to say that more people go to temple than school as to study, but I was like temple for study so I replied “you mean madrasas” and I still don’t understand what are you implying by your comment I mean ya more children go to madrasas than temple so?",1,3,1593027079.0,gkp721,False,negative,negative,neutral,negative
fvudzhx,"Using whataboutism, eh?",15,3,1593000458.0,Isoldarkman,False,negative,neutral,neutral,neutral
fvuos9m,"Even if there were 0 muslims in India, it would still be a shithole. 

Dont blame muslims for everything. India is 80% hindu, so take 80% of the blame too.",2,3,1593007420.0,maninblueshirt,False,negative,negative,negative,negative
fvuo5fm,Not stereotypical at all fucking hell,1,3,1593007059.0,,False,negative,negative,negative,negative
fw6dk35,"I’m pretty sure the flags are orange white and green, not red.",1,3,1593273955.0,YoungSisyphus,False,neutral,neutral,neutral,neutral
fvvg9q6,[deleted],1,3,1593021167.0,,False,neutral,neutral,negative,neutral
fvxmn2j,">China needs the US just as much as the US needs China. 

China needs the US *way* more than the US needs China. 

It’s not a possibility that they would decline, they would inevitably deteriorate from the inside without US.",1,3,1593070826.0,Dewy_Wanna_Go_There,False,negative,negative,neutral,negative
fvvi0em,[deleted],1,3,1593021995.0,,False,neutral,neutral,negative,neutral
fvuznkw,Maybe they think china is usa,7,3,1593013121.0,,False,neutral,neutral,neutral,neutral
fvvs28h,"Indian dictionary has 2 words under ""P"":

* Pussy
* Pakistan",3,3,1593026823.0,Kemosahbe,False,neutral,neutral,neutral,neutral
fvu6p7v,"Interesting - I wouldn't know the B2B part, was speaking from purely a consumer perspective about the Mosquito racket, Emergency light, small electronics, knives, tools etc that you see around the house.",9,3,1592993935.0,witchy_cheetah,False,neutral,neutral,neutral,neutral
fvuzxy2,It's my 5 th attempt for MBBS..what should I do,4,3,1593013263.0,,False,neutral,neutral,neutral,neutral
fvu28cb,Dude why tf are you even on Reddit?🤣🤦‍♂️,2,3,1592989324.0,,False,negative,negative,neutral,negative
fvu1oxx,Lmao  I will get confuse when I ll enter china.,1,3,1592988763.0,,False,negative,neutral,positive,neutral
fy3mx3x,不是，r/china 是反华，这里不是。,1,4,1594777457.0,yxkkk,False,neutral,neutral,neutral,neutral
fvuysf7,Stay away from Karen,16,4,1593012685.0,,False,negative,neutral,neutral,neutral
fvvgf9i,"You mean Karinas? Unless you're in Goa,  in which case Karen makes sense.",2,4,1593021239.0,Markd1000,False,neutral,neutral,positive,neutral
fvvpv14,"""no mfer, I wanna die!"" Which is why your mask isn't my business",1,4,1593025761.0,riot_ball,False,negative,negative,negative,negative
fvuflvq,More importantly how will they see?,14,4,1593001675.0,lilk42069,False,neutral,neutral,neutral,neutral
fx03ao1,#JOIN HONEY . COM,2,4,1593960556.0,ZawesomeBoss17,False,neutral,neutral,neutral,neutral
fvufszv,Pretty sure they think South India is a single state.,59,4,1593001818.0,PesAddict8,False,neutral,neutral,neutral,neutral
fvuzs2k,I bet you also have the DK atlas in your collection!,2,4,1593013183.0,felixfaqingfelicis,False,positive,positive,positive,positive
fvxvrzw,Well then so does china have one,2,4,1593080127.0,verycoolboi2k19,False,neutral,neutral,neutral,neutral
fvuh310,"bro people get married due to family pressure, get habituated to drink and smoke due to peer pressure to seem cool. Accompanying your parents to a temple sometimes seems like a very easy decision compared to that.

People like these arent really the bad actors here imo.  Also all of this will always stay closely tied to political players who actively promote extreme measures to jump into spotlight/relevancy which is where this discussion becomes a very slippery slope and I nope the fuck outta here. It is in their best interest to keep things broken so hey can champion to fix them",5,4,1593002715.0,,False,negative,negative,negative,negative
fvwz23k,"At least see which comment I am replying to before barking. 
I didn't reply to your comment at all. 
Both of us replied to the one who said ""more people go to temples than schools"". 
Both of us literally said the same thing",1,4,1593051122.0,the_coder_dude,False,negative,neutral,neutral,neutral
fvvj8vo,"No really, reddit is pushing this disinformation really hard lately. Trump is one of the least communist parties out there, Winnie wants nothing more than the US to dissolve into a socialist state.


We're in the middle of an information war.

The Liberal party is backed by the CCP, follow the money. https://globalnews.ca/news/6055004/hong-kong-canadians-liberal/

https://tnc.news/2020/04/22/just-the-facts-liberal-partys-connections-to-chinas-communist-regime/

https://www.cbc.ca/news/politics/china-global-affairs-canada-commons-committee-1.5476075

https://www.theglobeandmail.com/politics/article-liberals-say-no-need-for-further-disclosure-of-foreign-affairs/

Now BLM is happening and that's all you see on the news creating more disharmony in the Western world while China is literally putting Hong Kong protestors and Muslim Uighurs in internment camps. They are thwarting so much attention off them with their covid mess and these human rights violations by having the USA take the stage with the influence they have on the internet.",2,4,1593022588.0,Do_doop,False,negative,negative,negative,negative
fvu2cdf,That joke hit him so hard that he forgot what happened in tiananmen square in 1989 specifically.,3,4,1592989438.0,Ktk_089,False,negative,negative,negative,negative
fvu1w76,[deleted],-1,4,1592988976.0,,False,neutral,neutral,negative,neutral
fy3t3wm,r/india 是反印,1,5,1594781153.0,,False,neutral,neutral,negative,neutral
fvvafc4,They can spread karenavirus,47,5,1593018397.0,InsanePheonix,False,negative,negative,neutral,negative
fvv1b7t,"It's not just the Karen's, it's everyone in my locality. Apparently these dumbfucks believe the pandemic is over and I've seen so many people not covering their faces and riding their scooters, essentially becoming a spreader. And dare you say anything to them they'll just play the ""ReSpEct ElDerS"" card on me",19,5,1593013939.0,,False,negative,negative,negative,negative
fvv2toz,Karens are a level up when compared to these guys.,3,5,1593014683.0,blasemind,False,neutral,positive,neutral,neutral
fvvja0b,TIL Karina's is a thing.,4,5,1593022604.0,,False,neutral,neutral,neutral,neutral
fvunxa2,"The kind of braindead they are, it wont make a difference",6,5,1593006931.0,,False,negative,negative,negative,negative
fvujueu,It's called Madras,59,5,1593004533.0,,False,neutral,neutral,neutral,neutral
fvuz7ew,Pretty sure they think gae mutra can cure covid19,5,5,1593012894.0,,False,negative,neutral,neutral,neutral
fvuocki,You heard that too huh? Me too mate,2,5,1593007173.0,,False,neutral,neutral,neutral,neutral
fvuhbqj,"I never said they were the bad actors, I'm saying they need to stop living a life of appeasement.",2,5,1593002880.0,,False,negative,negative,negative,negative
fvu1y6z,Fkin chinese .I guess mine was quite bigger insult. Lmfao,1,5,1592989034.0,,False,negative,negative,negative,negative
fvu34w1,This guy is just a kid with his hands inside his pants. Forgive him he is just pissed about some Chinese dick size issue.,1,5,1592990278.0,,False,negative,negative,negative,negative
fy66srq,"Not really, most of them are pretty pro India just not fan of Modi.
Whereas r/China is purely anti-China.",4,6,1594838664.0,yxkkk,False,negative,neutral,negative,negative
fvw9m5e,Yes officer. This comment right here.,1,6,1593035351.0,zabazookaman,False,neutral,neutral,neutral,neutral
fvvzitg,"In my society, none of the so-called educated residents are wearing masks but all the cleaners, garbage collectors and security guards are wearing at least a handkerchief (since masks are expensive and inaccessible). It's so sad because the people who are sensible don't have the money to purchase masks but the people who do have the money don't have the common sense.",5,6,1593030396.0,cestabhi,1593032451.0,negative,negative,negative,negative
fypjgc9,I lol'd,1,6,1595285978.0,JagmeetSingh2,False,positive,positive,neutral,positive
fvvr2c2,"Not related to the thread, I know, but how do you get moving pfps (My guess is Reddit Premium?)",1,6,1593026345.0,,False,neutral,neutral,negative,neutral
fvuvl1b,💀,0,6,1593011058.0,house_monkey,False,neutral,neutral,neutral,neutral
fvuzkng,50 points to gaayfindor,1,6,1593013080.0,sackafackaboomboom,False,neutral,neutral,neutral,neutral
fvul4mu,"Oh yes ofcourse you didn't, I mean to say it isn't really harming anyone. Confirming to social norms to fit in is human nature.",2,6,1593005308.0,,False,neutral,neutral,neutral,neutral
fvvtrx0,"Just apply a downloaded gif on your profile picture using the mobile version, that's how I did it",1,7,1593027639.0,,False,neutral,neutral,neutral,neutral
fvur6u6,"True, but when you keep giving in and appeasing people, it only gets worse. You've got to say no.",0,7,1593008746.0,,False,negative,negative,negative,negative
