Comment ID,Comment Text,Comment Score,Comment Depth,Created Timestamp,Author,Edited,Semantic Label,Semantic Label 2,Semantic Label 3,Major_Semantic
fw15lwi,"While I don't want to underplay their achievements, and the good work they did, I think it is worth pointing out that the battle to decriminalise homosexuality was a long one and fought by many lawyers, not all of whom had the political connections (SC Judge uncle, BJP spokesperson dad) as those mentioned in this article. 

Over the last few years I've seen the lawyers mentioned in this article give a lot of interviews in which you get the kind of clear impression that they single-handedly decriminalised homosexuality. But the reality is the struggle was lead by an organisation called Naz Foundation, directed by Anjali Gopalan, and represented by Anand Grover, at the Delhi High Court in 1991 - when neither of these lawyers were even parties to the case. The Alternative Law Forum in Bangalore did a lot of work to draft the petitions that ultimately led to this outcome. A boutique law firm in Delhi did drafting for these lawyers, and senior advocates like Ashok Desai (former AG) lead oral arguments for them in the case. The judgment itself acknowledges the contributions of many lawyers apart from these two.

A victory like this was a team effort and it would be nice to see the media acknowlege the less famous but no less important lawyers and activists (And the group of students!) who worked towards this. We have a tendency in India to make heroes out of anyone who is visible and good at PR (just look at our current political leadership). That is not always an accurate picture and often elides the good work done by people who aren't good at twitter. 

https://qz.com/india/1379620/section-377-a-timeline-of-indias-battle-for-gay-rights/

https://thewire.in/lgbtqia/lgbtq-sc-section-377-homosexuality

https://thewire.in/lgbtqia/20-iit-students-alumni-file-petition-sc-section-377 

https://www.news18.com/news/buzz/how-these-men-and-women-in-black-fought-for-rainbow-against-section-377-1869825.html",586,0,1593147005.0,,1593147333.0,neutral,neutral,neutral,neutral
fw10q2r,"How amazing would it be if these kinds of progressive changes actually came about politically and democratically from the majority of the population and their voted representatives rather than legal challenges to the law. I guess that would sign of real progress in the Indian populace, but maybe I'm expecting too much.. 

This will still be great, regardless of how it comes about.",894,0,1593143633.0,svmk1987,False,positive,positive,positive,positive
fw165yq,Fun fact! The duo lawyers that worked towards chucking section 377 in India are also a lesbian couple :),190,0,1593147405.0,PoppyDotWot,1593148824.0,positive,positive,neutral,positive
fw11zvu,I did a case study on them in college. Great team.,88,0,1593144484.0,Yvsh,False,positive,positive,positive,positive
fw12vbo,"This will be good for the marriage industry,  more money and jobs .",81,0,1593145084.0,ThinkValue,False,positive,positive,positive,positive
fw1e6le,Now there going to have arranged gay marriages,42,0,1593153746.0,jawshr84,False,negative,negative,neutral,negative
fw10ipz,Stan,111,0,1593143499.0,,False,neutral,neutral,neutral,neutral
fw11uaz,We need more people like her!,39,0,1593144378.0,,False,positive,positive,positive,positive
fw14vyx,"the problem is even if same sex marriage become legal, it will be only on paper. just like gender equality laws and other things. Majority of population is still LGBT+phobic. And most wont accept homosexual relationships even if legal. Many don't even accept inter caste, inter religion or just any heterosexual love marriages. Do you think they will be ok with homosexual marriage?",36,0,1593146496.0,Gameatro,False,negative,negative,negative,negative
fw12xkj,It will fail. Same sex marriage petitions will be easily dismissed in Indian courts not due to the conservative character of the court but that it would constitute judicial overreach. It is upto the legislature to do it.,29,0,1593145129.0,krakends,False,negative,negative,negative,negative
fw192z5,[removed],11,0,1593149552.0,,False,neutral,neutral,negative,neutral
fw1d7fy,good on you Indians!,4,0,1593152908.0,HeavyPokelover,False,positive,positive,positive,positive
fw12crp,Finally!! ..... These lawyers hav already done something really wonderful and now pushing for marriage... God bless these people....... Considering the number of backward thinking fucks in our country it will be hard but hope they succeed....,20,0,1593144730.0,caped_crusader_98,False,positive,positive,positive,positive
fw1dndz,HELL YES!,4,0,1593153280.0,raktheunicorn,False,positive,positive,negative,positive
fw1gtf6,This SHOULD happen,5,0,1593156115.0,sidd332,False,neutral,positive,positive,positive
fw1phqm,All of this progressive change to the laws doesn't matter if the people don't evolve and accept other people for who they are. This is good but changing minds and hearts is the really issue.,4,0,1593164474.0,,False,neutral,neutral,negative,neutral
fw253nt,Link broken,5,0,1593177188.0,workaccountrage,False,negative,negative,negative,negative
fw12vjw,"About time that the youth becomes accepting, saw a video where all the CP boys and girls were being master homophobes.. that implies another century of intolerance 💔👀",10,0,1593145089.0,paxindiana,False,negative,negative,negative,negative
fw18skh,Hell yeah India. Get it done!,7,0,1593149328.0,tomjonesdrones,False,positive,positive,neutral,positive
fw1a192,Wait homosexuality is legal but marriage isnt allowed?,6,0,1593150293.0,DhoklaBomber,False,negative,neutral,negative,negative
fw1cvwj,"Yes! About time. 
It will happen gradually, but it will. 
Decriminalisation was the first step. Legalisation of marriage will be the next. 
The biggest hurdle would still be cultural acceptance, and that's on us. Culture shapes law and not the other way round.
We as a culture need to be as LGBTQ friendly and accepting as possible. Lawmaking would automatically follow. 🏳️‍🌈",6,0,1593152634.0,roydhritiman,False,positive,neutral,neutral,neutral
fw1dcwe,Hope they can get it passed through the houses and get it signed as a Constitutional Law. India is really progressing as a liberal country in terms of eradication of homophobia.,3,0,1593153036.0,Kushagra_j,False,positive,positive,positive,positive
fw1e75s,Is there anything straight individuals can also do to push this to happen ?,3,0,1593153761.0,chocochip101,False,neutral,neutral,neutral,neutral
fw1m5h5,Absolute queens. Thank you for fighting the good fight on behalf of us.,3,0,1593161211.0,Ryunysus,False,positive,positive,positive,positive
fw1n54a,Best of luck to these guys ! They are doing India proud.,3,0,1593162178.0,DrMrJekyll,False,positive,positive,positive,positive
fw1rdub,This’ll be from their lawyers,3,0,1593166348.0,nice2yz,False,neutral,neutral,neutral,neutral
fw1s5ua,Any link to petition I can sign,3,0,1593167113.0,sidd332,False,neutral,neutral,neutral,neutral
fw1vjs2,"One day, and I am quite optimistic about it, eventually they will legalize same-sex marriage in *courts.* We have have long route to take to ""decriminalize"" them among the social strata -- although no country teaches the values of accepting, neither should we, it is understood that the people shall liberate themselves in democracy and accept vibrancy. 

But from this point onwards, our society is filled with vile, bigoted people; casteism, cry for anything *different* -- culture between middle class and upper middle class that propagates this culture of superiority, and this being repeated in bureaucratic process. This becomes echo chamber for various mental issues and those will exacerbate and will come with there own problems for the citizens.",3,0,1593170237.0,ColorlessProcessor,False,neutral,neutral,negative,neutral
fw21wh2,"Is it just me or does the page not exist anymore?

It says 404 no page found!",3,0,1593175118.0,SLAYdgeRIDER,False,negative,negative,negative,negative
fw24824,Live and let live,3,0,1593176637.0,,False,neutral,neutral,neutral,neutral
fw29yez,yes!! Now this is called some legend work. great!!,3,0,1593180017.0,AshleyStark96,False,positive,positive,positive,positive
fw2eppz,"Now I can sing ""Mera desh badal raha hai"" unironically",3,0,1593182577.0,,False,neutral,neutral,neutral,neutral
fw2n55t,We Indians support it. We have enough population in India.,3,0,1593186823.0,sammarine799,False,positive,positive,positive,positive
fw1ecfw,"Why should it be a huge fight for basic rights?? 
If it is a right then it seems people are against it. What are their point on why it should not be allowed?",7,0,1593153887.0,Shelzzzz,False,negative,negative,negative,negative
fw1guj0,[removed],4,0,1593156144.0,,False,neutral,neutral,negative,neutral
fw1kx6b,"I want to reiterate u/madamplease comment in this thread. 

Also, what I would like to see is a good outline of different arguments presented in the court pro/anti the law and what lead to legalizing homosexuality in our country. I bet that'd be a good read for many educated elders who still feel that it isn't natural or spew homophobia. Homophobia had long been normalized in our country. To counter this, it'd be nice if newspapers could be bold and present the arguments regarding homosexuality and LGBTQ+ and why they too deserve a normal life. My own parents seem to be very uncomfortable talking about the topic and I consider my parents to be pretty liberal and progressive in other aspects of life.

Edit: *in the court*",6,0,1593160012.0,,1593160296.0,neutral,neutral,neutral,neutral
fw130lb,Now that's some good fucking news!!,13,0,1593145188.0,eatsleeprepeat101_,False,positive,positive,neutral,positive
fw14f84,Finally some good things started to happen,6,0,1593146170.0,killer_whale2,False,positive,positive,positive,positive
fw11dj1,LET'S FUCKING GOOO!,12,0,1593144065.0,riot_ball,False,positive,positive,negative,positive
fw18q0n,Unawareness will remain prevalent in India until sex is considered taboo.,4,0,1593149275.0,craigsl2378,False,negative,negative,negative,negative
fw12nhj,It's about damn time,8,0,1593144934.0,Alphavike24,False,negative,negative,negative,negative
fw12xzb,I hope they succeed,6,0,1593145137.0,AwkwardlylyAwkward,False,positive,positive,positive,positive
fw17din,Judiciary cannot legalize same sex marriages unfortunately. It is something which has to be done by legislature.,4,0,1593148276.0,,False,negative,negative,negative,negative
fw18rg9,This is an amazing step. I will marry a guy and I am not homosexual. Marriage for me is just a compromise because society wants me to conform to their idea of marriage.,5,0,1593149305.0,kabeer47,False,positive,positive,neutral,positive
fw18x2b,Need more lawyers like this. Lawyers who don't only work for their own monetary gain but also push for public reform for the better.,5,0,1593149425.0,ganny0007,False,positive,positive,neutral,positive
fw1mxkd,"You get to the safer, less scary bits.",2,0,1593161973.0,nice2yz,False,neutral,positive,positive,positive
fw1pqk6,Half the politicians in India have cases against them,2,0,1593164721.0,GeorgeYDesign,False,negative,negative,negative,negative
fw4rine,why doesn't the article exist?,2,0,1593227454.0,shebangsit,False,negative,negative,negative,negative
fw13upd,"Happy to read this, and sad that we need reformers to bring in social reforms. As a country we are so regressive that we need to got o court for basic human rights.",6,0,1593145773.0,mayblum,False,negative,neutral,negative,negative
fw12p69,Yes🔥,5,0,1593144965.0,paxindiana,False,positive,positive,neutral,positive
fw13p69,Good fucking shit,5,0,1593145664.0,FuckTaxPayersR8,False,negative,negative,neutral,negative
fw14jhp,I stand and applaud you all day everyday for fighting the good fight.,5,0,1593146255.0,nattlefrost,False,positive,positive,positive,positive
fw19tc1,"fuck muje toh lagta ki ki they can marry each other. 

nice nice nice",2,0,1593150118.0,SuddenIssue,False,negative,negative,neutral,negative
fw1ksxi,And next  WEED .... oh yea!,3,0,1593159896.0,makacolney,False,positive,positive,neutral,positive
fw28e5d,Now homosexual couples will know the pains of a married life 😝,4,0,1593179133.0,,False,negative,negative,negative,negative
fw1eyf9,"Though I come from a Christian family, I’m not opposed to this because I want no religion/religious views to affect the government.",2,0,1593154430.0,LogangYeddu,False,neutral,neutral,negative,neutral
fw17oum,"They should also try to legalize prostitution and porn in India. This specifically doesn't mean we are following western culture, but porn with both sex consent with camera can be a huge industry in India giving another revenue stream for Govt for taxes and that ""not speaking of sex taboo shit"" in India can be neutralize plus sex education in India really need a boost.",-1,0,1593148502.0,indiancheesecake,False,neutral,negative,neutral,neutral
fw17g6k,"Pardon me if this comes out to be stupid but doesn't legalization of homosexuality legalize same sex marriage, like what's the difference? Like why does it have to be done seperately? So if someone married his/her own gender can they be put in jail?",4,0,1593148328.0,lilnav851,False,negative,negative,negative,negative
fw1ojx0,For later on in the same state?,1,0,1593163554.0,nice2yz,False,neutral,neutral,neutral,neutral
fw1pooq,what can I do to help <3?,1,0,1593164668.0,,False,neutral,neutral,neutral,neutral
fw1q2cv,No you are not from India or China?,1,0,1593165041.0,dirtyviking1337,False,neutral,neutral,neutral,neutral
fw1ratb,Invest now!!,1,0,1593166263.0,GeorgeYDesign,False,neutral,positive,positive,positive
fw1s383,and now it's balanced.),1,0,1593167042.0,aalleeyyee,False,positive,neutral,positive,positive
fw1s65y,If you come in about the same time period,1,0,1593167122.0,Even-Understanding,False,neutral,neutral,neutral,neutral
fw1tl63,Just had the same problem after a vic-roy.,1,0,1593168481.0,Even-Understanding,False,negative,negative,negative,negative
fw1wt5p,"if it was legal in  russia, you wouldnt see any more gay russians being open ...",1,0,1593171293.0,,False,negative,negative,negative,negative
fw1z34n,"Atleast the the idea of LG rights out of the LGBTQIA+ will be now there in india, whether society ignores it or whatnot",1,0,1593173079.0,osernamer,False,neutral,neutral,negative,neutral
fw21gwf,It's sad that the government hasn't done this already. I really hope the lawyers come out on top.,1,0,1593174819.0,depressedfrog420,False,negative,negative,neutral,negative
fw233wo,"The importance of allowing same sex marriage is that both partners now have the same legal rights as a martied heterosexual couple.This means that they have property rights and can not be  kept apart .I read about a case in USA , long ago before the time same sex martiages were allowed , where a gay couple who were together for decades were not allowed to be together when one of them was dying.The family moved in , took over medical decisions and denied the partner a final farewell , or  any part in the funeral  or a chance to grieve with the family.This because he did not have any legal right.That is why this move is so important.",1,0,1593175924.0,HelaArt,False,neutral,neutral,negative,neutral
fw23fny,wait a minute. why the need for separate push for same sex marriage? what did legalization of homosexuality meant in the 1st place then?,1,0,1593176135.0,the_greatest_MF,False,neutral,neutral,negative,neutral
fw25xnt,"Yayyy, hope they succeed",1,0,1593177694.0,imperialPulse,False,positive,positive,positive,positive
g0nu32p,[removed],1,0,1596796495.0,,False,neutral,neutral,negative,neutral
fw53nbz,Every single lgbtqia+ person in this country should be and would be grateful for the entire teams of people that are helping in this regard. And then we have old idiot assholes like subramanian swamy going on ranting about genetic defects.,1,0,1593236472.0,harshety,False,negative,negative,negative,negative
fw1pkjz,"Two of these lawyers are gay and a couple. 

You both are gay. Boom. Roasted!",-3,0,1593164552.0,,False,negative,negative,neutral,negative
fw1x9wf,"Not from India, question for you.

Do people actually follow these laws, or do things continue as before?",0,0,1593171671.0,,False,neutral,neutral,neutral,neutral
fw3h9we,👎👍👎👍👎👍👎👍👎👍👎👍👎👍👎👍👎👍👎,0,0,1593201268.0,kush8smoker,False,positive,neutral,neutral,neutral
fze4taq,[removed],0,0,1595847140.0,,False,neutral,neutral,negative,neutral
fw1gt93,ok,-7,0,1593156111.0,crazybeast91,False,neutral,neutral,neutral,neutral
fw114wr,[removed],-27,0,1593143906.0,,1593150571.0,neutral,neutral,negative,neutral
fz5wolm,[removed],-1,0,1595648388.0,,False,neutral,neutral,negative,neutral
fw1dbxf,dats gay asf,-16,0,1593153014.0,crowbird_,False,negative,negative,neutral,negative
fw254vl,[removed],-4,0,1593177209.0,,False,neutral,neutral,negative,neutral
fw1j9vr,[removed],-2,0,1593158415.0,,False,neutral,neutral,negative,neutral
fw10dmz,"These ""Indian"" lawyers don't even live in India!",-98,0,1593143407.0,itsmuks,False,negative,negative,negative,negative
fw1dqvb,[deleted],-14,0,1593153363.0,,False,neutral,neutral,negative,neutral
fw1y8sr,[removed],-17,0,1593172437.0,,False,neutral,neutral,negative,neutral
fw1qs63,[deleted],-9,0,1593165747.0,,False,neutral,neutral,negative,neutral
fw1547d,"Fun factoid, trump is actually for this. He pushed an initiative so that homosexuals are not criminalized globally.",-34,0,1593146658.0,,False,neutral,positive,positive,positive
fw0z2u7,[deleted],-82,0,1593142553.0,,False,neutral,neutral,negative,neutral
fw1bttw,Came here just to say this! The battle for decriminalisation of homosexuality was a twenty-year long battle fought by various activists and members of the community.,123,1,1593151740.0,anaam-desi,False,neutral,neutral,negative,neutral
fw1gdsl,"Thank you for saying this. Came here to say just this. I am someone who has actually seen some dismayed by the absolutely disproportionate media attention on them. Even in the LGBTQ+ community, there have been complaints regarding this sort of media attention on them.",21,1,1593155718.0,RemingtonMacaulay,False,negative,neutral,negative,negative
fw1pzyo,"Thank you for sharing this. It feels amazing to know how all of them fought for it and at the same time , it is sad that they are not acknowledged.",4,1,1593164976.0,padfoot_28,False,positive,positive,neutral,positive
fw12kt3,"Guess , it's a step nonetheless .., but the sad thing is people were / are never educated about these things by the govt. , When I think about it I remember my school teachers had used terms like trans ane gay as derogatory terms , I didn't think about it much at that time but now it speaks about how uneducated the people are in that regard.",146,1,1593144883.0,JoKERTHELoRD,False,negative,negative,negative,negative
fw15kc9,I mean in US lgbt marriage became legal through legal challenges,66,1,1593146974.0,LilChamp27,False,neutral,neutral,neutral,neutral
fw11l2x,I strongly agree with your comment.,94,1,1593144204.0,,False,positive,positive,positive,positive
fw136lf,"I agree with your sentiment wholeheartedly, but I think this is a country where legislation leads social change by a huge margin. Not to paint with a broad black brush, but for a majority of our population, these are concepts that won't align with their world view. It will take a generation that grows up under legal protection till we have that acceptance.",54,1,1593145307.0,ZombieGombie,False,neutral,neutral,positive,neutral
fw1ak8p,"India is one country where this could actually work. When the SC read down 377, most people either welcomed or were indifferent. You don't see campaigns around ""Adam and Eve, not Adam and Steve"" or ""God hates fags"". 

I don't really get why the BJP and rest of the Hindu right don't promote this. It makes sense when Christian organizations in the west are against promoting it, because that religion does have explicit opposition to homosexuality on a scriptural level. Hinduism doesn't seem to have any (positive or negative) opinion on it - not even Hindutva tries to make a scriptural case against it.",35,1,1593150711.0,rsa1,False,neutral,neutral,negative,neutral
fw1n1vu,"Most politicians won't commit to it because they wouldn't wanna risk their careers. The only politicians I know who have stated they're pro-LGBT are Shashi Tharoor and Tejasvi Surya, and is it any surprise that they're both from South India, where religion plays a lesser part in politics. 

In the Hindu belt and places like Maharashtra and Gujarat, it's nearly impossible for any politician to endorse LGBT issues because they'll immediately get booted out. In Muslim and Christian constituencies, it's even less likely.",5,1,1593162089.0,cestabhi,False,neutral,negative,negative,negative
fw1phb5,"I think hoping for changes to happen democratically misunderstands what democracy is. 

Democracy by definition is the dictatorship of the majority. What the majority wants, it gets. That is a well functioning democracy. 

Now we also understand that the rights of minorities can get trampled this way. They might be screwed over because they don’t have power at the ballot box. So therefore we write a document that says “EVERYONE, regardless of who they are, have these rights”. And the courts will ensure that the majority can’t pass laws or engage in practices that violate the rights of the minorities. 

This is great for most people because a person can be in a minority sometimes but not at other times. You can be in the linguistic majority (Hindi), but in a sexual minority (gay). The Constitution should protect you when you need it and the ballot box gets you what you want otherwise.

And Courts can often help society change for the better. By stopping us from oppressing a minority, it helps us reevaluate what we’re doing. Worth looking at American history as an example. Marriage between blacks and whites was illegal in many states until 1967. That’s when the Supreme Court struck it down. When they did, acceptance for interracial marriage among the general population was 20%. With such low support, no politician was getting elected promising this. Fortunately the Court did the right thing despite it not being popular. And gradually, the bigots died off. Younger people grew up with the right ideas about this. Today acceptance for interracial marriage is higher than 90%. 

It’s ok for Courts to lead the way. Sometimes it’s the only way progress happens.",7,1,1593164463.0,gaumutra_fan,1593165872.0,negative,negative,neutral,negative
fw1aydd,"While political change is definitely needed, it is important to remember that a large portion of the government (clerks, civil servants) aren't elected but appointed. They are bound to follow the law. So isnt it important to have it legalized? I feel that it is .",5,1,1593151020.0,a220599,False,neutral,neutral,neutral,neutral
fw1e9q2,"Challengers to law have to be made because fundamentally democracy is flawed because people are flawed. 

Look at America, in the past the majority white population would have most likely voted against abolishing slavery against the minority of black people. This is called tyrrany of the majority.",3,1,1593153822.0,utsavman,False,negative,negative,negative,negative
fw1gzce,"Stop, I can only get so hard in fantasyland",2,1,1593156265.0,randomguy3993,False,negative,negative,negative,negative
fw1h8dx,"Democracy is populist by nature.

Until the general public changes its views on homosexuality and other important and progressive issues, we'll have politicians who are one step backward from the general thinking.

Politicians that we elect represent who we are as a society.

And for now, our society is pushing to be more conservative than ever in the last two decades.",2,1,1593156500.0,ichoosemyself,False,negative,neutral,negative,negative
fw1cqkd,"In US, their Supreme Court too had to declare the same so its not like there's no precedent for this.

Everyone has a role to play.",2,1,1593152508.0,mrrahulkurup,False,neutral,neutral,neutral,neutral
fw186bq,And culturally,1,1,1593148860.0,Old_Aggin,False,neutral,neutral,neutral,neutral
fw1eysi,">came about politically and democratically from the majority of the population

Won't happen coz even if the changes are brought about through legal challenges, the outlook of the society doesn't change against these people. They treat them in the very same manner just keeping in mind the threshold which they shouldn't cross to face actions legally after new laws get created",1,1,1593154440.0,Maxed_out_60,False,negative,neutral,negative,negative
fw1tw1e,gaymatrimony.com ftw.,1,1,1593168760.0,benketeke,False,neutral,neutral,neutral,neutral
fw2upo8,I think legal challenges have been pretty much how they have been decided in most countries from US to African countries,1,1,1593190404.0,ashish1405,False,neutral,neutral,neutral,neutral
fw535be,"That sure how things supposed to happen, but the populace has been way too much divided on faiths, beliefs and aspects, that it's almost impossible to make legislative changes in this regard. So, the only option that's left are courts. Even in USA, supreme court had to step up and declare marriage equality when many states started to impose their own bans on same sex marriages.",1,1,1593236059.0,harshety,False,negative,negative,negative,negative
fw1fr7h,Well yes but where it stop? After same sex marriage they might push for beast sex,-2,1,1593155145.0,PM_ME_BIG_DUCK_PICS,False,neutral,neutral,neutral,neutral
fw1b671,OK this might be considered a hot take but I as a gay nonbinary person feel like there needs to be clear anti-hate crime laws in the first place which protect us from violence/discrimination based on sexuality and gender presentation before we look for Marriage Equality.,74,1,1593151197.0,Metisis,False,neutral,neutral,negative,neutral
fw182mp,They are the same lawyers shown in Aligarh right?,8,1,1593148782.0,leviosaaaar,False,neutral,neutral,neutral,neutral
fw13slk,[deleted],1,1,1593145731.0,,False,neutral,neutral,negative,neutral
fw13bgq,"And lawyers. More divorce cases, more money.",71,1,1593145401.0,IamDyatlov,False,negative,negative,neutral,negative
fw1mlrh,Also more orphan kids will get adopted and find a home,16,1,1593161651.0,pauldmps,False,negative,positive,neutral,neutral
fw1htt8,"Maybe gay arrange marriage will happen and that too will involve caste lol.

""Son there is this wonderful boy from a good family who is from our caste, he is working in a foreigner country and is family oriented as well, win-win eh?. Why don't we see him?""

Maybe we will have matrimonial sites for gay people lol.",18,1,1593157053.0,,1593165444.0,positive,positive,positive,positive
fw1gosx,"Yes,a fellow lib right",1,1,1593155997.0,sidd332,False,positive,neutral,positive,positive
fw1ke2x,"Yeah, but who will pay dowry? And what about out of caste marriage? Kis ke khandan ki izzat mitti mein jaayegi? /s

Man I sincerely hope when this passed and becomes norm, the faltu-ness with hetero marriages starts coming down.",21,1,1593159491.0,ekonis,False,negative,negative,neutral,negative
fw1f4lp,That’ll be a new thing 😹,7,1,1593154585.0,LogangYeddu,False,neutral,neutral,neutral,neutral
fw1gt92,LOL!,6,1,1593156111.0,bishybishhh,False,positive,positive,neutral,positive
fw12j89,Am I missing something here? What's Stan?,26,1,1593144854.0,One_Giant_Weezle,False,neutral,neutral,negative,neutral
fw16n73,"OMG mudi gobermint so fascist, so nazi. How can they allow this!",-29,1,1593147745.0,acid1phreak,False,negative,negative,negative,negative
fw296h0,To kya aab guddu bablu se shaadi kar sakta hai,1,1,1593179579.0,Stifmeister11,False,neutral,neutral,negative,neutral
fw159n9,"Quite a considerable portion of populations in many countries where same sex marriage is legal is still homophobic. Acceptance should start from the education system and schools where ""gay"" is used as a slur and the environment is extremely homophobic. But state acceptance and legalization if the court agrees should be the first massive step.",69,1,1593146763.0,ihatemondaynights,1598182378.0,negative,negative,neutral,negative
fw19qin,"Education is the key for all these issues. It'll take a long time but change will come. As the generations change, these changes will come with it. But sadly it's very slow process.",6,1,1593150057.0,Evil4139,False,negative,negative,negative,negative
fw1m6u9,Think about what would have happened if Lincoln thought the same thing in 1860s. He went to bed thinking blacks are never gonna be accepted as a part of American society and went about his regular chores.,2,1,1593161247.0,,False,negative,negative,negative,negative
fw20k29,"Like you said, not everyone even accepts inter-caste and inter-faith marriages. Should they be made illegal as well to cater to the bigots?",1,1,1593174172.0,Not-Jessica,False,negative,negative,negative,negative
fw2oppr,"There are many advantages to legal acceptance of homosexual marriage even if it will take longer for Indian society to accept it. A legal spouse allows for financial benefits, visa benefits for dependent spouse, inheritance, insurance, legal right in medical emergencies and such things which will otherwise not happen. Also, sadly for our society most positive social changes have happened through the legal route. (Like abolition of sati, child marriage, triple talaq)",1,1,1593187574.0,gujjuben,False,positive,neutral,neutral,neutral
fw53ilr,"It's not that right now. With legal status, people have the confidence and right to stand their ground against bias, discrimination, taboos and etc. The rest up to the actual lgbtqia+ people to convince people otherwise, down the road.",1,1,1593236364.0,harshety,False,neutral,neutral,neutral,neutral
fw13uev,"And as we know, that's not going to happen under the current government who endorses patanjali whose orange mascot ramdev wanted to 'cure the gay' using pills.",31,1,1593145767.0,Jaydeep0712,False,negative,negative,negative,negative
fw53eb5,"Chances of legislative changes happening are low to nil. Courts are the only option, that's the case with most of the countries, where same sex marriages has been legalised.",1,1,1593236265.0,harshety,False,neutral,neutral,negative,neutral
fw1ddil,I think they can marry but it will have no legal validity. That is under the purview of government.,9,1,1593153051.0,autumn_night,False,neutral,neutral,neutral,neutral
fw29sne,Bachelors ko to landlord ghar deta nahi gay couples ko kaun dega.... unkil/anties will go berserk.,1,1,1593179927.0,Stifmeister11,False,negative,negative,negative,negative
fw1pqmv,Reforms in the education system and legalization is the first big step. Yes but we need pro-LBGTQ political parties for that too but as most of the society is homophobic it's hard. Catch 22.,4,1,1593164723.0,ihatemondaynights,False,neutral,neutral,negative,neutral
fw1sx9e,What's CP ?,1,1,1593167851.0,Hairy_Air,False,neutral,neutral,neutral,neutral
fw1a33r,No legal rights for LGBTQ couple. They can marry but won't be legally recognized.,11,1,1593150334.0,ihatemondaynights,False,negative,negative,negative,negative
fw1drv3,They can marry but it won't be recognized by the law.,3,1,1593153387.0,,False,neutral,neutral,neutral,neutral
fw53aji,Absolutely. Not to mention changes to surrogacy and adoption laws.,1,1,1593236177.0,harshety,False,neutral,neutral,positive,neutral
fw1yqm9,"Spread awareness that loving someone(other than sexually to kids) is not abnormal,or strange, or some sort of illness",5,1,1593172816.0,osernamer,False,neutral,neutral,neutral,neutral
fw2h4ys,yeah me too....,1,1,1593183826.0,isuleman,False,neutral,neutral,neutral,neutral
fw1hs56,"Love the thread under his tweet lmaoo 

#Pride",2,1,1593157010.0,ihatemondaynights,False,positive,positive,positive,positive
fw3jt2z,"He is against PDA
He said other things should not be restricted",1,1,1593202563.0,Shelzzzz,False,neutral,neutral,negative,neutral
fw1l53v,"Homophobia is quite casual imo, that's a *big* task to overcome, ppl use and interpret 'gay' as a slur. Reforms must start at home and schools.

>anti the law 

Idk as far as I have read, most arguments anti legalization are pretty dumb and homophobic.",3,1,1593160224.0,ihatemondaynights,1593164807.0,negative,negative,negative,negative
fw17fuq,Well yeah it would be overreach but maybe this puts *some* pressure on the legislature. Idk,7,1,1593148321.0,ihatemondaynights,False,neutral,neutral,negative,neutral
fw1njkd,It is skin,1,1,1593162573.0,ToastedSkoops,False,neutral,neutral,negative,neutral
fw1sxyh,What?,2,1,1593167870.0,Hairy_Air,False,neutral,neutral,neutral,neutral
fw1ghwt,You should read more about them.,3,1,1593155821.0,RemingtonMacaulay,False,neutral,neutral,neutral,neutral
fw1kw9m,*fingers crossed* lol,3,1,1593159988.0,ihatemondaynights,False,positive,positive,neutral,positive
fw23hzf,Personnally I don't believe Christianity itself cares at all about homosexuality. In it's core it seems like the teachings are about loving your neighbor and treating people with kindness and respect. It's conservative people who happen to use their religion as an excuse to discriminate that are the issue.,2,1,1593176175.0,smallaubergine,False,negative,negative,negative,negative
fw1ada3,Legalising prostitution will give rise to girl trafficking on whole another level also underage girls will be trafficked and our government won’t be able to stop it,14,1,1593150558.0,wannasleepsomemore,False,negative,negative,negative,negative
fw17n22,A LGBTQ couple aren't legally recognized so that leads to them denied various rights a heterosexual couple have.,14,1,1593148467.0,ihatemondaynights,False,negative,negative,negative,negative
fw1a0xd,"You can get married but you don’t have any of the privileges that come with it. For example, health insurance for spouse, bank accounts, property rights, legal parenting, etc. Legalization will allow them to have all of this.",6,1,1593150285.0,ClosetCoward,False,neutral,neutral,neutral,neutral
fw1gvfu,"Our marriage laws are either statutory (Eg. Special Marriage Act, and Hindu Marriage Act), or personal law (Eg. Muslim Personal Law). Both are bound by what is known as ‘heteronormative’ interpretation. Even though the Special Marriage Act doesn’t say the husband has to be so gender and the wife has to be so gender, the heteronormative interpretation of these laws indirectly stipulate that the husband has to be a male, and the wife a female. 


The Supreme Court didn’t ‘legalise’ homosexuality as much as read down s. 377, which criminalised homosexual sex. No explicit recognition flows from it, except that no person can any longer be prosecuted under s. 377. The logical upshot of this is that there’s no recognition of marriage between two homosexual individuals. If they do engage in marriage, the law offers them no recognition. They cannot, however, be put in jail for this since it’s not an offence.",2,1,1593156166.0,RemingtonMacaulay,False,neutral,neutral,neutral,neutral
fw29hsp,Legalization of homosexuality means that no homosexual or bisexual person can be charged or prosecuted by the law for being in a same sex relationship. They can even marry but their marriage is not recognized by the law as things stand currently that's why there is a need for separate push for same sex marriage.,3,1,1593179757.0,,1593251418.0,neutral,neutral,negative,neutral
fw2uaii,Not really funny,1,1,1593190206.0,wait_whats_illegal,False,neutral,negative,negative,negative
fze5231,Homosexuality is already legalized smartass,1,1,1595847376.0,ihatemondaynights,False,neutral,negative,neutral,neutral
fw13a8p,"OK, what?",6,1,1593145378.0,Jaydeep0712,False,neutral,neutral,neutral,neutral
fzda3s2,Ughhhh..... What?,2,1,1595819921.0,Igargula,False,negative,negative,neutral,negative
fw2ufce,Wow damn comedy award 🏅,2,1,1593190268.0,wait_whats_illegal,False,positive,negative,positive,positive
fw2hqgg,"ignoring the fact that it’s a separate issue, why is asking to be referred to by the correct pronouns ‘crazy’?",4,1,1593184136.0,35cut,False,negative,negative,negative,negative
fw11na6,"Isn't it a shame that they are doing what ""indian lawyers living in India"" should have done? 😐
.
We should appreciate them for what they are doing!",53,1,1593144246.0,,False,negative,negative,neutral,negative
fw10ezk,Lmao who said ?,13,1,1593143432.0,ihatemondaynights,False,neutral,neutral,neutral,neutral
fw1zjwz,"Even if they don't, what's your problem?",1,1,1593173430.0,TendarCoconut,False,negative,neutral,negative,negative
fw1ikqv,Eat shit,6,1,1593157759.0,Augustus420,False,negative,negative,negative,negative
fw1knnb,So two things can't happen at the same time? Don't breath when you take a shit.,1,1,1593159752.0,DammitCaesar,False,negative,negative,negative,negative
fw201ht,">If you think that the majority of America is dangerous, yes... you are a giant pussy.

>Cute baseless strawman. You even reddit like a pussy. Go make up some more bullshit to push your pussy narrative.

Pearls of wisdom from yours truly",4,1,1593173794.0,TheMangalorian,False,negative,negative,positive,negative
fw2gfgb,"you probably wont like me saying ""why don't you work on bigger hunger and poverty in our country""

All the problem should be solved simultaneously.",1,1,1593183463.0,-__-ll,False,negative,negative,negative,negative
fw22nlv,"How is anyone surprised that the courts and the lawyers dealing with such cases are discussing people’s ‘rights’? Isn’t that their business? 

No one is stopping you from working on issues faced by the transgender community since you feel so strongly about it. Let us know how you actually do that by the way, some of us may want to contribute. I’m sure you’re not just using transgender rights as a talking point to shit on the queer community.",5,1,1593175624.0,Not-Jessica,False,neutral,negative,negative,negative
fw2hyg5,people have died. external and internal homophobia lead to higher rates of suicide among lgbtq people.,2,1,1593184246.0,35cut,False,negative,negative,negative,negative
fw2x0yw,What the fuck is wrong with you? Do you know the number of trans people below poverty line suffer to even get a job because they weren't even recognize by our country as citizens? Go fuck a pig man,1,1,1593191512.0,wait_whats_illegal,False,negative,negative,negative,negative
fw1a933,Dimag theek h na ?,20,1,1593150467.0,wannasleepsomemore,False,neutral,neutral,neutral,neutral
fw1p30x,Literally WHO ASKED???,9,1,1593164075.0,Luke-Bywalker,False,neutral,negative,neutral,neutral
fw2xd0n,Holy shit bruh did you find brain cells at a parking lot and attached them in your head?,1,1,1593191672.0,wait_whats_illegal,False,negative,negative,negative,negative
fw0zgr5,Umm what ?,28,1,1593142807.0,ihatemondaynights,False,neutral,neutral,neutral,neutral
fw16uax,"Tell me this is ownage pranks, in which case hi Rakesh, I'd like to buy some goaaaaaaaaaaaaaaaaats from you.",4,1,1593147885.0,the_LEGEND97,False,neutral,negative,negative,negative
fw1c8tw,"I said this a little way down in another comment, reposting here: 


I can't speak for them obviously, but as someone who watched this case closely, I think it's shockingly disrespectful. So many young lawyers who had so much to lose by working on such a controversial topic put their careers on the line in this case. They didn't have the privilege of political connections to protect them if it all went wrong. It would cost nothing - literally nothing - to acknowledge that, instead of claiming the whole credit. Most people won't say anything because the outcome is good. But it is disappointing to see people idolise those who are essentially taking advantage of unacknowledged labour for personal advancement. Then again, this happens in all professions.",44,2,1593152090.0,,False,negative,negative,negative,negative
fzawdrk,I'd probably say more than twenty years (not officially obviously) given that Shakuntala Devi was also a pro LGBTQ rights activist and guess what she ran against Indra Gandhi in an election and we all know how that turned out.,1,2,1595772856.0,femalebruh,False,neutral,neutral,negative,neutral
fw1gvpr,There is a lot of very justified anger at how they have capitalised on the work done by other people. But they are powerful enough that you won't see public objections. Even I wouldn't say all this on any social media that has my real name on it.,11,2,1593156173.0,,False,negative,neutral,negative,negative
fw14a43,"Dude, no one was taught about lgbt acceptance in school or by govt anywhere the world ( except maybe in most recent decade). Not everything needs to be taught at school. People should be willing to open their minds and see what's going on around them and learn.  

If we have to put our entire world view based on what we learn in our schools, looking at our educational system, I'd say we are totally doomed.",106,2,1593146068.0,svmk1987,False,negative,neutral,negative,negative
fw17d15,"I don't know why you're being downvoted. That's absolutely true. What's more, the success of those legal challenges led into a significant increase in public support.",25,2,1593148265.0,eddie_fitzgerald,False,positive,positive,positive,positive
fw1iie1,"Yep. There are probably only a few countries where it happened democratically. For example, in Ireland, it was passed by public referendum (in some ways, that's even more impressive than by being passed by elected representatives and politics).",14,2,1593157695.0,svmk1987,False,positive,positive,positive,positive
fw18a8y,"Yeah. While I’d love for public sentiment to be the driving force, I much more prefer it happening because of judicial action than not happening at all. And like in the USA, hopefully a change in the law will help push public sentiment in the right direction too.",9,2,1593148940.0,popular_tiger,False,neutral,neutral,positive,neutral
fw1ta2c,Also civil rights happened because of legal challenges,1,2,1593168189.0,,False,neutral,neutral,neutral,neutral
fw18mvm,And? If it happened in U.S. then what? Why should the East look up to U.S.?,-9,2,1593149208.0,kabeer47,False,negative,negative,neutral,negative
fw170eu,"You are right. The most important one is caste based discrimination. Outlawing that has propably made things much better, but still a long way to go.",15,2,1593148007.0,itsnobs,False,neutral,positive,neutral,neutral
fw1f78i,"You're right about Hinduism being a traditionally LGBT friendly faith. But, certain renditions of Hinduism (I guess the Manusmriti) + the introduction of homophobia and transphobia by the Brits have shaped what the majority of conservative Hindu society is. Just Hindus, not other groups. They have their own Abrahamic shit going on.
Hindutva is another bastardization of the religion that is explicitly Fascist. And Fascism isn't the most LGBT friendly ideology to exist after all.

Also, the RSS did issue a statement indicating offhanded ""acceptance"" of the supreme court's ruling on 377, but did state that although not a crime anymore, they still don't support homosexuality. 

Check it out here: https://www.indiatoday.in/india/story/rss-on-section-377-verdict-gay-sex-not-a-crime-but-is-unnatural-1333414-2018-09-06",16,2,1593154650.0,roydhritiman,False,neutral,neutral,negative,neutral
fw1bl13,">I don't really get why the BJP and rest of the Hindu right don't promote this

It has nothing to do with the religion and a lot with power and conservatism. A prime example is Marital rape. Art 14 guarantees the equality, Exception 2 to IPC Section 375 exempts unwilling sexual intercourse with a wife over fifteen years of age from this definition of rape, thus making it legal for men to rape women — who happen to be their wives — aged 15 and above.",10,2,1593151536.0,MainHuDoga,False,negative,negative,negative,negative
fw1bonr,">I don't really get why the BJP and rest of the Hindu right don't promote this.

Because their votebank are mostly conservatives or those leaning towards it atleast. They won't risk pissing them off. 

Plus the RSS (like almost every religious organization in India) are wildly homophobic.",7,2,1593151620.0,Sharchomp,False,negative,negative,negative,negative
fw1sdw6,"Oh yes, this is definitely a cultural problem, we can't just blame politicians.",4,2,1593167336.0,svmk1987,False,negative,negative,negative,negative
fw1sobf,"Oh yes, this is absolutely essential and a great way to ensure the majority don't oppress the minority. 
I was just saying how great it would be if the majority in India actually agreed to legalise lgbt marriage.",3,2,1593167614.0,svmk1987,False,positive,positive,positive,positive
fw1hy93,"Oh of course. But there are two ways to change a law. Your MPs and MLAs can change laws by acts in parliament, or the supreme court can strike down laws which are proven to be unconstitutional.",4,2,1593157169.0,svmk1987,False,neutral,neutral,neutral,neutral
fw28l9o,"What you don't know is that many states had already legalised it through legislations, some legislations after State court verdicts, and referendums before it became legal on the federal level though Supreme Court verdict.",1,2,1593179245.0,G_Paradox,False,neutral,neutral,neutral,neutral
fw1tw8g,"**I found links in your comment that were not hyperlinked:**

* [gaymatrimony.com](https://gaymatrimony.com)

*I did the honors for you.*

***

^[delete](https://www.reddit.com/message/compose?to=%2Fu%2FLinkifyBot&subject=delete%20fw1tw1e&message=Click%20the%20send%20button%20to%20delete%20the%20false%20positive.) ^| ^[information](https://np.reddit.com/u/LinkifyBot/comments/gkkf7p) ^| ^<3",1,2,1593168766.0,LinkifyBot,False,neutral,neutral,neutral,neutral
fw1cbmo,"Yes but defining hate speech and hate crimes is one of the biggest legal challenges anywhere in the world, like defining terrorism",35,2,1593152155.0,DoctorDipshitt,False,negative,negative,negative,negative
fw2qlsp,"Not to sound like an ass but how does non binary work for you?

Do you buy stuff made for men or women?",3,2,1593188470.0,LegitimateBedroom1,False,neutral,negative,negative,negative
fxfk12m,"Working against the trans act 2019, would be a good beginning right?",2,2,1594309214.0,appleseeeeeed,False,neutral,neutral,positive,neutral
fw1423m,"Seriously, no one in my class had any idea who they were when I did my presentation.",2,2,1593145912.0,Yvsh,False,neutral,negative,neutral,neutral
fw15911,[deleted],48,2,1593146750.0,,1620023100.0,neutral,neutral,negative,neutral
fw1izpk,Lol you're saying that as if that's a good thing. More divorces = more single parent households. More single parent households = more crime and more more poverty.,-4,2,1593158148.0,satista,1593158504.0,negative,negative,neutral,negative
fw1nqk5,Lol,5,2,1593162764.0,trololololololol9,False,neutral,positive,neutral,neutral
fw5b0t7,\_Shaadi.com execs must be proposing this to their board right now\_ 'Lets do it before it is cool',1,2,1593243244.0,iam_awriter,False,neutral,neutral,positive,neutral
fw5b3om,"In straight marriages, men want dumb, beautiful, busty girls who are great cooks and will become stay at home moms after giving birth to their children.

Girls want a tall dark handsome guy of their age who earns 100x what they earn.

What will be the 'demands' of gay marriages, I wonder.",3,2,1593243325.0,iam_awriter,False,neutral,neutral,neutral,neutral
fw12nm8,It’s a slang term that means “I am a big fan of this”,53,2,1593144936.0,,False,positive,positive,positive,positive
fw12mxg,Stan is an acronym for Stalker + Fan,25,2,1593144923.0,kashxmusic,False,neutral,neutral,neutral,neutral
fw12mpw,[deleted],4,2,1593144919.0,,False,neutral,neutral,negative,neutral
fw29wpr,"Legal recognition nahi milega shaadi ko, yet, but you can do whatever you want in a personal space. Bas consenting adults hone chahiye.",1,2,1593179990.0,,False,neutral,neutral,positive,neutral
fw15nh0,"the difference is in most places like Europe, US, Canada, etc. same sex marriage were made legal by votes as in by the legislature and not by the judiciary. while in India, none of the political parties openly support LGBT+ or have LGBT+ policies as part of their agenda.",15,2,1593147036.0,Gameatro,False,neutral,neutral,neutral,neutral
fw26dyh,I never said that. I was saying making it legal by the judiciary isn't enough. And that it won't change much. Educating and changing people's mindset is what more important. Most importantly the government and political parties should create awareness. LGBT+ awareness should be included into the educational curriculum and many more things,1,2,1593177964.0,Gameatro,False,neutral,neutral,neutral,neutral
fw16aw8,Wasn't section 377 decriminalised under this government? Or am I missing something?,13,2,1593147503.0,rmadrid7_rm,False,neutral,neutral,negative,neutral
fw8awct,US case was won 5-4 and most of the dissenting judges felt that it didn't merit 'due process' i.e code word for judicial overreach. It will not happen and should not happen through the courts. Law should be passed in Parliament.,1,2,1593313054.0,krakends,False,negative,negative,negative,negative
fw1sz67,"Connaught Place, New Delhi",2,2,1593167902.0,paxindiana,False,neutral,neutral,neutral,neutral
fw1x6r8,Hey Rod! What’s a law enforcement officer.,1,2,1593171600.0,dirtyviking1337,False,neutral,neutral,neutral,neutral
fw17z25,I honestly don't know if this government will ever do it. I mean they didn't objected to supreme court verdict on 377 which is a positive sign but if you'll look at their history they don't really have a positive track record when it comes to issue of homosexuality.,5,2,1593148709.0,,False,negative,negative,negative,negative
fw1q74s,Plot twist: Number is to a Ferrari.,1,2,1593165169.0,RoscoMan1,False,neutral,neutral,neutral,neutral
fw1pew5,"Trust me we dont want that, they’ll do to weed what they did to tobacco, its a fuckin leaf they’re taxing it like their momma ‘s tit",2,2,1593164399.0,332hz,False,negative,negative,negative,negative
fw209pi,"Human trafficking and sex with underaged girls will still be illegal, no one is talking about legalising that. Legalising prostitution on the other hand, would make it possible for sex workers to actually report abuse.",6,2,1593173962.0,Not-Jessica,False,negative,negative,negative,negative
fw1anln,"Girl trafficking and underage girls happen anyways no matter what in India. That's a reality in India. 

and when you add a new Industry in India, ofc there will be huge regulations from Govt.",-4,2,1593150783.0,indiancheesecake,False,negative,negative,negative,negative
fze5af2,It’s a huge sin why are you guys promoting sinning,0,2,1595847595.0,hashcash123,False,negative,negative,negative,negative
fzda7yx,You heard me.,-1,2,1595819997.0,,False,neutral,neutral,neutral,neutral
fw2ki5t,[removed],-3,2,1593185530.0,,False,neutral,neutral,negative,neutral
fw13jmn,Straight facts! (Pardon the pun),5,2,1593145557.0,Jaydeep0712,False,positive,positive,neutral,positive
fw13rv6,Well said!,2,2,1593145717.0,Fabulous-Rice,False,positive,positive,neutral,positive
fw1gmes,But they didn't. See my comments below. They were abroad taking credit for work done by lawyers in India.,-3,2,1593155934.0,,False,neutral,neutral,neutral,neutral
fw11j4l,"It's kind of true. A lot of the arguments were done by senior advocates..The filings were drafted by a specialized law firm in Delhi (see the comments on [this](https://www.legallyindia.com/lawfirms/nls-notches-up-time-100-list-influence-arundhati-katju-menaka-guruswamy-get-listed-for-377-victory-20190417-10011)) The lawyers on the magazine covers aren't the ones that actually did the work. It's well known in the legal community. But the reality is every movement needs a charismatic face and so this is a good thing for the long term goal. 

FWIW one of these lawyers got appointed as a senior despite not having the necessary amount of legal experience at the bar (see the comments on [this](https://www.legallyindia.com/the-bar-and-bench/supreme-court-designates-huge-bunch-of-also-younger-lawyers-to-senior-counsel-including-several-nls-grads-20190329-9953)) The year of that appointment she was mostly abroad teaching courses in Ivy League colleges. That's how the legal system works in India.",18,2,1593144168.0,,1593146432.0,neutral,neutral,neutral,neutral
fw20tzw,The good ole misogyny + hypocrisy combo. Who could’ve seen that coming.,2,2,1593174369.0,Not-Jessica,False,negative,negative,neutral,negative
fw2kjdy,"Tackle the big problems first.  Then worry about gays being discriminated against and having their feelings hurt.

Honestly what do you people think is more pressing?  Hurt feelings or torched teens that fight back against those trying to rape them?",-2,2,1593185547.0,Misfit_In_The_Middle,False,negative,negative,negative,negative
fw2xx2z,Why you say that,1,2,1593191934.0,,False,negative,neutral,neutral,neutral
fzmpuik,I did not know that! The more you know.,1,3,1596037618.0,anaam-desi,False,neutral,neutral,neutral,neutral
fw1h5v8,"Isn’t that just the nature of legal profession? So much of what we know is going on in the Courts are not spoken about in public, lest we disturb the delicate balance.",1,3,1593156437.0,RemingtonMacaulay,False,neutral,neutral,negative,neutral
fw14nsb,"I wasn't talking about my school not teaching anything, it's more about how we were taught that being gay or trans is a bad thing , they never said it to our face but by using then deregatory terms , I could care less if they didn't teach me jack , but they were actually shaping naive kids into thinking that being trans or gay is bad 🤷 ,I wouldn't mind if they hadn't taught jack, but affecting our view like that and running their ideals on us is not acceptable.",59,3,1593146339.0,JoKERTHELoRD,False,negative,negative,negative,negative
fw214g8,I wish sex education existing tho.,1,3,1593174575.0,,1593242684.0,neutral,neutral,neutral,neutral
fz3jutk,Undoubtedly we are doomed .😶,1,3,1595604167.0,MdSadafHashmi,False,negative,negative,negative,negative
fw1sko1,And one should make the argument that it shouldn't be taught by the government because the government is a reflection of the majority and more likely than not it will teach us the wrong things about these matters,1,3,1593167517.0,,False,negative,negative,negative,negative
fw240yj,"tHEY DiDn’t TEaCh me How To dO TaXeS

They taught you to read and do math. That’s what you need to do taxes",1,3,1593176509.0,JulioCesarSalad,False,neutral,negative,neutral,neutral
fw25die,The difference is that they already had significant support from the public and same-sex marriage was already made legal in many states through legislation (some after respective State court verdicts) before the US Supreme Court verdict did it on a federal level.,3,3,1593177357.0,G_Paradox,False,neutral,neutral,positive,neutral
fw196pu,"India should in no way “look up to” US since we have problems of our own, but the LGBT opinion in US can be used as a model. Before the Supreme Court ruling in the US, the general opinion was either indifferent or negative, the ruling changed sentiments.",15,3,1593149632.0,LilChamp27,1593150715.0,neutral,neutral,positive,neutral
fw18u5g,[deleted],6,3,1593149362.0,,False,neutral,neutral,negative,neutral
fw1fw6j,"What the RSS has done should be seen for what it is: them backing down. Despite having a full majority, they've not tried to overturn the judgment, which to me signals that they have no major interest in it either way. 

Even Hindutva doesn't have issues with some of the things that western conservatives object to, such as abortion. I agree with you that this is more of a cultural imposition by the British than a religious one - and that should be the line of attack. Selling homophobia as a product of British imperialism is historically accurate and is more likely to convince them.",13,3,1593155273.0,rsa1,False,negative,negative,neutral,negative
fw1db7x,"I don't think those two things are really related. Sure you could club them under conservatism, but that is not a monolith. And conservatism for a religious conservative arises from religion. For example, American conservatives are still trying to overturn Roe v Wade while in India the BJP govt increased the limit from 20 to 24 weeks. Abortion has never been an issue in India while in the US they do all they can to suppress abortion clinics even when it's legal. The point here is conservatism is not something that works the same way everywhere. 

There's nothing for a Hindu to ""conserve"" by suppressing homosexuality the way there is for a Christian conservative.",10,3,1593152996.0,rsa1,False,negative,neutral,negative,negative
fw1e4fo,"The mistake many liberals make is to think that conservatism is the same everywhere in the world regardless of religion and culture. It really isn't. Example: abortion. It's a hot button issue for Christian conservatives in the US even today, while in India the BJP raised the limit to 24 weeks. So it depends on what the religion allows or doesn't.

There's nothing for a Hindu to ""conserve"" by opposing homosexuality the way that there is for Christian conservatives. 

The RSS, well I'm no fan of them, but ""wildly homophobic"" is an exaggeration. Even when 377 was read down, they had a fairly muted response, calling for acceptance. They do still think of it as an aberration or a curable condition, but that's not the ""God hates fags"" stuff which is what comes to mind when you talk about wildly homophobic stances. 

It's important to see the nuances here if you want to move the needle.",18,3,1593153693.0,rsa1,False,negative,negative,negative,negative
fw1t1ff,"It's both actually. Culture influences politics just as politics influences culture. We're able to discuss ideas on reddit because we live in a country with free speech; this allows us to explore new ideas and ways of thinking. In this way, politics affects culture. The ideas we discuss are going affect the way we vote, and in that way culture influences politics.",2,3,1593167961.0,cestabhi,False,neutral,positive,neutral,neutral
fw1i79u,Ah I see your point now and it is valid. Yeah that would be great if it happens.,3,3,1593157406.0,a220599,False,positive,positive,positive,positive
fw2fndo,I think it was because of the state ruled policies on this matter that it had come up before their Supreme Court. My understanding was there was a protest by the then ruling Republican Senate majority who wanted to strike down that freedom for those States to pass such legislation.,1,3,1593183063.0,mrrahulkurup,False,neutral,neutral,negative,neutral
fw1hm3e,"Totally agree but seeing how behind we are, even a bare minimum protection against such hate speech related offences would be a great start. We can get into its enforcement later but just the acknowledgement of the problem would be enough of a base line",6,3,1593156853.0,shadyutkarsh,False,neutral,neutral,positive,neutral
fw1ektp,Yeah!,3,3,1593154092.0,LogangYeddu,False,positive,positive,neutral,positive
fw1fbes,Yeah its very hard to draw the line between passive and aggressive hate crimes,1,3,1593154754.0,DeusExMachina24,False,negative,negative,negative,negative
fw2umoe,Currently I'm presenting as male due to my postgrad education so just male clothes and such but I also wear a nose ring/eyeliner and other feminine articles when I'm just relaxing/hanging out.,2,3,1593190364.0,Metisis,False,neutral,neutral,neutral,neutral
fw16cwy,"Win - win - win scenario, as to the liking of Micheal scott",28,3,1593147543.0,Tomosmaush,False,positive,positive,positive,positive
fw1npln,">More single parent households = more crime and more more poverty

Uh, wut?
Also, just in case you missed it, remarriage is a thing.",3,3,1593162737.0,trololololololol9,False,neutral,negative,negative,negative
fw18u0x,"umm...no..It's a reference to the song 'Stan' by Eminem, who was an obsessive fan but definitely not a stalker.",30,3,1593149359.0,doxypoxy,False,neutral,neutral,neutral,neutral
fw1ksh1,just pointing out that combining two words like this is called a portmanteau,5,3,1593159883.0,,False,neutral,neutral,neutral,neutral
fw147ob,Roach gang is the best! Fuck off doge.,-11,3,1593146021.0,,False,negative,negative,neutral,negative
fw2gd5b,So if a gay couple wants to adopt a child they cannot as legally they arent couple?,1,3,1593183430.0,Stifmeister11,False,neutral,neutral,negative,neutral
fw166z1,True dat.,3,3,1593147425.0,ihatemondaynights,False,neutral,neutral,neutral,neutral
fw21abo,"In the U.S., it was declared legal in the Supreme Court case Obergefell v. Hodges. It was legal in 36/50 states before that, but the Supreme Court made it legal nationwide.",3,3,1593174691.0,widowwithamutt,False,neutral,neutral,positive,neutral
fw18t5h,"I don't know how openly, but Congress had a few lgbtq+ supporting agendas in their manifesto for the election. But again, you never know with political parties in india 🤷",4,3,1593149341.0,PoppyDotWot,False,neutral,neutral,neutral,neutral
fw29hec,"I’m not saying you would support such a thing. I was just extending the logic in your original comment to say that we cannot always wait for complete social acceptance when it comes to legalising gay marriage.

And I agree, major political parties will have to play a huge part in normalising the idea of equal rights.",1,3,1593179751.0,Not-Jessica,False,neutral,neutral,positive,neutral
fw18q7e,"The government decided to not intervene in the 377 case, but they did say they’d fight against legalising sexual marriage. 

[source](https://m.hindustantimes.com/india-news/after-historic-section-377-verdict-govt-set-to-oppose-same-sex-marriage/story-usQCbLH8uawdZZQ8hueupL.html)",24,3,1593149279.0,popular_tiger,False,neutral,neutral,negative,neutral
fw183ut,It was decriminalized by the courts. The government was not part of the decision making process,6,3,1593148807.0,aldurljon,False,neutral,neutral,neutral,neutral
fw1t1s3,"Oh Delhi. Eh, I don't have a very good image of Delhites anyway.

Awesome username though.",1,3,1593167971.0,Hairy_Air,False,negative,negative,positive,negative
fw1d8zh,">look at their history they don't really have a positive track 

Indeed, the ruling party and their allies are pretty homophobic. Plus imo on 377 they had a weird stance they said no as well as yes. 

https://indianexpress.com/article/india/government-walked-bjp-tightrope-on-section-377-said-yes-and-a-no-as-well-5255849/

Edit: plus heck their allies (hindu mahasabha etc) harass non married hetero couples.",3,3,1593152944.0,ihatemondaynights,1593153227.0,negative,negative,negative,negative
fw2158i,"First of all nowhere I said to make sex and trafficking with underage people legal. Second of all this is India! 

No one will take them and their report seriously. Hell marital rape cases aren’t taken seriously. 

We will create an enormous trafficking industry by legalising prostitution . 
Any Government is and will be inept to stop that. 
We already have reports of poor parents selling their daughter imagine legalising prostitutes. 

It will always be a no no.",0,3,1593174591.0,wannasleepsomemore,1593175031.0,negative,negative,negative,negative
fw1c960,There's evidence showing this isn't true. Legalising Prostitution only has pros.,4,3,1593152098.0,mank0069,False,negative,negative,negative,negative
fw2ppu4,"i’m in a lot a trans spaces so i can talk from my own experience. 

1. first off i’d like to clarify that the different pronouns you’re talking about are called neopronouns. and there aren’t 67282992 new pronouns for you to learn. i’d say you don’t have to learn any before you meet a person who uses a specific set of neopronouns. 
2. neopronouns are one of those topics that people on the right have blown out of proportion. most trans folk don’t even use neopronouns, and the most of the ones who do also usually go by either he, she, or they. 

i’ll share a personal anecdote here: i have a friend who goes by the neopronouns ey/em and the more standard pronouns they/them. while talking to em i switch between these pronouns all the time and they don’t mind if i just stick to they/them. the world really doesn’t slide into chaos if i just try to be a little more considerate while talking to em.",5,3,1593188050.0,35cut,False,neutral,neutral,negative,neutral
fw2x9n8,"""I respect and support trans ppl"" proceeds to criticize trans ppls demands",3,3,1593191627.0,wait_whats_illegal,False,neutral,neutral,negative,neutral
fw1hczx,Apologies! I didn't know all that.,1,3,1593156618.0,,False,neutral,negative,negative,negative
fw120zn,[deleted],9,3,1593144505.0,,False,neutral,neutral,negative,neutral
fw1h0dk,"I was horrified to learn of this, but it is now well known in the legal community.",2,3,1593156293.0,RemingtonMacaulay,False,negative,negative,negative,negative
fw2zkpi,"> Tackle the big problems first.  

how do you define the bigger problem?

&#x200B;

>Then worry about gays being discriminated against and having their feelings hurt. 

Its a human right violation. And many  bigoted, religious, hate spreading people in ~~India~~ World are there who think LGBTQ people are just being **hurt their feeling.**",2,3,1593192717.0,-__-ll,False,negative,negative,negative,negative
fw1hh5v,It is an ecosystem that thrives on privilege and secrecy.,2,4,1593156725.0,,False,negative,neutral,positive,neutral
fw1dvlp,"It sums up that we live in a homophobic society where people have conservative views regarding homosexuality. They think that being homosexual is similiar to having a mental health problem and such behaviour shouldn't be accepted or tolerated in any way, which is the reason why they start brainwashing and imposing their ideals on younger generation into thinking and moulding their views and perception about the homosexuality. To me personally, I guess homosexuality should be legalized because if homosexual people find happiness this way and aren't harming anyone why should we be bothered?",18,4,1593153480.0,rajatilu,1593186436.0,negative,negative,negative,negative
fw25hf2,"Yeah agreed. Also, numerous states had already legalized legislatively or by referendum.",2,4,1593177422.0,eddie_fitzgerald,False,neutral,positive,neutral,neutral
fw1a05m,You mean the SC ruling in India?,2,4,1593150268.0,kabeer47,False,neutral,neutral,negative,neutral
fw1adwp,"Caste is huge a part of North India. I study in Benaras, the first thing you get asked in administration if you're going to for marks/exam reasons,  is what's your caste. You venture interior you'll find more explicit incidents. But even so, it's also rooted deeply in upper class too, it's just that no one talks about it. And it's not just the north.",20,4,1593150573.0,Howdoesitmatter666,1593151513.0,neutral,neutral,neutral,neutral
fw1m7j9,Caste discrimination is much higher in villages than cities,4,4,1593161266.0,blunt_analysis,False,negative,negative,negative,negative
fw1g5rn,"Oh yeah. Conservatism isn't the same everywhere. It mostly is the same across the board, but there are fine differences between countries/cultures/races. Just like how the American right is virulently anti abortion, but the Indian right isn't.",7,4,1593155516.0,roydhritiman,False,neutral,neutral,negative,neutral
fw26k6k,"You don't think Hinduism isn't an inherently patriarchal religion and it's one of the reasons, if not THE reason, why marital rape is still legal?",5,4,1593178070.0,G_Paradox,False,negative,negative,negative,negative
fw1k8ny,"It's tiring to be expected to carry the burden of understanding nuances when the opposing side has never even attempted to do the same.

>The RSS, well I'm no fan of them, but ""wildly homophobic"" is an exaggeration. Even when 377 was read down, they had a fairly muted response, calling for acceptance. They do still think of it as an aberration or a curable condition, but that's not the ""God hates fags"" stuff which is what comes to mind when you talk about wildly homophobic stances

The RSS showed support after 377 was scrapped, it's the same as corporations that discriminated against women, LGBTQs and others and yet, talk about being inclusive during pride month and women's day. 

Second, as a gay man, it doesn't make much of a difference if someone says ""God hates fags"" or ""gay people are mentally unstable"" (real things I've heard from the educated youth of our country). It still hurts, it still demeans and it proves that despite the semantics, there's still a long way to go. 

I m sick and tired of being accused of not seeing nuances in a country where most people still called gay men ""chakka"" and think we are impotent deviants. I'll extend nuance when there's equal response from the other side.",9,4,1593159345.0,Sharchomp,False,negative,negative,negative,negative
fw23tc2,"I could be wrong, but it seems that while a conservative Hindu wouldn’t have to ‘conserve’ anything by opposing homosexual activity, wouldn’t having a homosexual identity/life be a problem according to Hinduism? By that I mean someone who chooses to marry or live with someone of the same sex and never have a heterosexual marriage.",1,4,1593176374.0,rayatheking,False,neutral,neutral,negative,neutral
fw26z1y,"Lol, RSS is not homophobic? Just look at how angrily they reacted when Congress took out a booklet that said Savarkar was a homosexual and had sexual relations with Godse. 

Also, just because RSS/BJP didn't oppose the SC judgement isn't enought o absolve them. The BJP majority parliament voted twice against Shashi Tharoor's bill in Parliament to decriminalize homosexuality. This was back in 2016 I think.

So yeah, they're homophobic af.",1,4,1593178318.0,G_Paradox,False,negative,negative,negative,negative
fw2uz2y,Does your classmates know or did they suddenly act awkward?,2,4,1593190528.0,LegitimateBedroom1,False,neutral,neutral,negative,neutral
fw2f6rg,Except for pharmaceutical companies that manufacture contraceptives.,3,4,1593182822.0,chinchpokli,False,neutral,neutral,neutral,neutral
fw1o9s1,"
There are many studies in the west which show that children from single parent households have greater crime rates. E.g. https://www.mnpsych.org/index.php%3Foption%3Dcom_dailyplanetblog%26view%3Dentry%26category%3Dindustry%2520news%26id%3D54
https://www.ncjrs.gov/App/Publications/abstract.aspx?ID=167327
It's a well documented statistic. And crime leads to poverty for the next generation.

As you know societal views and stigmas are a thing. It isn't as idealistic as you believe. In low socioeconomic backgrounds, remarriage is not so easy or viable. Why make your life harder if it's hard already? I understand some cases for remarriage are great but if you have kids, that's something to really consider- It's not only about you and your happiness!! People are fighting for rights so much but they shouldn't forget responsibilities.",5,4,1593163282.0,satista,1593163581.0,negative,negative,neutral,negative
fw1xilc,"Yes but aparently Eminem chose this name for the song for Stalker+Fan

He said in an interview, that was part of the reasoning, wanting to choose a 1 syllable name which rhymes easily and has some subtler meaning",6,4,1593171863.0,,False,neutral,neutral,positive,neutral
fw18xqe,"Ooh, thanks for the info, but I think that is what stan means, an obsessive fan.",12,4,1593149440.0,kashxmusic,False,neutral,neutral,positive,neutral
fw2mdjf,I don’t know. The best I can do is read stuff online and give you a fragmented answer. Is there a law which states that only married couples can adopt? Maybe ask a lawyer? Or someone directly involved with the adoption process in india?,1,4,1593186450.0,,False,neutral,neutral,positive,neutral
fw1du4t,There is something called the Pink List which chronicles support for LGBTQ+ persons in India. Check it out: www.pinklistindia.com,6,4,1593153443.0,anaam-desi,False,positive,neutral,neutral,neutral
fw19lvb,I was infact pleasantly surprised that this government didn't oppose but if this news article is true then this would align with their expected regressive mentality.,2,4,1593149954.0,rmadrid7_rm,False,negative,neutral,positive,neutral
fw18hhk,"Then the criticism is not coherent. Doesn't the same apply to this situation as well? If the earlier action was agnostic of which government was in power (which I agree), this one should be as well.",9,4,1593149093.0,rmadrid7_rm,1593183641.0,negative,neutral,negative,negative
fw1qppq,"The two contexts are fundamentally different. 377 was unconstitutional because the state has no right to judge what two consenting adults do in their private time. Right to freedom and privacy nullifies that small part in 377.

Marriage has two aspects: one, the ceremony held by the individuals and two, the definitions set which lets the state recognise the same ceremony for the purpose of inheritance, banking, taxing etc. The fundamental definition set by the State is that marriage is a civil union of two opposite sexes. You can conduct a polyamorous or LGBT civil union at your private time and consider yourself married but the state can not recognise based on their original definition of marriage. So for marriage, legislation has to redefine things. 

State's definition of marriage does not conflict fundamental rights. Policing individuals through 377 conflicts it and court has the power to deem it unconstitutional.",3,4,1593165684.0,,1593177769.0,negative,neutral,negative,negative
fw23px0,"> First of all nowhere I said to make sex and trafficking with underage people legal.

No one said you did. But you keep making points that keep assuming that this will become true if prostitution is legalised. For example:

> We already have reports of poor parents selling their daughter imagine legalising prostitutes.

Selling your daughter will still be illegal if we legalise prostitution. But it will at least be possible for that daughter to report rape without fearing that she herself is committing a crime as a prostitute. 

I agree that we need to take reports of sexual assault seriously. Making it impossible for prostitutes to even report rape doesn’t make sense if that’s the goal.",1,4,1593176315.0,Not-Jessica,False,negative,negative,neutral,negative
fw134si,"Think of this way - lawyers have to go court, prepare the legal arguments, draft the papers, argue the case, deal with the client's anxieties. Not everyone can handle it. As a result in Delhi you have the rise of the middleman lawyer. The job of the middleman lawyer is to do none of the above, but only to flog the case in the media. This becomes increasingly important because judges, especially SC judges, are increasingly responsive to the media - so a good public narrative that grabs headlines will obviously help your chances in court.  

That's what we have here. The middleman lawyer will pull in a senior advocate to argue the case  - in most of the 377 matters, it was people like Ashok Desai (former AG) who was brought in by one of these lawyers. It was him who actually did the work of convincing the judges. The arguments he used were prepared by the team you mentioned. That team was hired by the middleman lawyers. The job of the middleman was to co-ordinate between these two. 

Being the middleman requires charisma and connections. e.g. one of the two lawyers mentioned in this article is the daughter of a former BJP spokesperson who now heads a Delhi think tank. Another is the niece of a former SC judge. The work they do doesn't require legal skills. That's how they were able to take credit for the case while actually spending the bulk of the duration abroad (I believe one of them actually started and finished an LL.M. in an American university during the case - something that could only be possible if someone else was going to court, meeting with the registrar, getting adjournments, etc.). 

But for the general population they don't want a team of hardworking anonymous people to lead a movement - they want a charismatic leader who spent an entire year doing magazine interviews and giving speeches, while somebody else does the boring drafting, filing, etc. If you ask around the legal community in Delhi, you'll learn this for yourself. 

The reality is - and everyone knows - that the Naz case was litigated for years at the Delhi HC by a team lead by Anand Grover. These lawyers were not even part of the original case. They joined in the final stages by intervention applications and are now taking credit for the result. In cases like this it is hard to bear a grudge because the outcome is fantastic. But if you're going into the profession then you should be careful and not get distracted by the lawyers who look the shiniest, but instead pay attention to the ones who are doing the actual work. They are not always the same thing.",12,4,1593145271.0,,1593153843.0,neutral,neutral,neutral,neutral
fw1idug,"Yeah, it is no secret at this stage.",1,4,1593157577.0,,False,neutral,neutral,negative,neutral
fw30scy,Rape and Murder based on gender > hurt feelings based on sexuality,-2,4,1593193292.0,Misfit_In_The_Middle,False,negative,negative,negative,negative
fw1pisg,"It's more than just superstitious thinking, the way Indians, especially Hindus, view homosexuality, and sexuality in general, has been significantly shaped by the activities of Protestant missionaries in India during the 19th century. Their activities and reform movements, which were originally aimed towards converting the masses to Protestantism, mostly failed but there's something else which happened instead - the transfer of Protestant ideas into Hinduism and to a lesser extent, Islam. 

As Hinduism borrowed Christian modes of thinking, many Hindus began to reject certain aspects of their own religion - the Kamasutra, the engravings of beautiful girls with naked breasts displayed on temple walls, the outward expressions of sexuality, homosexuality, transgenderism, etc. This gave rise to a new breed of Hindus who had a certain loathing of sexuality and extreme views on decency, sanskara (manners) and marriage. Most Hindus today aren't even aware that their ideas on homosexuality actually come from 19th century Protestant theology; they think these are ancient Hindu ideas, which I find amusing.",24,5,1593164502.0,cestabhi,1593173439.0,negative,neutral,negative,negative
fw1azbw,"No, US. Edited",5,5,1593151042.0,LilChamp27,False,neutral,neutral,neutral,neutral
fw1mevn,"I'd say it is deeply rooted in all sections of society. When I was in college, I used to talk with the mess staff every now and then. And one day, out of nowhere, one of them asked me about my caste. I replied why does he need to know. He said, just out of curiosity, and he told me his caste. I was genuinely surprised why he would bother about caste or try and preserve it since he would have been rather low on the caste spectrum.",8,5,1593161462.0,Hairy_Air,False,neutral,neutral,neutral,neutral
fw1h9f7,Sounds very similar to racism in america from what youve said.,5,5,1593156527.0,SundererKing,False,negative,negative,negative,negative
fw276c2,It of course is. I never denied that.,1,5,1593178438.0,rsa1,False,neutral,neutral,positive,neutral
fw26slj,"Okay, first thing, I apologise as I didn't mean to minimise the problems that you as a gay person faces. None of what I am about to say in any way condones, promotes or recommends that you should get any less dignity or freedom that any other person in society. Nor do I accuse you of not seeing nuances, though I can see why it comes across that way. 


> The RSS showed support after 377 was scrapped, it's the same as corporations that discriminated against women

Except that unlike the corporations who are legally bound to clamp down on sexual harassment, the RSS has no need to show any support. They've not shown support for the Sabarimala judgment for instance. Again, this does not make the RSS a progressive body or that they're doing a favor. What it does mean is that I think this isn't something that they are very adamant about. 

And I agree that there is a long way to go - having said that, somebody who says ""gay people have a mental condition but must be accepted"" to me seems further down that road than somebody who says ""god hates fags"" and actively tries to clamp down on the rights of gay people.",1,5,1593178211.0,rsa1,False,negative,negative,negative,negative
fw3fdsc,you are 100% right. Hindu Right Wing does not get a pass.,1,5,1593200321.0,rebelioustomboy,False,neutral,neutral,positive,neutral
fw2vvv4,"People are accepting generally,especially the urban youth due to exposure. They know that I'm openly gay but I'm not sure they understand my gender identity. I have been openly gay from school times do no sudden change here.",3,5,1593190967.0,Metisis,False,neutral,neutral,neutral,neutral
fw2fsln,I dont think so coz gay n transgender people would still need them,1,5,1593183138.0,Tomosmaush,False,neutral,neutral,neutral,neutral
fw1olm0,"OK, I thought we were talking about an ideal world where stigmas don't exist, but that was another comment. My bad.",3,5,1593163600.0,trololololololol9,False,neutral,negative,negative,negative
fw1osod,[deleted],2,5,1593163792.0,,False,neutral,neutral,negative,neutral
fw1l1yh,Thank you for the info!,2,5,1593160141.0,PoppyDotWot,False,positive,positive,positive,positive
fw1mq84,"Dr Shashi Tharoor tried introducing a bill twice but it was voted down by the BJP majority Lok Sabha.

On the other hand, the UPA also did nothing when they were in power. Even when the SC reverted the Delhi HC judgement.",11,5,1593161773.0,pauldmps,False,negative,neutral,negative,negative
fw1do3z,"Just as u/popular_tiger said

>The government decided to not intervene in the 377 case, but they did say they’d fight against legalizing sexual marriage

The government would have received flak from all non conservative countries and the protesters if they had decided to intervene.  

This time, however, is different, the current party's approval among the public is high( I can't imagine many people criticizing the gov. if they opposed the same sex marriage now \[all of us are slightly homophobic\] ) and India by all means is a conservative nation where LGBTQ community is still not recognized by the masses.",0,5,1593153297.0,Jaydeep0712,1593153777.0,neutral,neutral,negative,neutral
fw13n0k,"Thanks for the answer , it does make sense. I have read their interviews and they are often portrayed as being the only two lawyers involved in the case despite them having a full on team and as you mentioned veteran lawyers. I was aware of their connections but you hardly see SC lawyers without connections.

>Ashok Desai

RIP to him tho

>If you ask around the legal community in Delhi, you'll learn this for yourself. 

Well hopefully I get a internship and Ig i could ask around. Plus yes the legal community is often opaque so much of what goes on backstage is unknown. 

Thanks for the input.",3,5,1593145622.0,ihatemondaynights,1593145809.0,neutral,positive,positive,positive
fw36dtc,">Rape and Murder based on gender > the LGBTQ's people's life and right

by any chance Is this what you mean?",2,5,1593195942.0,-__-ll,1593196756.0,negative,negative,negative,negative
fw383n8,"You do get that it’s possible to work on more than one problem at a time, right?",1,5,1593196769.0,Not-Jessica,False,neutral,neutral,positive,neutral
fw2cqvr,Super interesting. Do u have any additional reading on this or sources? Thx,1,6,1593181534.0,caltheme,False,positive,positive,positive,positive
fw1bglr,"NLU se ho kya? Hum bbi NLU ke hai. 
Utilitarian Law ala Jeremy Benthan et al can fuck off. Locke too van fuck off. Indian Law is imperialistic. 
Anyway Why mention 🇺🇸 at all mate? India is a very different society. We have a primitive society in Marxian terms. 
PS - Late Night Stoner & Ho gaya mere knowledge jhaadna. Itna hi knowledge hai. Isse jyada hume ghanta kuch nahi aata",-13,6,1593151432.0,kabeer47,False,negative,negative,negative,negative
fw1hekm,"Yeah mostly. To this day in some places of India Dalits are intouchables. They can't drink from the same pond, can't eat at same place, etc.",5,6,1593156658.0,Howdoesitmatter666,False,negative,negative,negative,negative
fw3flgm,"Doesn’t matter how someone discriminates. The systemic discrimination is the problem, not the performance.

&#x200B;

“So what if he evicted you for being gay, at least he didn’t murder you” doesn’t work as an argument. And we cannot forget the cruel things that were said before the decriminalisation.",2,6,1593200426.0,rebelioustomboy,False,negative,negative,negative,negative
fw2x7dv,Tbh I too don’t quite understand being non binary but I am curious about it,3,6,1593191598.0,LegitimateBedroom1,False,neutral,neutral,neutral,neutral
fw1os0g,"Stigmas will always exist. People will always be Jealous, people will always be materialistic and people will always form exclusive groups/communities. That is humanity.",3,6,1593163774.0,satista,False,negative,neutral,negative,negative
fw1p0dq,"But compared to two-parent families, there is also a rate of higher psychological diseases, that's one of the studies I linked. But I'd say some of the numbers would come into play, this is quite a universal factor in western societies not just US, but the UK, Scandinavia as well as most of Europe and South America.",3,6,1593164004.0,satista,False,neutral,neutral,neutral,neutral
fw3ckz1,When was the last time a private member's bill was passed in the parliament?,1,6,1593198934.0,adamkhormemna,False,neutral,neutral,neutral,neutral
fw23b3p,[deleted],4,6,1593176053.0,,False,neutral,neutral,negative,neutral
fw1408p,">  have read their interviews and they are often portrayed as being the only two lawyers involved in the case despite them having a full on team and as you mentioned veteran lawyers.

This is not an accident.",3,6,1593145878.0,,False,neutral,neutral,neutral,neutral
fw2et5t,"I found out about this while listening to a lecture by Prof. Wendy Doniger who is a Sanskrit scholar and teaches at the University of Chicago. Here's a link if you're interested (it's in the first few minutes)
https://youtu.be/Gl_0raZ9FFU

Apart from that, there is a book called 'Christians and Missionaries in India' by Robert Frykenberg and Alaine Low. It focuses on caste, conversion and colonialism.",2,7,1593182626.0,cestabhi,False,neutral,neutral,neutral,neutral
fw1hcsq,Your last sentence clears everything up. Nothing to see here boys. Carry on,3,7,1593156613.0,randomguy3993,False,neutral,neutral,neutral,neutral
fw1gl3j,Konsa nlu?,1,7,1593155901.0,sidd332,False,neutral,neutral,neutral,neutral
fw1ow35,"Yeah, that's why I said ideal lol",2,7,1593163884.0,trololololololol9,False,positive,positive,positive,positive
fw1pjj6,[deleted],2,7,1593164524.0,,1593166215.0,neutral,neutral,negative,neutral
fw25ysx,"No. But they can condemn our actions, that reflects badly on our government, they need to have a good image because that's the only thing they are going on right now.",1,7,1593177713.0,Jaydeep0712,False,negative,negative,neutral,negative
fw144ss,"Obviously not, it's good tho they are great in media. Plus the other lawyers must surely feel a tad left out.",2,7,1593145965.0,ihatemondaynights,False,positive,positive,positive,positive
fw1ps2i,"Dude extremely well said. I understand people may be BJP bhakts in India and get a lot of hate but being western culture bhakts is also not great. I for one whose lived in the west can say that people are extremely shallow and I've met some real wholesome people in India- I'm not saying the west doesn't have any because I've met them too. You need to take the best of each society.

No fault divorce + alimony, that's like the bane of men.",1,8,1593164762.0,satista,1593168264.0,negative,negative,neutral,negative
fw14eqf,"I can't speak for them obviously, but as someone who watched this case closely, I think it's shockingly disrespectful. So many young lawyers who had so much to lose by working on such a controversial topic put their careers on the line in this case. They didn't have the privilege of political connections to protect them if it all went wrong. It would cost nothing - literally nothing - to acknowledge that, instead of claiming the whole credit. Most people won't say anything because the outcome is good. But it is disappointing to see people idolise those who are essentially taking advantage of unacknowledged labour for personal advancement. Then again, this happens in all professions.",6,8,1593146160.0,,False,negative,negative,negative,negative
fw14qr1,Hence personally many of my peers and frnds don't wanna go into litigation cause connections are super important. I agree completely a simple acknowledgement would do wonders for the other lawyers. Plus I don't really idolize them btw.,3,9,1593146397.0,ihatemondaynights,False,neutral,neutral,positive,neutral
