Comment ID,Comment Text,Comment Score,Comment Depth,Created Timestamp,Author,Edited,Semantic Label,Semantic Label 2,Semantic Label 3,Major_Semantic
g5nwoiy,I live in California and have watched a lot of Indians on YouTube for help in my calculus and engineering courses. Thanks!,1129,0,1600396912.0,NovelNeighborhood6,False,positive,positive,positive,positive
g5o76uf,Anything other than relationship advise from Indian youtube is top notch,257,0,1600403278.0,VivDso69,False,positive,positive,positive,positive
g5nnji5,"Humble YouTubers please accept the gratitude , Just keep the background music low.",673,0,1600391956.0,shaheenbaaz,False,positive,positive,positive,positive
g5o2xvr,Behind every successful man there is an Indian Youtuber.,338,0,1600400485.0,inforgraphic101,False,positive,positive,positive,positive
g5ny4xx,As an Indian I am glad there are guys who post these videos.,331,0,1600397705.0,iamhunting,False,positive,positive,positive,positive
g5o77pg,We guide others to a treasure we cannot possess,142,0,1600403295.0,No_Management5486,False,neutral,neutral,positive,neutral
g5og13m,[deleted],64,0,1600410225.0,,False,neutral,neutral,negative,neutral
g5nnlyi,"OP

  


Please shout-out your favourite channels",124,0,1600391994.0,shaheenbaaz,False,neutral,neutral,positive,neutral
g5oavo4,Believe me I once uploaded a tutorial on how to refresh a computer and got decent views,36,0,1600405991.0,Dirk-Yeswitzki,1600417446.0,positive,positive,neutral,positive
g5o0bfs,As an Indian I have to say Brazilian food is amazing.,204,0,1600398932.0,_ecthelion_95,False,positive,positive,positive,positive
g5o3rr0,"OP, post your favourite channels please",22,0,1600400987.0,Cowz-hell,False,neutral,neutral,positive,neutral
g5od7te,"As an Indian, I just want to say that your footballers AWESOME",18,0,1600407841.0,Inferno1744,False,positive,positive,positive,positive
g5o1thj,We have solution for everything,73,0,1600399799.0,aamir_aaaa,False,neutral,positive,positive,positive
g5o2li0,[removed],67,0,1600400275.0,,False,neutral,neutral,negative,neutral
g5o602w,"70% of the future unemployed Indian engineers are dependent on these videos.

The other 30% get low paying railway jobs.",37,0,1600402456.0,,False,negative,negative,negative,negative
g5o5tbw,"*laughing unemployed-ly*

We have create our own jobs as we aren't able to get any help elsewhere.",55,0,1600402326.0,sumanthkulkarni,False,negative,negative,negative,negative
g5o3sa6,"And as an Indian, I approve of this.",40,0,1600400995.0,MrSpaceCosmos,False,positive,positive,positive,positive
g5o6431,"Lol. For engineering courses, of course we have lots of YouTubers. 

India produces more engineers per year than the total number of engineers in US and China combines.",38,0,1600402533.0,Y-Bakshi,False,neutral,positive,positive,positive
g5od7b8,"I am not Indian or Brazilian but Indians are some of the coolest, kindest, most welcoming people I've ever met. The myriad YouTube tutorials are just a nice bonus",19,0,1600407829.0,K_Furbs,False,positive,positive,positive,positive
g5ohuub,"We Indians are like that only, drama or nothing. - Seema Aunty",10,0,1600411872.0,cutestoner,False,neutral,neutral,neutral,neutral
g5o6qj5,I had learnt java by watching durgasoft tutorials which I was recommended to watch by my friend who went to some classes to learn java but these videos made him understand java far better than those coaching classes...,8,0,1600402962.0,o7mkar,False,positive,positive,neutral,positive
g5o5dyg,Obrigado! Learned a few Portuguese words while travelling abroad,6,0,1600402037.0,meemboy,False,positive,positive,neutral,positive
g5o3vol,"lol thanks for the kind words.....Our country has a lot of great talent, and I hope that through the internet, they can truly express their potential and skills!",18,0,1600401054.0,screechingzebra,False,positive,positive,positive,positive
g5or398,Love from Australia,6,0,1600421952.0,,False,positive,positive,positive,positive
g5nydq4,"There is a YouTube video which explain what types of food served in prison and other prison routine life. 

https://youtu.be/HxsQgukyqgE",24,0,1600397839.0,msareddit123,1600398913.0,neutral,neutral,neutral,neutral
g5p2dpu,lol this guy is calling indians as termites on other aub,6,0,1600432494.0,moooooovit,False,negative,negative,negative,negative
g5o6h6q,Thank you. Come again,8,0,1600402783.0,eb_fnx,False,positive,positive,positive,positive
g5o69d1,Thanks,4,0,1600402635.0,pavansinghbaitule,False,positive,positive,positive,positive
g5okrqj,NesoAcademy,4,0,1600414766.0,bojack_cowman,False,neutral,neutral,negative,neutral
g5p2e7p,"I read the title and for a second thought that it was about covid.


Please don't kill me.",3,0,1600432504.0,rfn0,False,negative,neutral,negative,negative
g5qrfr8,Bhai mai bhi bahar se hun mujhe bhi upvote do,4,0,1600463055.0,Mayank_j,False,neutral,neutral,neutral,neutral
g5o6ecb,As an Indian this does put a smile on my face.,6,0,1600402729.0,LaquzoEshiyasha,False,positive,positive,positive,positive
g5o76zd,I've passed all my semesters with those 15mins youtube lectures,3,0,1600403281.0,BOOTY-SMASHER,False,positive,positive,neutral,positive
g5oegg8,"as an Indian, i don't watch any Indian tutorial,instead make one 😂",3,0,1600408875.0,,False,neutral,negative,neutral,neutral
g5oijp3,Sometimes I look up on youtube for an obscure historical topic about my country in english and almost always found an educational video made by an hindi guy,3,0,1600412518.0,,False,neutral,neutral,neutral,neutral
g5p8uec,That is because our education system sucks so we students use youtube,3,0,1600436584.0,NoxiousBlaster,False,negative,negative,negative,negative
g5sqov5,We Indians made tutorial in the comment section also.,3,0,1600505979.0,kilby101,False,neutral,neutral,neutral,neutral
g904x7g,Dude we are beyond science 😎,3,0,1602857467.0,hahawithsneha,False,positive,neutral,neutral,neutral
g5o2m9d,I read that huge fires are currently scathing the forests in Brazil. Stay safe OP and let us know how we can bring that issue into focus. 🙏,8,0,1600400288.0,CrunchyHobGoglin,False,neutral,neutral,neutral,neutral
g5oeze0,This literally was an appreciation post for Indians and you ruined it,5,0,1600409312.0,,False,negative,negative,negative,negative
g5o7ram,"I'm an Indian, I don't have youtube channel but I help anyone on fb to understand topics from physics and maths. Sometimes it's difficult because I learnt some topics in my mother tongue, but I try my best. I love maths.",4,0,1600403680.0,Jay4vaghela,False,positive,positive,positive,positive
g5odlkq,As a Indian I have to say that sometimes it's so cringe but there are some tutorials which helped me a lot. Indian YouTube is the next best option if u could not find whatever u were looking for in google,4,0,1600408156.0,ssjssdoraemon,False,positive,neutral,positive,positive
g5oap7p,Maybe the only thing Indians are good at. I'm Indian,2,0,1600405852.0,roasted_cashews,False,positive,positive,neutral,positive
g5p8bje,There is a bigger burden above society I.e. unemployment. Society and unemployment are just the tip of the iceberg.,2,0,1600436282.0,prashant123098,1600436951.0,negative,negative,negative,negative
g5poq1t,Proud moment,2,0,1600444752.0,,False,positive,positive,positive,positive
g5ppq4j,"As an Indian, I too would like to congratulate my fellow countrymen on this matter - these Youtubers have helped me a lot with computer problems",2,0,1600445196.0,AudiQuattroZoomZoom,False,positive,positive,neutral,positive
g5q4ecc,Hello Friends!,2,0,1600451878.0,LukhaManus,False,positive,positive,neutral,positive
g5qqbg2,🙏,2,0,1600462546.0,nrnarayan5,False,positive,neutral,neutral,neutral
g5qxs1p,Thank you guys for my painting and Photoshop tutorials!,2,0,1600465903.0,0gma,False,positive,positive,positive,positive
g5z6krb,haha i thought youtube suggests me Indian youtubers' solution because I live in India. Seems like everyone gets the same search results.,2,0,1600608823.0,sweetpoision,False,neutral,neutral,neutral,neutral
g67r0ro,[deleted],2,0,1600783905.0,,False,neutral,neutral,negative,neutral
g6a6kkf,"Awww, thank you.",2,0,1600830036.0,Awpogon,False,positive,positive,positive,positive
g6jbiyd,Filling Peraud Indian armiiii,2,0,1601043192.0,SkinnySid1799,False,neutral,neutral,positive,neutral
g6jdxo9,We agree,2,0,1601044469.0,tis_monk,False,neutral,positive,positive,positive
g6jhur4,thanks,2,0,1601046509.0,thesseNuTTs,False,positive,neutral,positive,positive
g6onqpw,I have no clue why,2,0,1601129772.0,vindicatiiiooonnn,False,negative,negative,neutral,negative
g6op2yl,We are on another dimention😆,2,0,1601130342.0,UchihaClanMember,False,neutral,neutral,neutral,neutral
g6opufx,Thanks for acknowledging,2,0,1601130659.0,CLONIAN,False,positive,positive,positive,positive
g6opv60,Thanks for acknowledging,2,0,1601130666.0,CLONIAN,False,positive,positive,positive,positive
g6owox9,"Indians basically make tutorial so that even a layman can understand it, as it is a majority of population of india which is just entering in the tech savy world.

And for educational courses, it is commendable to a whole another level.",2,0,1601134045.0,,False,positive,positive,positive,positive
g6p3gh2,"Wow! Brazilian people hav watched Indian you tube videos.
Amazing.
Unrelated question... How many zeros are there in a Brazilian?",2,0,1601137734.0,Simplymanic99,False,positive,positive,neutral,positive
g6uzp5z,I am an Indian and I gladly accept this.,2,0,1601223626.0,SAUMYAROCKz,False,positive,positive,positive,positive
g6yb2v8,We are honoured. Thank you!,2,0,1601302140.0,lisa_hay,False,positive,positive,positive,positive
g6yggn3,OmG! 😂😂,2,0,1601305101.0,Shariyaaman,False,positive,neutral,neutral,neutral
g6yhojn,As an Indian I feel disappointed that I don't have a channel of tutorials!,2,0,1601305704.0,Shariyaaman,False,negative,negative,negative,negative
g70rdxw,They literally have tutorials on how to watch a YouTube video...on YouTube,2,0,1601346055.0,,False,neutral,neutral,neutral,neutral
g728bzq,"Hey , why not you go. Checkout my yt channel , in an Indian too and speak English, I just want a review on my contents,.  Channel Name:- BBMG Playz",2,0,1601389000.0,bb_playz,False,neutral,neutral,neutral,neutral
g7abt47,Thanks for bestowing us this award,2,0,1601561424.0,,False,positive,positive,positive,positive
g7ack8g,"Wow, this is so appreciated. Though I'm not one of those YouTubers but I'm really happy that their hard work is being recognised and appreciated.",2,0,1601561770.0,decorous_appellation,False,positive,positive,positive,positive
g7ajvr8,"I'm an Indian and I learn everything from those tutorials, YouTube actually is our school",2,0,1601565033.0,Niraj_177013,False,positive,neutral,neutral,neutral
g8odekk,Hello,2,0,1602579352.0,Simonfuch,False,positive,neutral,neutral,neutral
g8rflre,"I am an Indian Viner on youtube and need your little support Brothers and Sisters
https://youtu.be/wGbu558BZ5Y",2,0,1602644581.0,IndependentBull2274,1602654707.0,neutral,neutral,neutral,neutral
g8we79g,We are either so damaged or hyped by our parents that we need or make Tutorials respectively.,2,0,1602770792.0,DildarBegum,False,negative,negative,neutral,negative
g8whv5c,We all Indians would like to help anyone in all respects.,2,0,1602772794.0,Suspicious_Tone_950,False,positive,positive,positive,positive
g904jf9,Op bro,2,0,1602857257.0,Fair-Car-105,False,neutral,neutral,neutral,neutral
g980lup,That's Atlas holding the world as a punishment by Zeus for being at the side of titans in the titanomachy.,2,0,1603030172.0,menyor_,False,neutral,neutral,negative,neutral
g5o6zbp,Ahh that video telling tips and tricks to gain 100k subscribers.,4,0,1600403132.0,peeing_yash,False,positive,positive,neutral,positive
g5o4ogm,I am Indian and [Vengaboys](https://www.youtube.com/watch?v=fMKCkyHuHI4) To Brazil song is very famous in here,3,0,1600401572.0,kindofusername23423,False,positive,neutral,positive,positive
g5o70y5,"To be truthful, we just that many. There's bound to be some who are smart and helpful",2,0,1600403163.0,shnshty,False,positive,positive,positive,positive
g5o95dm,"I never knew we had anything like this 
But thnaks 😊",2,0,1600404686.0,abdullah2321,False,positive,positive,neutral,positive
g5ol0uo,Thank you so much buddy.❤️,2,0,1600415036.0,,False,positive,positive,positive,positive
g5o8514,"Quick question. 
Most of them are in hindi, do you guys understand it even after that?",1,0,1600403954.0,mysterious_46,False,neutral,neutral,neutral,neutral
g5o87nq,"Well of course it's that way, because most of them are unemployed, despite having those skills",1,0,1600404006.0,sumeet_x_agrawal,False,negative,negative,negative,negative
g5o8ewn,Anyone remembers Jaipal Vishwakarma ?,1,0,1600404151.0,Kratos3301,False,neutral,neutral,neutral,neutral
g5o8ig6,_mechanicsharkchannel_,1,0,1600404222.0,six6vi,False,neutral,neutral,neutral,neutral
g5obr7h,"Due to education system,it will remain under rated in India for atleast a decade, that's why indians are shifting in foreign countries to get whatbthey deserve.",1,0,1600406669.0,jainamkhara,False,negative,neutral,negative,negative
g5obrrj,My favourite is JAVA BRAINS!!!!!,1,0,1600406681.0,Thappadpethappad,False,positive,positive,positive,positive
g5oe8an,I don't know what to say.,1,0,1600408685.0,RoscoMan1,False,negative,negative,neutral,negative
g5oftgb,I heard and read Brazil is great country for tourism. Definitely I will try to visit.,1,0,1600410037.0,,False,positive,positive,positive,positive
g5ogd99,Atlas unshrugged,1,0,1600410519.0,SoundofLife123,False,neutral,neutral,neutral,neutral
g5ogziy,How do I search for this template??,1,0,1600411068.0,kyool_,False,neutral,neutral,neutral,neutral
g5oh13h,"We have excess amount of everything including unemployment, so lot of time for exploring and showcasing skills.",1,0,1600411106.0,anki30,False,neutral,neutral,neutral,neutral
g5oh314,I'm working on one for Rustlang. Thanks for the encouragement lol.,1,0,1600411156.0,hashedram,False,positive,positive,positive,positive
g5ohd3t,That's true. Literally everything.,1,0,1600411415.0,redundant360,False,neutral,positive,positive,positive
g5ohga3,"As an indian, I just want to say that your footballers are on another level!",1,0,1600411498.0,rafiki6633,False,positive,positive,neutral,positive
g5ohov0,Indian tutorial of how to grow a cherry tree from seed was awesome,1,0,1600411722.0,katnissanon14,False,positive,positive,positive,positive
g5oi73l,"When I saw the heading I thought it was about Corona, tbh",1,0,1600412187.0,RealStripedKangaroo,False,neutral,neutral,neutral,neutral
g5oinyh,i am an indian i and i can't find these tutorials pls help,1,0,1600412629.0,nitheeswar_1,False,negative,neutral,neutral,neutral
g5oj9bk,"Ah well, we do have the proper jugaad mindset! Too bad it cannot help us in politics",1,0,1600413212.0,,False,negative,negative,negative,negative
g5ojbb7,They are not a national party bruh,1,0,1600413266.0,dirtyviking1337,False,negative,negative,negative,negative
g5ojnrc,"I wish I could have understood the guy but the only tutorials I could find of a supposedly common gcode in video was only available in punjabi, or at least that's what youtube though it was",1,0,1600413614.0,ArconC,False,negative,negative,neutral,negative
g5okiac,Thank you,1,0,1600414491.0,,False,positive,positive,positive,positive
g5omgp9,Parraud indian background...,1,0,1600416604.0,kulkarnis009,False,neutral,neutral,neutral,neutral
g5onyk5,"I'm Brazilian and I want to use this post to express my gratitude,

Every time I stumble with problems while programming there always an Indian tutorial explaining how to do it.

Thank you very much guys!

Greetings from a friend from Brazil!",1,0,1600418298.0,Orangeman_17,False,positive,positive,positive,positive
g5op63z,Can someone upload a tutorial of getting a girlfriend?,1,0,1600419701.0,ledepression,False,neutral,neutral,neutral,neutral
g5opf1p,"As an Indian, I love Brazilian videos ...",1,0,1600420003.0,boyof_1987,False,positive,positive,positive,positive
g5oqgfe,I'm just a bit annoyed at the ppl who make good content but speak in Hindi so I don't understand a single thing they are talking and have to find another video.,1,0,1600421223.0,rohithkumarsp,False,negative,negative,negative,negative
g5or5c1,Thank you guys,1,0,1600422020.0,p_r_aj_w_a_l_1_6,False,positive,positive,positive,positive
g5oreje,They helped me fix my  gas scooter,1,0,1600422315.0,Dripdropop,False,positive,positive,neutral,positive
g5osgwo,I wish I had these videos in middle school/high school math classes.  They are a blessing.,1,0,1600423523.0,ronburger,False,positive,positive,positive,positive
g5ot89d,I see these memes everywhere but often I find the best tutorials are presented by americans and europeans. How am I missing out on good tutorials by my own countrymen is beyond me.,1,0,1600424386.0,vipul0308,False,negative,neutral,neutral,neutral
g5otc6v,Something to make me proud of india after a long time <3,1,0,1600424511.0,,False,positive,positive,positive,positive
g5ov2d5,Se tu nao entende ingles tu se ferra kk tenta entender uma palavra ou outra do tutorial,1,0,1600426373.0,Buda2,False,neutral,neutral,neutral,neutral
g5ovxme,Awesome!!,1,0,1600427254.0,Azqaadesigns,False,positive,positive,positive,positive
g5owptg,i started watching this indian guy teaching C++ he explained it in a such different way but more clear and interesting that it was easier to remember concepts plus in real detail too.,1,0,1600427995.0,BaghaBoy,False,positive,positive,positive,positive
g5oy0uc,I once came across a YT Tutorial HOW TO PICKUP A fuckin CHAIR..... not gonna lie m an indian lol,1,0,1600429130.0,annu_cool,False,negative,negative,negative,negative
g5p1ikm,Indian here. Indian youtubers explaining JavaScript and React JS is the reason I got hired 🙏🏻,1,0,1600431869.0,nanariv1,False,positive,positive,negative,positive
g5p6afo,"Tutorials which may seem trivial to most urban & sub-urban people, are very essential to a larger section of our Indian society. Hence, the views.",1,0,1600435073.0,rotikool,False,positive,positive,neutral,positive
g5p7782,Source of this picture? Looks like some old movie or comic picture.,1,0,1600435620.0,PrashnaChinha,False,negative,neutral,neutral,neutral
g5pcphh,"On just reading the title, I was expecting a shitpost on our Corona numbers. Will take this any day, thanks OP.",1,0,1600438733.0,hence_disproved,False,negative,negative,neutral,negative
g5pcpxt,Just posted a YouTube video today. Thanks.,1,0,1600438739.0,Anarchophobia,False,positive,neutral,positive,positive
g5pf35e,I see this as I am literally watching a YouTube tutorial video by an Indian,1,0,1600440004.0,RicketyJimmy,False,neutral,neutral,neutral,neutral
g5pfdv5,"If English content of physics and engineering is a drop then content in Hindi is an ocean, these guys are saviours for us",1,0,1600440160.0,,False,positive,positive,positive,positive
g5pimxe,Thanks mann,1,0,1600441819.0,INFO_MINE5,False,positive,positive,positive,positive
g5pimxl,"The Brazilians have been summoned, porra.",1,0,1600441819.0,,False,neutral,neutral,neutral,neutral
g5pjaya,Btw is this compliment or a satire.,1,0,1600442151.0,,False,neutral,neutral,positive,neutral
g5pk5oq,"Indian here,  and I love Brazilian music! Gal Costa is such a rad musician, everyone should check her out!",1,0,1600442571.0,alannair,False,positive,positive,positive,positive
g5pm29h,Honestly the videos professors at Stanford and MIT make help a lot more,1,0,1600443511.0,Glad-Work6994,False,positive,positive,positive,positive
g5pm4b7,Most  Indians are bilingual as well. some Urban populations are tri lingual!  Everything is good in India except for the politics.,1,0,1600443538.0,,False,positive,positive,positive,positive
g5pt7gn,"Not gonna lie... there’s a good chunk of Indian YouTubers that are very close to killing themselves every video.  One channel is called American tech.  If it’s not something completely fake, it’s something extremely dangerous that shouldn’t be done.

But they have some pretty good electrical engineers otherwise.",1,0,1600446695.0,Deyvicous,False,negative,negative,negative,negative
g5ptnnn,"This is One of our ""Jugaad"" Technique :)",1,0,1600446909.0,sellerhub12,False,positive,positive,positive,positive
g5pvv0u,"Looked at this while planning a Hindi JavaScript course.  

;)",1,0,1600447905.0,suttabar,1600448297.0,positive,neutral,neutral,neutral
g671vj9,"And some people say indians lack creativity ,like b*tch please ,some of you haven't been to India, don't say unless you've been here ,😏",1,0,1600761575.0,ThyInFaMoUsKID,False,negative,negative,neutral,negative
g6izhwr,"Yes, there is a tutorial for almost everything, the other day I could pull the tube of my LPG gas regulator. I looked up on YouTube there was an LPT level tutorial. On how to use hot water to remove a snug gas pipe!!",1,0,1601035585.0,happitor,False,positive,neutral,neutral,neutral
g6japxn,"Special thanks to JIO B-)B-)B-)B-)B-)B-)B-)B-)B-)
(+_+)",1,0,1601042751.0,kannadashitposting,False,positive,positive,positive,positive
g6jaqfg,"We strive to make life easier for others because we didn't have it easy ourselves.

P.S. I make videos on Graphics, 3D and Game design",1,0,1601042758.0,chattergenie,False,neutral,neutral,positive,neutral
g6ldlvk,South Indians on YouTube have tutorials on everything,1,0,1601082747.0,JagmeetSingh2,False,neutral,neutral,neutral,neutral
g6um7hw,https://encrypted-tbn0.gstatic.com/images?q=tbn%3AANd9GcTnCMhyScSgN26iJBUr_e3s0yvvTixM407Llg&usqp=CAU,1,0,1601216027.0,You_slash_name,False,neutral,neutral,neutral,neutral
g6umaxl,"Basically everything you need to know in life, you can find it from that Random Indian YouTube tutorial.

Everything except getting laid.
We Indians haven't found that out yet
😂😂😂😂
Let us know if you guys have found that one out",1,0,1601216085.0,TheGamerNgaihte,False,neutral,neutral,neutral,neutral
g6un5fg,How can you prove you aren't a BJP volunteer trying to please the younger generation?,1,0,1601216602.0,FantasticLord,False,neutral,neutral,negative,neutral
g6uncsi,18dg5823271.q.q67.32644 1A137,1,0,1601216727.0,GURUDAYAL12,False,neutral,neutral,neutral,neutral
g6une2x,This feels me with some pride.,1,0,1601216748.0,reddit_PIKS,False,neutral,neutral,positive,neutral
g6xjnwo,🤣🤣😂😂😂🤣🤣🤣🤣,1,0,1601276590.0,rob_576,False,neutral,neutral,neutral,neutral
g6ybw15,You know it gets really annoying when it comes to other stuff...  I'm fine with educational videos but when you only find indians on other tutorials you search .....,1,0,1601302601.0,StillAWeeb,False,negative,negative,neutral,negative
g732hjg,"And here pronounced an eternal debate.  Literally, there is no end in praising or criticising something.",1,0,1601401476.0,neil024u,False,negative,negative,neutral,negative
g75590s,I'm interested in knowing which particular Indians made you feel so!,1,0,1601440084.0,samkots,False,neutral,neutral,positive,neutral
g75bdr4,Dude some of our countrymen legit build pool houses in a day and most of us just wonder as to where they come from. Not all of us can build pools.,1,0,1601444883.0,Very_Big_Jeni_Tulls,False,negative,neutral,neutral,neutral
g75hzyt,Entao amigo. Eu sei. Owue vc quero fala. Eu fala portuguese Nd mais 11 linguas. Entao vem na minha inbox. Vamos ai gente conversa. Pode ser bom.,1,0,1601451441.0,mithiaman2215,False,neutral,neutral,neutral,neutral
g768lru,"you can literally find like any youtube tut. from quantum computers, nano tech,.... to 5mindesi home remedy (that do mostly nothing),..... Astrological 5G Conspiracy theoryist videos!!!

sadly my family's favourite videos are Later one",1,0,1601475350.0,_Megane-kun,False,neutral,negative,neutral,neutral
g7694j8,Bro india is the only country with no national language...we have over 30 major language with another 1500 local languages..,1,0,1601475637.0,sr_magnum,False,negative,neutral,positive,neutral
g7abcff,Are you guys refering to NPTEL?,1,0,1601561175.0,villkage,False,neutral,neutral,neutral,neutral
g7elfnh,Dhanyawaad ( meaning Thank You). Well there are many International Youtubers whose tutorials have also taught some amazing skills to a lot of people so unko bhi Dhanyawaad.,1,0,1601649186.0,Rukelele_Dixit21,False,positive,positive,positive,positive
g7haawe,"E,1w5is has 2^,3@3#",1,0,1601695544.0,nbhooshan,False,neutral,neutral,neutral,neutral
g7hrkau,"This post officially came from ""How to post a good subreddit"".. click bio for bobs and vegana",1,0,1601708933.0,wickedsage69,False,neutral,neutral,neutral,neutral
g7ij3m2,"AI COBRA VAI FUMAR, REUNITE THE LUSITANIAN PEOPLE!!!!",1,0,1601733896.0,MalujahAsgardia,False,neutral,positive,neutral,neutral
g7ilawn,Good one,1,0,1601735096.0,taxlagtahai,False,positive,positive,positive,positive
g8btwis,Here an Indian guy giving interviews watching canadian iranian Electroboom and Baltimore Knife and Swords vids.,1,0,1602342038.0,fraser0819,False,neutral,neutral,neutral,neutral
g8hmrkn,Aka tech support,1,0,1602426072.0,wonkybrain29,False,neutral,neutral,neutral,neutral
g8hwetk,Yeah we even have youtubers (small kid) who did a tutorial on how to wash underwear and came up on trending (viral).,1,0,1602431759.0,itsmohammedc,False,neutral,neutral,neutral,neutral
gavdkwv,✊🏾,1,0,1604295302.0,,False,positive,neutral,neutral,neutral
g5omwn7,"As an Australian, your cricket team is shit, but your lecturers got me through my studies. 😂",0,0,1600417103.0,HereLiesDickBoy,False,negative,negative,negative,negative
g5o7g8n,everything is ok .. but Indian adult film industry just is the worse ... I can barly watch some good quality videos here,1,0,1600403464.0,,False,negative,negative,neutral,negative
g5o55a5,Someone please make a climate change video for the politicians.,-1,0,1600401877.0,Devansh29,False,neutral,neutral,negative,neutral
g5obyj7,"If you've ever done lower level programming like C++, or Assembly, stay the hell away from Indian tutorials lol. They'll teach you incredibly old stuff that is no longer used, or just straight out bad practices. 

Sometimes it's better to just pay for classes from a reputable online professor.",1,0,1600406827.0,asd21123,False,negative,negative,negative,negative
g5o6m6x,"As an Indian, I feel humbled we help people far and wide.",1,0,1600402879.0,itsyashinhere,False,positive,positive,positive,positive
g5o6nvw,Thanks mate,1,0,1600402912.0,alphasierraunit13,False,positive,positive,positive,positive
g5o6oyi,"Thanks for your appreciation, but do you know that most of the youtubers are engineering graduates.",1,0,1600402932.0,,False,positive,positive,positive,positive
g5o6uu6,"That's really nice to hear, thank you so much!!",1,0,1600403043.0,_Dark_Crusader_,False,positive,positive,positive,positive
g5o7a8c,Yeah we like to keep our English simple,1,0,1600403346.0,,False,neutral,positive,positive,positive
g5o7cjr,You are welcome sir 🙏,1,0,1600403391.0,sirczechs,False,positive,positive,positive,positive
g5oa1ne,Anyone have this picture without texts?,1,0,1600405358.0,Mitchdotcom,False,neutral,neutral,neutral,neutral
g5oc8zr,"As an Indian , I Approve of that . People here ARE very helpful . Anything you need , you'll find it on youtube",1,0,1600407058.0,YouGottaGoHomeboy,False,positive,positive,positive,positive
g5ocega,Ofcourse Indian YouTube's  are beyond categories 🤣🤣,1,0,1600407177.0,,False,neutral,neutral,neutral,neutral
g5ofc50,"You won’t believe
My biotechnology degree exams I owe to youtube vids too.",1,0,1600409616.0,Meit_,False,neutral,neutral,neutral,neutral
g5ojoo1,"Oh please, don't give us all the credit .Free internet and rising unemployment did it.I'd much rather make videos than sell pakoras.",1,0,1600413640.0,voldemort_queen,False,negative,negative,negative,negative
g5okdhf,Feeling proud,1,0,1600414348.0,rahulRdd,False,positive,positive,positive,positive
g5okzoe,"If you ignore the morose tone or the dull like-share-subscribe pleas, you got yourself a winner.",1,0,1600415002.0,domraja5,False,neutral,positive,neutral,neutral
g5ody3j,There is literally a tutorial on how to wash your nickers by an Indian kid.,0,0,1600408444.0,WifParanoid,False,neutral,neutral,neutral,neutral
g5o7aqw,I know y'all being sarcastic...,-1,0,1600403356.0,vengat_aswin,False,neutral,neutral,negative,neutral
g5ol1d1,"You are right, but just make sure you don't use Indian youtubers for learning how to drive on the road or any civic sense related stuff. It doesn't exist in that area of the world.",-1,0,1600415051.0,infraninja,False,negative,negative,neutral,negative
g5o6hfz,[deleted],-4,0,1600402788.0,,False,neutral,neutral,negative,neutral
g5o718m,"On behalf of the Indian fraternity, I graciously accept your compliment and as a counterblast bow down before the exquisite Brazillian women|",-7,0,1600403168.0,alkish,False,positive,positive,positive,positive
g5o83ku,Someone needs to make a tutorial on how to send bolsonaro trump to outer space,0,0,1600403924.0,exmuslimcalcutta,False,neutral,negative,neutral,neutral
g5op3s3,"Lol I saw the top of the image and before scrolling down, I thought you were referring to our covid cases leaving yours behind 😂😂",0,0,1600419625.0,SolitaireKid,False,neutral,neutral,neutral,neutral
g5ovnmj,Unfortunately the accent often makes it impossible for me to understand them,0,0,1600426975.0,AnimeMeansArt,False,negative,negative,neutral,negative
g5o6qt8,[deleted],-2,0,1600402967.0,,False,neutral,neutral,negative,neutral
g5o98lc,I see. Society exists on tutorials of how to bhabhi patao,-3,0,1600404753.0,pramit123,False,neutral,neutral,neutral,neutral
g5o6piz,[removed],-9,0,1600402943.0,,False,neutral,neutral,negative,neutral
g5oe1lv,I guess there isn't a toutorial on how to remake PoP,-2,0,1600408526.0,toyhb,False,neutral,negative,neutral,neutral
g5o601p,on\* get your grammar right fam,-14,0,1600402455.0,,False,negative,neutral,positive,neutral
g5o8oev,As an Indian just want to say that I admire some of these brazilian ladies,-12,0,1600404344.0,humbleflam3,False,positive,positive,positive,positive
g5o2sr7,[removed],-49,0,1600400398.0,,1600404223.0,neutral,neutral,negative,neutral
g5o5kxs,"No one:

North Indians Youtubers: Hloo frnds tudey.... Snd Bobs and Vagene please",-31,0,1600402166.0,Narayan_22,1600403988.0,neutral,neutral,neutral,neutral
glmwfc6,Hard work,1,0,1612206729.0,Faisal520,False,neutral,positive,negative,neutral
g5o3wip,Lemme see a tutorial of greeting a stranger nicely and return.,385,1,1600401069.0,elric10,1600414789.0,neutral,neutral,positive,neutral
g5oevx9,WTF. I lived in India and watched a lot of YouTube videos from professors from the US for engineering courses. Haha!,24,1,1600409231.0,FettuciniGoldsmith,False,neutral,neutral,neutral,neutral
g5o79r0,"Thats coz we, Indians, are forced to go into either engineering or medical by our parents. And hence, there are a lot of unemployed engineers who start making YT vids. As an Indian, who is currently being forced to study engineering too, I kinda feel their pain.

Edit: Not only unemployed ppl do that, sometimes genuine good teachers also make vid for some extra cash.",110,1,1600403337.0,_blurr_99,1600404099.0,negative,negative,negative,negative
g5o9ocn,u should also see our engineering exam question paper sometime.,12,1,1600405079.0,,False,neutral,neutral,neutral,neutral
g5o9t21,Great. There is also [https://www.khanacademy.org/](https://www.khanacademy.org/),11,1,1600405178.0,FeralTitan,False,positive,positive,positive,positive
g5o7cer,"yeah, we like to push things to the Limits.",7,1,1600403388.0,amrit-9037,False,neutral,neutral,positive,neutral
g5o98h3,That's cuz we learn trigonometry and calculus .....10th and 12th respectively .,6,1,1600404750.0,Bongnazi,False,neutral,neutral,neutral,neutral
g5o6swg,The hindi videos are better. I'm a computer scientist and I'm usually reading from stackoverflow while listening to youtube.,5,1,1600403006.0,AnonyUwuswame,False,positive,positive,neutral,positive
g7vj18k,I've cleared most of my subjects because of those tutorials only,2,1,1601969591.0,tintinwhiskey,False,positive,positive,neutral,positive
g5ojqu7,You're welcome,1,1,1600413703.0,,False,positive,positive,positive,positive
g5oopyf,It's cuz every parent wants their child to be an engineer in India,1,1,1600419174.0,TommyVercitti69,False,neutral,neutral,neutral,neutral
g5qmfw1,I live in India and have watched a lot of Californians for movies/TV shows/porn. Thanks!,1,1,1600460822.0,,False,neutral,positive,positive,positive
g5otq1i,"Lmao that's kinda right, also because relationships work a little differently in India.",55,1,1600424948.0,tourist_fake,False,neutral,neutral,positive,neutral
g5np7pb,"I actually don't have any particular channel. It's more like having a doubt about some problem in my enginner major here in Brazil and ALWAYS is some indian dude who knows how to solve the problem.

And normally the guy explains so well that even I, who barely speaks English, can understand. I don't know what to say unless that I became a huge fan of your country hahaha

Edit: I answered the wrong comment. My bad!",419,1,1600392852.0,,1600396853.0,neutral,neutral,negative,neutral
g5owwfu,"It got to a point towards my senior year I'd pick tutorials from Indian YouTubers solely because they'd not only explain it better, they'd demonstrate it too.",1,1,1600428164.0,,False,positive,positive,neutral,positive
g5o6zvd,AHAHAHAH YES,46,1,1600403142.0,God_UnknownWorld,False,positive,positive,positive,positive
g5poit0,Legends say even Bill Gates used to consult Indian Youtubers,6,1,1600444667.0,ThatRandomGamerYT,False,neutral,positive,neutral,neutral
g5o6fw5,"Yeah, sometimes the teachers aren't good enough but these Indian YT teachers help a lot.",98,1,1600402758.0,Cowerful,False,positive,positive,neutral,positive
g5opnsz,You speak words of wisdom sir,21,1,1600420286.0,trashfacedfuck,False,positive,positive,positive,positive
g5pdk53,Helga Hufflepuff *aunty*!,4,1,1600439191.0,or9ob,False,neutral,positive,neutral,neutral
g76tusp,[deleted],2,1,1601484802.0,,False,neutral,neutral,negative,neutral
g5owcjc,"They should have a donate link for such cases. If anything worked for me, I would gladly pay a % of what it would have cost me to get it serviced.",25,1,1600427655.0,WhatsTheBigDeal,False,neutral,positive,positive,positive
g5oah5e,Neso academy saved my life countless number of times. Lol. Quality content.,70,1,1600405683.0,saprotropy,False,positive,positive,positive,positive
g5p580d,"""Learn engineering""",2,1,1600434405.0,perrygadu,False,neutral,neutral,neutral,neutral
g8ozbqs,"Physics galaxy, khan academy",1,1,1602598258.0,thrA363738,False,neutral,neutral,neutral,neutral
gegyvxh,"Piximperfect

Unmesh Dinda is a Photoshop legend!",1,1,1606986488.0,,False,positive,positive,positive,positive
g5of6nt,You just need to open the windows.,17,1,1600409483.0,Cascudo,False,neutral,neutral,neutral,neutral
g5o1va3,I am sad to say I have not eaten brazillian food,97,1,1600399830.0,datboi-reddit,False,negative,negative,negative,negative
g5o5xl2,As an Indian I have to say Brazil song is amazing.,42,1,1600402408.0,o7mkar,False,positive,positive,positive,positive
g5o70k5,As an Indian I want to say neymar and Brazilian football team is my favourite,20,1,1600403155.0,INFIGHT,False,positive,positive,positive,positive
g5o8o1n,not being rude but what food are you talking about afaik they have only one dish fezoada which is readily available,2,1,1600404336.0,moooooovit,False,neutral,neutral,neutral,neutral
g5osth6,[removed],2,1,1600423915.0,,False,neutral,neutral,negative,neutral
g5oz501,I would like to say Wagner Moura is fantastic,1,1,1600430063.0,de4th_metalist,False,positive,positive,positive,positive
g5p4bbx,Have never listened to Brazilian music tbh,1,1,1600433811.0,_ecthelion_95,False,neutral,negative,neutral,neutral
g5o2v1b,"Well, I just know about brazilian babe.",-49,1,1600400437.0,fucazy,False,neutral,neutral,neutral,neutral
g5o2rtr,Unless it's politics,358,1,1600400383.0,tourist_fake,False,neutral,neutral,neutral,neutral
g5o4uh2,Correction: We have a 'jugaad' for everything,52,1,1600401683.0,vpsj,False,neutral,neutral,neutral,neutral
g5oralx,No. You don't,1,1,1600422189.0,qroshan,False,neutral,neutral,negative,neutral
g5o5hlu,"Well if they start allowing, imagine the chaos... There should be dedicated sister channel for YouTube recommendation...",48,1,1600402105.0,AatmanirbharBerojgar,1600406456.0,negative,neutral,neutral,neutral
g5o7yvf,"They do
But like don't allow self promotion like if u say that 
Bhaiyo sub to my channel and all
Sadly you can post one link only once",4,1,1600403832.0,randomuser420_69,False,negative,negative,negative,negative
g5ohgzm,"Only if share links from one/few specific channel(s) without participating in the community or posting other sources (which makes the person a spammer). Its not restricted to YouTube but is applicable to any blog or website. This is a reddit rule:

> ""*It's perfectly fine to be a redditor with a website, it's not okay to be a website with a reddit account.*"" 

> Self-promotion is generally frowned upon, but if you want to have a presence on reddit you should fully read reddiquette and the FAQs so that you understand the culture and social norms. If you run a website, publication, blog, app, or other project and would like to participate on reddit, you'll need to first make sure that you're following all of the guidelines in the FAQ on spam.

> These guidelines are the same whether you run a major publication or brand or if you have a personal blog or project.

> https://www.reddit.com/wiki/selfpromotion

If you are a participant and occasionally share your content, there is no problem. If reddit did not have this rule, you'd have all YouTubers flocking here to post their videos.",3,1,1600411517.0,kash_if,1600411740.0,neutral,neutral,neutral,neutral
g5oo8wx,"There is a joke here in nepal, if u throw a rock in the sky, 90% chance it will land on an engineer or a nurse hahaha and yes...m also engineering student T_T",11,1,1600418628.0,tiktaktoe999,False,neutral,neutral,neutral,neutral
g5o6k6w,Hahaha there comes those unemployed who can't even do YouTube (insert cry for help),18,1,1600402841.0,Nowa_moee,False,negative,negative,negative,negative
g5o63gx,"As a fellow indian, I am glad and approve this too 😁",20,1,1600402520.0,hakuna22matata,False,positive,positive,positive,positive
g5o9f68,[deleted],37,1,1600404888.0,,False,neutral,neutral,negative,neutral
g5pb7p2,"Seriously bro?

We also have a lot of uneducated people much more than these countries.",1,1,1600437911.0,livefreeofdie,False,negative,negative,negative,negative
g5oahmi,"What the hell, that was informative and fun.",6,1,1600405694.0,ashbat1994,False,positive,positive,positive,positive
g5o2vvm,:D,5,1,1600400451.0,inboxhrishi,False,positive,positive,neutral,positive
g5oacb2,This is really nice.,4,1,1600405580.0,Potato_palya,False,positive,positive,positive,positive
g5oxpkl,Very informative and that guy is hilarious.,3,1,1600428867.0,AiyyoIyer,False,positive,positive,positive,positive
g5pc0w7,And I saw a cornetto ad just before this video started. I have seen his video on the lepulekh issue those were really informative,2,1,1600438356.0,Same-Cartographer488,False,positive,positive,positive,positive
g5qe56u,I want all the tutorials to be made by this guy .,1,1,1600456891.0,shiviam,False,neutral,neutral,neutral,neutral
g5sm06i,proof?,1,1,1600500987.0,junk_mail_haver,False,neutral,neutral,positive,neutral
g5pkdmi,Okay daddy,3,1,1600442679.0,alannair,False,positive,neutral,neutral,neutral
g5ok452,"Let me guess, from Gujarat?",2,1,1600414077.0,valence_electron_,False,neutral,neutral,neutral,neutral
g68ka3v,Haha thanks dude,1,1,1600798436.0,,False,positive,positive,positive,positive
g6pyhen,"About 12, but I'm not sure about this information haha",1,1,1601151795.0,,False,neutral,neutral,neutral,neutral
g5oa0je,[removed],3,1,1600405335.0,,False,neutral,neutral,negative,neutral
g5oob74,[https://imgflip.com/memegenerator/32257608/Atlas](https://imgflip.com/memegenerator/32257608/Atlas),1,1,1600418700.0,Ricksanchiz,False,neutral,neutral,neutral,neutral
g5q0svw,"I dont know about that. India holds some pretty good records in cricket.

But Australian cricket team is lit tho.

\- Guy who loves cricket",1,1,1600450141.0,Riozz707,False,positive,positive,positive,positive
g5oh1ae,[https://imgflip.com/memegenerator/32257608/Atlas](https://imgflip.com/memegenerator/32257608/Atlas),1,1,1600411111.0,CGIskies,False,neutral,neutral,neutral,neutral
g5oes8z,No one asked? He can tell the difference himself.,3,1,1600409149.0,,False,neutral,neutral,neutral,neutral
g5oa9z0,[removed],-2,1,1600405531.0,,False,neutral,neutral,negative,neutral
g5o3yo7,"Bro you're so funny, you used the same old ""joke"" for the 129383838th time, you're a comedic genius",23,1,1600401107.0,Fury_122333,False,positive,positive,positive,positive
g5o6xz7,Downvotes are because the joke is old and shit. No one is getting offended lol,6,1,1600403105.0,VaginalMatrix,False,negative,negative,neutral,negative
g5o6q7m,Are you one of those Dravidian Supremacists?,16,1,1600402956.0,,False,neutral,neutral,negative,neutral
g5o6tn0,Hloo frnd send your boob and vagina,-16,1,1600403021.0,fuzzyflaptrash,False,neutral,neutral,negative,neutral
g5o6lk3,"You gotta put both of your hands together flat like you're praying, then bring your head closer down to your hands. And now say ""Dhanyawad"" (Dhan-ya-vadh) Or even simpler ""Shukriyah"" (Shook + Ri + Yeah) 

P.S : Yes I'm Indian",312,2,1600402867.0,suyashve,False,neutral,neutral,neutral,neutral
g5o7nlq,Namaste!,5,2,1600403606.0,whitewolf_01,False,neutral,positive,neutral,neutral
g5oaofa,[removed],6,2,1600405836.0,,False,neutral,neutral,negative,neutral
g5ohbmh,"Sure! Come back in year 600.
 I've left some visual greetings here all over in INDIA.",0,2,1600411377.0,VikasDeChoko,False,positive,positive,positive,positive
g5okm3w,"Ay as long as Indian kids ain't shooting up schools, I'm fine with bad manners.

There's levels to this thing you know.",0,2,1600414602.0,zaftonn,False,negative,negative,neutral,negative
g5oc8il,"Every Indian parent - ""First you finish with engineering, then you can decide what to do with your life.""",38,2,1600407048.0,mymyreally,False,neutral,neutral,neutral,neutral
g5o8sc7,"Yup im pakistani only child, engineering or medicine for me",29,2,1600404423.0,Alienmade,False,neutral,neutral,positive,neutral
g5o8wgp,if u don't understand this i will give u  an example i am a 14 year old (i turned 14 lastt week) who is being forced to study the books that are hard to understand even if its read by a 17 year old,16,2,1600404507.0,M1a2yank,False,negative,negative,neutral,negative
g5okuhy,Our mentality is absolute garbage. People who don't want to be an engineer are forced to do engineering and those who really want to be one have to fight the terrible competition. It's so difficult to really get the profession you want.,7,2,1600414846.0,840ak,False,negative,negative,negative,negative
g5o7uc3,Cheers to that mate ;(,3,2,1600403740.0,Artistic_Living_3665,False,negative,negative,positive,negative
g5o8ajv,What would you rather study? Just curious.,1,2,1600404064.0,digiden,False,neutral,neutral,neutral,neutral
g5p1did,"Don't generalize everything into engineering. There are bunch of Indians doing amazing stuff in youtube from chess (chessbase india), (neuroscience (siddharth warrier), music production, writing, food, cooking.. in almost every category you can think of.",1,2,1600431767.0,tumseNaHoPayega,False,positive,positive,positive,positive
g5pc9k9,"Boy, am I glad my parents didn’t force either on me. Though I’m positive mom is still pissed at the fact I decided to opt for Commerce with Math rather than take PCBM like she wanted me to. And I completed my 12th last April. It’s been over an year woman, move on! Why do I know she is still upset? Her words after my results : “you could have scored more if you took medicine.” I got 97%....",0,2,1600438491.0,,False,negative,neutral,neutral,neutral
g5og536,Jee.   I messed it up.  :-(,4,2,1600410322.0,iamthequietkidd,False,negative,negative,neutral,negative
g5p17sn,And hence doing nothing productive in the end.,3,2,1600431650.0,obsoletelearner,False,negative,negative,negative,negative
g5oufq8,I know I know... I'm from around here,15,2,1600425723.0,VivDso69,False,neutral,neutral,neutral,neutral
g5o34gx,"It's awesome and hilarious that you use the word ""doubt"" like Indians do. Rock on!",127,2,1600400596.0,Jibaku,False,positive,positive,positive,positive
g5o5sfi,"YouTube tutorial, ""How to answer in the right comment"" in coming! /s",22,2,1600402309.0,katanabunny,False,neutral,neutral,neutral,neutral
g5ouwqe,"There's a reason India is having a very successful rocket launches developed exclusively inside it's own country. 

If you think about it, even USA had to recruit the best engineers and scientists from Europe to be able to successfully launch missiles to space.",3,2,1600426215.0,poopcasso,False,positive,positive,positive,positive
g5obfhp,They even help us indians bro,36,2,1600406416.0,Algok2001,False,neutral,neutral,neutral,neutral
g5ockw4,The secret behind my 4+ gpa,15,2,1600407320.0,devil1298,False,neutral,neutral,neutral,neutral
g5oxknd,The secret behind me getting through 12th grade lol,1,2,1600428750.0,mekhhhzz,False,positive,neutral,neutral,neutral
g5pdpms,hi Salazar Slytherin uncle,3,2,1600439274.0,No_Management5486,False,neutral,neutral,neutral,neutral
g7a8lb5,"You heard both correctly, yes",2,2,1601559591.0,morelike_amazin,False,positive,positive,neutral,positive
g5osqbp,Neso academy saved my 4th sem of B.tech entirely.,19,2,1600423815.0,geralt_of_india,False,positive,positive,negative,positive
g5ojjlc,bruh fr that channel saved my Electrical Science course in College,11,2,1600413495.0,hiroshiSama,False,positive,positive,negative,positive
g5ozqt3,Neso helped in logic design so much,7,2,1600430540.0,stfuandkissmyturtle,False,positive,positive,positive,positive
g5q69m4,Let me search how to open windows on Youtube,1,2,1600452827.0,,False,neutral,neutral,neutral,neutral
g5ocy9p,"As an american who has had both, cooked by the people from said country, I have to say you two need to get together and holyshit I love food.",19,2,1600407623.0,DarkwingDuckHunt,False,positive,positive,positive,positive
g5o2e93,It's rad! You should definitely try it out.,35,2,1600400151.0,VoldyPoldy,False,positive,positive,neutral,positive
g5p42ew,You have to try it out. But there's loads of Brazilian steakhouses that are not authentic you have to steer clear of those.,1,2,1600433649.0,_ecthelion_95,False,negative,negative,neutral,negative
g5o7j3c,"Yea lol. ""Brazil"" song was literally famous in India during like 2000-08, idk properly.",29,2,1600403519.0,Ashes2980,False,neutral,neutral,positive,neutral
g5oav2o,[Brazil la la la la la](https://www.youtube.com/watch?v=VbXNmIvWa1c),11,2,1600405978.0,abtam11,False,neutral,neutral,neutral,neutral
g5q3xca,"this is my favorite Brazilian song.
https://youtu.be/dc0Z02wqHPc

btw, I have only one Brazilian song on the list. looking for recommendations...",2,2,1600451644.0,sagarhe101,False,positive,positive,positive,positive
g5ob0xt,"Listen to bossa nova. Here’s an example. [Bossa Nova](https://youtu.be/FB1Ma4-fLhI).

You will not regret it.",1,2,1600406103.0,VoldyPoldy,False,positive,positive,positive,positive
g5ogd6x,Yeah. They lost 7-1 to germany.   :-),0,2,1600410518.0,iamthequietkidd,False,neutral,neutral,neutral,neutral
g5o9aww,"Pan de Queso is lit (cheese bread), and plantains too
If you're not vegetarian, then my God the steaks are amazing",6,2,1600404801.0,dep9651,False,positive,positive,positive,positive
g5o9jsc,"Mate, check out Brazilian steakhouses near you. Shit is delish.",3,2,1600404984.0,Mumbaibrat,False,positive,positive,negative,positive
g5of07f,"Feijoada is the most popular brazilian stew, but there are others like moqueca (made with fish). Also, Brazil being huge there is a lot of variety, in the north (Amazon) , fish is the king, in the south barbecue rules (churrasco). Between that, every thing goes, like coxinha, pão de queijo, bolovo...",1,2,1600409330.0,Cascudo,False,positive,neutral,neutral,neutral
g5oh4oi,Tbh feijoada is a very widely consumed dish here in Goa especially among the Catholics,1,2,1600411198.0,CoroIsMyDaddy,False,neutral,neutral,neutral,neutral
g5p1xmk,lol this guy is calling indians as termites on other sub,1,2,1600432171.0,moooooovit,False,negative,negative,negative,negative
g5p4gfm,It's the meat mostly the rice they cook the Feijoada is still my favorite tbh.,1,2,1600433901.0,_ecthelion_95,False,positive,positive,positive,positive
g5p4ddd,The BBQ meat and the rice they cook is the best.,1,2,1600433847.0,_ecthelion_95,False,positive,positive,positive,positive
g5o3a6q,[deleted],48,2,1600400691.0,,False,neutral,neutral,negative,neutral
g5o6116,"If this same thing was posted by someone who isn't an Indian, would have gotten upvotes.

I will ride the down vote train now, thank you.",4,2,1600402474.0,katanabunny,False,negative,neutral,positive,neutral
g5o79k0,Go to Horny Jail,2,2,1600403333.0,STARLORD_1401,False,negative,negative,negative,negative
g5o528o,I want to but  I can't give you an award. Take this instead 🏅,71,2,1600401821.0,dmishra333,False,negative,neutral,negative,negative
g5o6f0j,Take mine too🏅,23,2,1600402741.0,,False,neutral,neutral,neutral,neutral
g5o88f8,mine as well 🏅,15,2,1600404021.0,shobhit2002,False,positive,neutral,neutral,neutral
g5o6wuz,Take the gold medal. 🏅,14,2,1600403083.0,kratos_2909,False,positive,positive,positive,positive
g5o3g9f,Here's your gold🏅,19,2,1600400792.0,abhi1002,False,positive,neutral,neutral,neutral
g5pd0l7,Take mine too 🍆,6,2,1600438900.0,Y-Bakshi,False,neutral,neutral,neutral,neutral
g5pu61z,[deleted],2,2,1600447141.0,,1625097040.0,neutral,neutral,negative,neutral
g5o6nap,Just Not only of government and media 🤣,12,2,1600402900.0,shlokd99,False,neutral,neutral,neutral,neutral
g5o6e0o,Was waiting for this comment 😂,10,2,1600402724.0,,False,neutral,neutral,neutral,neutral
g5ock0z,Best suggestion so far,2,2,1600407302.0,csoldier777,False,positive,positive,positive,positive
g5occ2u,"Well, i tried once but without saying sub to channel. The deal is, you can post a vid after posting 10 comments here and there..",1,2,1600407125.0,csoldier777,False,neutral,neutral,neutral,neutral
g5oyy7e,As an Indian I think an Indian needs to make a video to prove this theory,3,2,1600429910.0,pasttimer234,False,neutral,neutral,neutral,neutral
g5pbhx7,"The ""kota ki kahavat"" (a saying which is popular in kota, a district in India) 😂",2,2,1600438068.0,Same-Cartographer488,False,neutral,neutral,neutral,neutral
g7rtz47,"My social studies teacher said the same thing before our 10th boards.
Yeah my class loved arguing about the flaws of India while she tried to defend it.
One time, it was the chapter where you learn about myths flaws, and that teacher went on such a rant, she scared the living daylights out of our 25 student class.
We stopped arguing as hard that day.",1,2,1601892856.0,childofthemultiverse,False,negative,neutral,negative,negative
g5o8j55,"We are in for real trouble now, aren't we?",7,2,1600404236.0,sumanthkulkarni,False,negative,negative,negative,negative
g5o80dr,"As an indian,
Hi",5,2,1600403862.0,randomuser420_69,False,neutral,neutral,neutral,neutral
g5o9gkw,"As a fellow indian , I will make a YouTube on how you are glad and approved this 😂",3,2,1600404917.0,Sundaram_Srivastava,False,positive,neutral,positive,positive
g5oa0y0,"If an overseas company wants starting-level engineers at an affordable salary package, we got them by the truckloads.",22,2,1600405344.0,MihirX27,False,neutral,positive,positive,positive
g5oe0mz,"True. Entirely true.

It’s kinda cringe, if you ask me.",8,2,1600408503.0,Y-Bakshi,False,negative,negative,negative,negative
g5so6il,check reply on my profile as nice to his comment,2,2,1600503221.0,moooooovit,False,positive,positive,positive,positive
g6orb0s,"He wrote in Portuguese, but the translation according to Google Translate is:

""Hahaha just today I made a post on r / india just to thank those termites that have saved me so much in engineering college. If there's a country that deserves to be a superpower, it's them. """,1,2,1601131320.0,SpectaSilver991,False,positive,positive,positive,positive
g5ok8kf,Bingo,2,2,1600414202.0,Jay4vaghela,False,neutral,positive,neutral,neutral
g636xu9,And 21 views,1,2,1600686479.0,peeing_yash,False,neutral,neutral,neutral,neutral
g5ooogq,Thanks mate!!,1,2,1600419124.0,kyool_,False,positive,positive,positive,positive
g5r01dw,I'm just busting their balls.,1,2,1600466948.0,HereLiesDickBoy,False,negative,neutral,negative,negative
g5oj4qi,Thanks!,2,2,1600413091.0,Mitchdotcom,False,positive,positive,positive,positive
g5oaihg,Bhai maine nai padha aapka comment,0,2,1600405711.0,humbleflam3,False,neutral,neutral,negative,neutral
g5oa7vr,Better than being an Aryan supermacist.,-9,2,1600405487.0,supermatt234,False,negative,neutral,neutral,neutral
g5o8ec5,Damn ur the pickup line guy. Thanks a bunch those have been really helpful lol,80,3,1600404140.0,ravoili_ravioli,False,positive,positive,positive,positive
g5obgqh,Instructions unclear. Post video tutorial please.,20,3,1600406443.0,,False,negative,neutral,neutral,neutral
g5o8for,"In Indian so, (puts hands together and bows head down)
Dhanyawad mera dost xD",12,3,1600404167.0,skiti_kakaka,False,neutral,neutral,neutral,neutral
g5ojxbx,Satshriakal,5,3,1600413882.0,i_will_be_king_3000,False,neutral,neutral,negative,neutral
g5o70h8,They weren't serious lmaooo,19,3,1600403154.0,Kushagra_Sharma_2609,False,negative,negative,negative,negative
g5o92zt,"Namaste, and Dhanyavad are Hindi words. 41.1% people in India knows Hindi. So, there is a 58.9% chance that you will be greeting them with wrong language if you use those two words.",22,3,1600404638.0,quicktry,False,neutral,negative,neutral,neutral
g6jhc6v,But dhayawad or Shukriya is not 'Indian' .. it's just Hindi.,2,3,1601046236.0,JayB_chennai,False,neutral,negative,neutral,neutral
g5onrvr,You do all of the above & say Dhanyawad or Shukriya  to say  Thank you,1,3,1600418085.0,Mukund_A,False,positive,positive,positive,positive
g5p7t3r,"Even better, just youtube it. Complete the circle",1,3,1600435981.0,savanrajput,False,positive,positive,positive,positive
g5raxac,"
🙏

Dhanyawad",1,3,1600472807.0,B0ssc0,False,positive,neutral,neutral,neutral
g6ulfqx,नाम रोशन कर दिया छोकरे ने भारत को,1,3,1601215545.0,MayankBabaji,False,neutral,neutral,neutral,neutral
g6yd4kj,samee namee,1,3,1601303293.0,Suyashhhhh,False,neutral,neutral,neutral,neutral
g8sp9ff,"Why would u greet someone saying dhanyawad what, I’m so confused",1,3,1602684470.0,Rryt_Nobody000,False,negative,negative,negative,negative
g9082sr,Re chora macha raha,1,3,1602859188.0,Internal-Driver9187,False,neutral,neutral,negative,neutral
g967q56,"Or ""Nandri""!  Or in the 28 other languages you feel comfortable!",1,3,1602988911.0,thatindianguy1992,False,neutral,neutral,positive,neutral
g981ghw,Hmm wouldn't work if he meets indian from other parts of india.they have no idea about hindi. English greeting might be enough.just say hello.,1,3,1603030671.0,ginko134,False,negative,negative,neutral,negative
g5o9rop,"Speaking those words is useless, because most people who don't speak or know Hindi, hate it because of the imposition and would rather prefer English. So it's useless to speak, especially in this sub where only 10-15% people know Hindi.

Also most people of this sub don't know meaning of Hindi etiquette words like 'Dhanyavaad', 'Sukriya', 'Namaste' etc. English 'Thanks' is the inly way.",-2,3,1600405150.0,Narayan_22,False,negative,negative,negative,negative
g5o70th,Lol are you brain damaged ?,-6,3,1600403160.0,BOOTY-SMASHER,False,negative,negative,negative,negative
g5o83u1,"Yes. Atleast learn our greetings.

Least you guys could do.",0,3,1600403929.0,hakuna22matata,False,neutral,negative,positive,neutral
g5ojhjo,Greetings is you do all of the above & say Namaste (North India)  or Namaskar (Central India) or Namaskaram (South India). 1st one works the best all over the country :-),0,3,1600413438.0,Mukund_A,False,positive,positive,positive,positive
g5o6sgv,are you dumb ? just use this emoji ( 🙏🙏🙏 ) 😂,-23,3,1600402998.0,PETWAL8899,False,negative,negative,neutral,negative
g5oexeh,0_0,4,3,1600409265.0,bonhaiver,False,neutral,neutral,neutral,neutral
g5omu7u,">>Every Indian parent - ""First you finish with engineering, then you can decide what to do with your life.""
>
>Every Indian parent - ""First you finish with engineering, then we'll decide what to do with your life.""",24,3,1600417024.0,kfpswf,False,neutral,neutral,neutral,neutral
g6uzkxn,"That day never comes bruh, never ever comes. Don't even hope for it 😂",1,3,1601223566.0,throwrajk,False,negative,negative,negative,negative
g5omr0r,"Divided by borders, united by the same desi parental pressure.",57,3,1600416926.0,kfpswf,False,neutral,neutral,neutral,neutral
g6fcoq5,Oh nooo! Sad to know the weight of expectations remains the same across the border as well 😅,2,3,1600956770.0,sonjavad123,False,negative,negative,negative,negative
g5ob29a,"If you are talking about Irodov, I don't fucking understand is even at 35 , but I had to solve the problems anyway for preps ....",20,3,1600406131.0,RevolutionRose,False,negative,negative,neutral,negative
g5oal7b,It is actually opposite for me i like studying  but my parents forces me to go out and play,10,3,1600405769.0,ChiragVarshney,False,neutral,negative,neutral,neutral
g5oajtl,"Dude. I have the exact same life as you, only difference I'm 15",8,3,1600405740.0,,False,neutral,neutral,neutral,neutral
g5o9019,indian parents literally push anything into their limits,6,3,1600404578.0,M1a2yank,False,negative,negative,negative,negative
g5o8stl,"Actually, I really wanted to study art or music. But I would have to fight with my parents and even if I did, there are not a lot of opportunities here. So I would have to go out of this country (which I'd like to) but I dont know if my parents could afford it",5,3,1600404433.0,_blurr_99,False,negative,negative,negative,negative
g5p2q77,~~Multitask~~,1,3,1600432740.0,AnonyUwuswame,False,neutral,neutral,positive,neutral
g5ova0t,"I'm not, care to explain?",8,3,1600426596.0,Loaatao,False,negative,neutral,negative,negative
g5o3ypn,"/uj Yeah, it's awesome. Stuff like that usually happens when you spend time around people who speak like that. 

/rj One of us! One of us!",49,3,1600401107.0,dudeimconfused,False,positive,positive,positive,positive
g5o5uzg,"TIL rest of the world doesn't use ""doubt"" as a noun.",69,3,1600402357.0,GilgameshJr,False,negative,neutral,neutral,neutral
g5pz85n,Hahahahaha nice,1,3,1600449406.0,,False,positive,positive,positive,positive
g5oepmc,Out of 4 or 10?,16,3,1600409088.0,yaserafriend,False,neutral,neutral,neutral,neutral
g5sgf6q,hello gryffindor kaka!,4,3,1600495991.0,thelielmao,False,positive,neutral,negative,neutral
g5oxyye,+1. Their Theory of Computation lectures are amazing. Really helped me.,4,3,1600429085.0,_thekinginthenorth,False,positive,positive,positive,positive
g5oalon,Well I am 14 so most of my food is home cooked so I don't really have a choice but thanks anyway,1,3,1600405779.0,datboi-reddit,False,neutral,neutral,positive,neutral
g5o7s1y,The DJs used to play it in any function/occasion to get the crowd go wild... And yes it did work,19,3,1600403696.0,o7mkar,False,positive,positive,neutral,positive
g7c7jk7,Try this one. https://youtu.be/F5R4zogEyRk,1,3,1601591672.0,Pitaqueiro,False,neutral,neutral,neutral,neutral
g5ogqsq,"Wow thank you for the honest link, I kinda expected a Rick roll there.",3,3,1600410850.0,Nisarg_Jhatakia,False,positive,positive,positive,positive
g5obrp8,[deleted],0,3,1600406679.0,,1600407229.0,neutral,neutral,negative,neutral
g5o9wks,"I assume India won't have many, cuz ""Steak""house lol.",7,3,1600405252.0,MihirX27,False,neutral,neutral,neutral,neutral
g5oh9s6,"Feijoada is a very widely eaten dish in a place in India called Goa where I live.

Makes sense tho since we both were Portuguese colonies. Is beef tongue also big in Brasil?",1,3,1600411330.0,CoroIsMyDaddy,False,neutral,neutral,positive,neutral
g5o3yr4,It was a meme reviewed by PewDiePie in probaly 2016...,-24,3,1600401108.0,Titan-JOck,False,neutral,neutral,positive,neutral
g5obsl2,"Can't afford the gold,so politics and economics.",24,3,1600406698.0,lazybitchylass,False,negative,negative,negative,negative
gals8pe,r/unexpected,2,3,1604069504.0,Andromeda_004,False,neutral,neutral,positive,neutral
g5pwu79,"Interesting, but why?",1,3,1600448328.0,tourist_fake,False,neutral,neutral,neutral,neutral
g5ocib9,Yeah ig,1,3,1600407263.0,randomuser420_69,False,neutral,neutral,neutral,neutral
g5o8qv4,Always have been,8,3,1600404393.0,ashesofturquoise,False,neutral,neutral,positive,neutral
g5o8prz,We are hahahahahahhaha (laugh nervously ),3,3,1600404371.0,Nowa_moee,False,positive,positive,neutral,positive
g5o8u5z,"As an Indian, nice pic dear",8,3,1600404461.0,vishakhaisweird,False,positive,positive,positive,positive
g5o9oui,And I will make a video to Thank you for that 😂,3,3,1600405090.0,hakuna22matata,False,positive,positive,positive,positive
g5orl0o,Literal truckloads if AIB are to be believed,8,3,1600422519.0,penguin_chacha,False,neutral,neutral,negative,neutral
g5soio9,"Alright, maybe it's meant to be endearing because we are many in number? I don't think it was meant to be offensive. Termites are dangerous, so I get it, I mean, maybe it is meant to be positive in Brazil. Strength in numbers kind of a deal?",1,3,1600503584.0,junk_mail_haver,False,neutral,neutral,positive,neutral
g6jdlul,"Although it feels like he's making a mockery of us, but there are still chances that what he meant by that could very well be lost in translation. Or maybe not. Would depend on what the original post said I guess.",1,3,1601044294.0,,False,negative,negative,neutral,negative
g6pvf9y,lmao and people here ate this up,1,3,1601150805.0,abstergofkurslf,False,negative,negative,neutral,negative
g5of7t4,Be it either an Aryan Supremacist or a Dravidian Supremacist. Both are signs of mental retardation and inaccomplishment of anything valuable in their lives. Imagine thinking you're superior based on your skin colour.,6,3,1600409511.0,,False,negative,negative,negative,negative
g5o9iz8,Wait what!? Since when did these cringe pickups made me famous *blushes*,48,4,1600404967.0,suyashve,False,negative,neutral,neutral,neutral
g5oj5wd,"> Thanks a bunch

Did you mean *Dhanyawad*?",3,4,1600413121.0,DrDewDrop,False,positive,positive,positive,positive
g5qqy6f,Or you can just emoji! 🙏,2,4,1600462833.0,kasarediff,False,neutral,neutral,neutral,neutral
g6njw7s,[deleted],1,4,1601114049.0,,1617681152.0,neutral,neutral,negative,neutral
g7ad13t,Dhanyavad means thank you in Hindi,1,4,1601561990.0,messedupProgrammer,False,positive,positive,positive,positive
g93sthl,They r Soo cheezy bt they surely work,1,4,1602944720.0,darkhumo_r,False,positive,positive,neutral,positive
g5plf1w,"You mean in Hindi?
Indian is not a language",5,4,1600443192.0,_Narsil_,False,neutral,negative,neutral,neutral
g7dfj8f,ਵਾਹਿਗੁਰੂ ਜੀ ਕਾ ਖਾਲਸਾ ਵਾਹਿਗੁਰੂ ਜੀ ਕੀ ਫ਼ਤਿਹ,2,4,1601617230.0,simrankaurgill,False,neutral,neutral,positive,neutral
g7ae2j1,[deleted],1,4,1601562454.0,,False,neutral,neutral,negative,neutral
g5o72wx,Ik,17,4,1600403202.0,suyashve,False,neutral,neutral,neutral,neutral
g5ochui,"Actually, the greeting words are similar in most Indian languages, like
""namaskaram"" in Malayalam
""Namaskara"" in Kannada.
Sometimes they are way too different,like
""Vanakam"" in Tamil 
But ""namaste"" works just fine in most languages...(just saying)",46,4,1600407252.0,,False,neutral,neutral,positive,neutral
g5o9eg7,Still those 2 words and the gesture is recognised by everyone so it doesn't really matter.,34,4,1600404873.0,suyashve,False,neutral,neutral,positive,neutral
g5pf3y9,"And for most of the 1.21 percent of Indians who live in Delhi, an appropriate greeting would obviously be 'behnc\*\*d'",10,4,1600440016.0,ki_odbhut,False,neutral,neutral,neutral,neutral
g5ofj2r,"One may not, as you say, understand the word but, I am sure each would understand graphic presentation ie. Joining of hands and bowing your head. 🙂 Of course, with a smile and keeping eyes straight.",5,4,1600409787.0,That_SEO_Guy,False,positive,neutral,positive,positive
g5ogiws,"I dont know Hindi. Namaste is pretty obviously everyone knows. I know half of second word because I remember someone saying ""Dhanyan"" to mean blessed one (may be i am wrong).",6,4,1600410659.0,zenmasterhere,False,neutral,neutral,positive,neutral
g5p49tb,"Even if a Japanese greets you (in Japanese), you will realise that he is greeting you.",7,4,1600433784.0,Akshyun,False,neutral,neutral,positive,neutral
g5o9znr,Literally everyone in India knows Namaste and Dhanyavad.,19,4,1600405315.0,altair222,False,neutral,neutral,neutral,neutral
g5ongfs,"Most Indian languages are SUPER similar so, don't worry m8
Ps. I'm Indian too",1,4,1600417725.0,,False,positive,neutral,positive,positive
g5ooh4z,"According to 2011 census 40% have Hindi in there mother toungue or as first language. 
So it is estimated that more than 61% knows and 58% can speak Hindi.",1,4,1600418887.0,Terrible-Source,False,neutral,neutral,neutral,neutral
g8spccr,Tru,1,4,1602684517.0,Rryt_Nobody000,False,neutral,neutral,positive,neutral
g5oeg1a,"Not exactly, Telugu word is Dhanyavadam and Kannada word is Dhanyavadagudulu (or something close). Only Kerala and TN have a different word.",1,4,1600408864.0,platinumgus18,False,neutral,neutral,neutral,neutral
g5oc6mk,"If you use any other Indian language, then the chance of using wrong greeting will be much much more than 58.9% !!!

I know a lot of folks will suggest using English greeting instead. How ironic would that be! A country that has so many rich and diverse languages needs a ""foreign"" language to be acceptable to all !!!",0,4,1600407006.0,zxasdfx,False,negative,neutral,negative,negative
g5odano,Namaste (namaskar) is a sanskrit word and same is dhanyawaad (ig)? Most of the languages in India use sanskrit words so ig most people in india know both of these,-1,4,1600407906.0,dmishra333,False,neutral,neutral,neutral,neutral
g5oduyt,But the thing is some languages here are similar to hindi and as hindi is our main language as most languages here are derived from devagiri(whatever that is) script. Most of us atleast know how to speak in it. So basically what I meant is everybody understands our gestures no matter what language they speak,-2,4,1600408371.0,ssjssdoraemon,False,neutral,neutral,neutral,neutral
g5obdjw,"As per the 2011 census, 43.63 percent of Indians speak Hindi as their mother tongue.Bengali, with 8.03 percent speakers, is second in the list, followed by Marathi at 3rd with 6.86 percent speakers, Telugu at 4th with 6.7 percent speakers. In all these languages the word for thank you is Dhanyawad/dhaunyabad/dhanyawadalu, and for greetings, the word is Namaste/namaskar/nomoshkar/namaskaramu. And I think that's enough to say that a good chunk of Indian population will understand these two words.",13,4,1600406372.0,Garuda1999,False,neutral,positive,positive,positive
g5ogj4u,You are right. The Hindi imposition drives people crazy and is actually hurting Hindi.,2,4,1600410664.0,quicktry,False,negative,negative,negative,negative
g5o73a0,Idk maybe,2,4,1600403208.0,suyashve,False,neutral,neutral,neutral,neutral
g5ocig3,No one is obligated to learn anyone's greetings!,3,4,1600407266.0,zxasdfx,False,neutral,negative,neutral,neutral
g5o74vq,Emojis aren't used in reddit,8,4,1600403240.0,dipanshu6,False,neutral,neutral,neutral,neutral
g5o7528,"Are you dumb, we don't use emojis in here.",5,4,1600403244.0,Ox_turner,False,negative,negative,negative,negative
g5o7xrg,That emoji was originally a high-five but indians use it as joined hands ;-;,1,4,1600403810.0,MuhsecalMan,False,neutral,neutral,neutral,neutral
g5o6yrv,[deleted],0,4,1600403121.0,,False,neutral,neutral,negative,neutral
g5ogh1u,I known it's quite crazy but that is how you greet and show respect to people >X],1,4,1600410613.0,Soniya-DX_649,False,neutral,positive,positive,positive
g5pcbri,Next step is marriage bro.,9,4,1600438524.0,,False,neutral,neutral,positive,neutral
g7b2bdw,And suppression of Minorities...,3,4,1601573101.0,sassybuds,False,negative,negative,negative,negative
g5onfj6,"f off, lol",9,4,1600417696.0,SuggehSai,False,neutral,negative,neutral,neutral
g5p3f01,[deleted],1,4,1600433213.0,,False,neutral,neutral,negative,neutral
g5panoj,I can relate!,1,4,1600437601.0,,False,positive,positive,positive,positive
g5ofoil,"Same, I was on a homework help discord server and saw 17-18 years olds posting questions that I'm doing rn (im15).
It was quite bizzare",6,4,1600409916.0,,False,negative,neutral,negative,negative
g5ommxh,"Bhai. Art or music padhke khaoge kya? Ghar ka rent bharne mein whaat lag jayegi. Saksham bano. Learn 3-4 skills. So that after an early onset of midlife crisis, you can do stuff that you like. 

Note: I quit my corporate job after 5 years, trained myself and now I write full time. I make a decent living too, so ny parents don't antagonize me anymore. 

P.S: Never stop learning.",-1,4,1600416798.0,domraja5,False,neutral,positive,neutral,neutral
g5owrff,Ohh you wanna know how things work in india?.. ohh basically about 60% is still arranged marriage.,44,4,1600428036.0,VivDso69,False,negative,neutral,neutral,neutral
g5o6pbt,"They do. It's just that they use it to mean ""uncertainty"", like ""I'm not sure about what you said"", not ""I don't understand what you said"".

In other words, ""I have a doubt about what you said"" is the same as ""I doubt what you said"".",31,4,1600402939.0,ksharanam,1600438576.0,negative,neutral,negative,negative
g5ozfqf,"ikr, that's so weird",2,4,1600430299.0,sibs_afro,False,negative,negative,negative,negative
g6kmsv9,"I think we use it because it's a relatively new word for someone who doesn't know too much English. 

So it became this fancy word to use when you have a question so that people realise that your question is genuine (because lots of questions people ask are condescending ones, at least in my culture). 

And they saw someone using that word during a serious conversation and they pick up from that and not from the grammar book. It's weird how we pick up words like that",1,4,1601067633.0,Sweet_drills,False,neutral,neutral,neutral,neutral
g5oolmf,"bruh he means out of 5.0  
Conventional use",4,4,1600419030.0,,False,neutral,neutral,neutral,neutral
g5oq25g,Out of 5,1,4,1600420761.0,devil1298,False,neutral,neutral,neutral,neutral
g5os5qr,Yes,1,4,1600423178.0,NedDeadStark,False,positive,positive,neutral,positive
g5ozhh3,Out of 3.99,1,4,1600430338.0,,False,neutral,neutral,neutral,neutral
g5sh0sz,aiyyo GRYFFINDOR KAKA! how ARE you?,2,4,1600496376.0,No_Management5486,False,positive,positive,neutral,positive
g5oat37,I had my first Brazilian dish at 24. You’re good. 😄,3,4,1600405936.0,VoldyPoldy,False,positive,positive,positive,positive
g5otszl,Enjoy 😄,1,4,1600425039.0,VoldyPoldy,False,positive,positive,positive,positive
g5ogysq,PUTA QUE PARIUUU,1,4,1600411051.0,CoroIsMyDaddy,False,neutral,neutral,neutral,neutral
g5oh6aw,Lots in Goa :),4,4,1600411239.0,CoroIsMyDaddy,False,positive,positive,neutral,positive
g5oieng,"I wouldn't say that beef tongue is a big thing in Brazil. There are dishes made with it, but it's not very popular, at least from what I know.

Also I didn't knew about this cousin feijoada stew from Goa. Searching some pictures, looks like its made or served with macaroni noodles, is this right? 

Here, almost every plate has rice in it, especially feijoada.",1,4,1600412386.0,Cascudo,False,neutral,neutral,neutral,neutral
g5o42rw,[deleted],17,4,1600401178.0,,False,neutral,neutral,negative,neutral
g5pxxj5,[deleted],3,4,1600448810.0,,1625096848.0,neutral,neutral,negative,neutral
g5o9jz2,[removed],4,4,1600404988.0,,False,neutral,neutral,negative,neutral
g5pbm8a,Mass recruiter everyone's messiah,2,4,1600438133.0,Same-Cartographer488,False,neutral,neutral,neutral,neutral
g6ordju,"He wrote in Portuguese, but here's the translation

""Hahaha just today I made a post on r / india just to thank those termites that have saved me so much in engineering college. If there's a country that deserves to be a superpower, it's them.""",2,4,1601131357.0,SpectaSilver991,False,positive,positive,positive,positive
g5oj5mt,You missed the joke their.,1,4,1600413114.0,supermatt234,False,negative,neutral,negative,negative
g5oamrq,Yeah dude my girl likes them lol. I see ur posts daily keep at it _pat on back_,31,5,1600405802.0,ravoili_ravioli,False,positive,positive,positive,positive
g5okpdy,Haa bhyi woi dhanyawad shukria all the thanks,3,5,1600414696.0,ravoili_ravioli,False,positive,positive,positive,positive
g6nmsl9,He posts pickup lines everyday i think he's been doing it for 300 days now,1,5,1601115708.0,ravoili_ravioli,False,neutral,neutral,neutral,neutral
g5psuh3,(puts hands together in hindi lmao),6,5,1600446533.0,skiti_kakaka,False,neutral,neutral,neutral,neutral
g7ae7ek,"I know
It is Punjabi
I live in Punjab",1,5,1601562515.0,i_will_be_king_3000,False,neutral,neutral,neutral,neutral
g5of8ww,Yes you are right. Namaste works in most places. But Dhanyavad and Shukriya are from it.,18,5,1600409539.0,quicktry,False,neutral,positive,positive,positive
g7olya9,Wait I thought that Vanakkam was in Malayalam and Namaskaram was in Tamil lmao,1,5,1601821900.0,DonutLord23,False,neutral,neutral,neutral,neutral
g6p0qxw,Really? I’m a Tamil speaking Indian and I know for a fact that most of Tamils I know don’t know those 2 words. Stop fracking imposing your stupid Hindi on every Indian bro!,1,5,1601136167.0,sonicmissile,False,negative,negative,negative,negative
g5pfflw,true that. There are two versions of Hindi. The one we speak to teachers and elders are highly respectful. The one we speak to friends are way too far from being respectful and is full of $&)@. 😄,1,5,1600440184.0,quicktry,False,neutral,neutral,positive,neutral
g6psnst,"Hey that's rude....we sometimes roll with ""bho***ike""",1,5,1601149884.0,CommanderRobotGoose,False,negative,negative,negative,negative
g8spdzu,Ofc ofc,1,5,1602684544.0,Rryt_Nobody000,False,neutral,neutral,neutral,neutral
g5ofsjx,Oh yes. This is true. That gesture was used by Air India as well.,1,5,1600410015.0,quicktry,False,positive,positive,neutral,positive
g5ogs4p,Dhanya/dhanyan is blessed and Daniya is coriander. So you need to be careful there 😁,10,5,1600410885.0,quicktry,False,positive,neutral,positive,positive
g5obdj9,Maybe namaste yes but 90% of chennai doesn't know Dhanyavad,15,5,1600406372.0,Parsnip-Mammoth,False,neutral,neutral,neutral,neutral
gq6vuyv,"travel more in India then lol if you really think this...Many places are not familiar with those terms
edit: also just to add 

>Sure, but the majority do.

Majority of Indians are monolingual (hundreds of millions of Indians only speak their village languages of Hindi or Bengali) does this mean ""Literally everyone in India is monolingual""? Just saying your wording is off",1,5,1615191217.0,prakitmasala,1615660205.0,neutral,neutral,neutral,neutral
g6ycz14,"That is completely not true that is false perception. North end has sanskrit polarity and southern states tamil polarity and everything in between is gradient of two completely different language family. In my opinion hindi words of welcome might work  in North India and Hello or Hi would be fine in South India because literacy rate in southern states are higher compared to Northern counterpart.So their proficiency in English would be greater. I assume most people in India when pickup a phone call they would utter hello. So that would be a reasonable word to greet in India. But if a person specifically want greet in Indian language, there are many Indian languages and it is hard to memorize all of them. India has many official language but no national language. It is a country but it is also a subcontinent.",2,5,1601303209.0,ginko134,False,neutral,neutral,neutral,neutral
g5ofi3o,">Dhanyavadagudulu

Legit read this as gulugulugulu 

Anyway, it is Dhanyavaad in Kannada as well, the plural form is Dhanyavaadagalu.",1,5,1600409763.0,Ohsnapitsnotme,False,neutral,neutral,neutral,neutral
g5od5a4,English is the cost you pay if you wanna be a union of states for economic and military benefits.,6,5,1600407784.0,,False,neutral,neutral,negative,neutral
g5of0rt,"With all due respect, Hindi is not India's main language my friend. Nothing against Hindi by the way. It's a beautiful language. At the same time, I want to recognize and embrace the diversity and unity.",6,5,1600409344.0,quicktry,1600409679.0,positive,positive,positive,positive
g5ocncg,"Not obligation, just being nice and friendly. It takes  days to make an hour long tutorials, takes 5 mins to learn a new greeting 😁",0,5,1600407373.0,hakuna22matata,False,neutral,positive,neutral,neutral
g5o7fa9,This whole thread was CRINGE,-3,5,1600403445.0,sandshetty,False,negative,negative,negative,negative
g5o78hv,"i know the rules bruh ... but. "" in case of emergency press the emoji button"" XDXD",-7,5,1600403312.0,PETWAL8899,False,neutral,neutral,neutral,neutral
g5oaljh,"Well Android calls it a high five emoji while iOS calls it ""prayer hands"" emoji so depends which side you're on",1,5,1600405776.0,Minato_the_legend,False,neutral,neutral,neutral,neutral
g5o73f7,its ok bro no problem  : ),0,5,1600403211.0,PETWAL8899,False,positive,positive,positive,positive
g5onone,"I am not lying i weight like 40 kg and my parents think i will become more healthy if i go and some exercise 
Although i like gaming too and i am introveted and my parents are extroverted so that is a reason as well",5,5,1600417982.0,ChiragVarshney,False,neutral,neutral,neutral,neutral
g5p3ngc,I am fricking serious i am 17 and my weight  it 38,2,5,1600433371.0,ChiragVarshney,False,neutral,neutral,positive,neutral
g5on4b5,Thats the fuckin problem ki rent bharne mei whaat lag jayegi. There are no god damn opportunities here.,2,5,1600417344.0,_blurr_99,False,negative,negative,negative,negative
g5ozjv3,I love how that's enough of an explanation LOL,32,5,1600430388.0,sibs_afro,False,positive,positive,positive,positive
g5pqwq5,Haha 60% is too low a number dude.,22,5,1600445709.0,,False,negative,neutral,negative,negative
g5pqnrm,"No way, surely more than that.",7,5,1600445598.0,howinthebruh,False,neutral,negative,negative,negative
g5od44x,What's the recommended way to ask these questions then?,10,5,1600407758.0,chu-let,False,neutral,neutral,neutral,neutral
g5orgvz,Let's hope,7,5,1600422390.0,penguin_chacha,False,positive,positive,positive,positive
g5ob7w8,[deleted],14,5,1600406250.0,,False,neutral,neutral,negative,neutral
g5ol3rx,"We use red kidney beans and our local Goan choriço (never beef for feijoada, only pork)

Checked out some pics of Brazilian feijoada and it looks way different. But yeah we always eat it along with rice",1,5,1600415123.0,CoroIsMyDaddy,False,neutral,neutral,neutral,neutral
g5o45yh,Yes I am a pewdiepie fan so Ik lmao,-30,5,1600401235.0,Titan-JOck,False,positive,positive,positive,positive
g5qoyug,Thanks for breaking it down for me. Really nice of you.,1,5,1600461944.0,tourist_fake,False,positive,negative,positive,positive
g5p95as,As an Indian I assume u r an Engineer too bro,3,5,1600436754.0,DaRKTHoR000999,False,neutral,neutral,neutral,neutral
g5oki18,"In retrospect, I think I did. Unironically can you explain the joke?",2,5,1600414485.0,,False,neutral,neutral,neutral,neutral
g5od0bc,I wish I could say the same lol but thanks xD,30,6,1600407670.0,suyashve,False,positive,positive,positive,positive
g980ave,Bsdiwalo yaahan mahan ban rhe ho?,1,6,1603029983.0,,False,neutral,neutral,negative,neutral
g7aeoel,I am from Maharashtra and i messed up badly... Lol,2,6,1601562727.0,Curious_Guarantee_51,False,negative,negative,negative,negative
gduap7n,"Dude, I am a malayali.. you've got it wrong.",1,6,1606543031.0,,False,negative,negative,negative,negative
g76f6m5,[removed],1,6,1601478787.0,,False,neutral,neutral,negative,neutral
g5ogz7q,Thank you for your love. I know Daniya is a Tamil word.,1,6,1600411061.0,zenmasterhere,False,positive,positive,positive,positive
g5oc9jb,Not knowing Dhanyavad was major plot twist in a Tamil movie. I do not recall its name. It takes place in Russia. So initially the protagonist thinks it is russian :). So I believe your comment is completely factual :),16,6,1600407070.0,telecontor,False,neutral,positive,neutral,neutral
g5osujo,Agree with you,1,6,1600423949.0,Harish7778,False,neutral,positive,positive,positive
gq6y5g8,"Sure, but the majority do. If not, there are variations of namaste in itself. I'm not saying that it's the only greeting, far from it, but people know of it.",1,6,1615193442.0,altair222,False,neutral,neutral,neutral,neutral
g5swfnv,"Thank you for reiterating my view. It's unfortunate that we need to use a ""foreign"" language to achieve ""a union of states for economic and military benefits"".",1,6,1600512449.0,zxasdfx,False,negative,neutral,neutral,neutral
g5ofexa,We have many languages as national or official languages but as our capital speaks mostly hindi so some believe it's our national languages. For official work the government uses English. Basically my point is everybody knows what namaste means I am just bad at explaining LOL,2,6,1600409685.0,ssjssdoraemon,False,neutral,neutral,negative,neutral
g5od3p1,"> least you guys could do

Doesn't sound like nice and friendly",1,6,1600407747.0,zxasdfx,False,negative,negative,neutral,negative
g5o7m2u,Oof,0,6,1600403576.0,dipanshu6,False,neutral,neutral,positive,neutral
g5pfwa5,"ah i feel you bruh, being an intro and having extroverted parents >_<",3,6,1600440424.0,,False,neutral,negative,neutral,neutral
g5yjikd,"40 kg, lol i have 40 kg to lose damn. you must be a school kid or something. if youre 5'8"" you should be atleast 60-65 kgs.  you can gain weight easily, just eat protein rich foods (milk, eggs, chicken, soya chunks) that you like. for anyone to gain or lose weight  protein is must. people who lose weight reduce their carb intake but you should increase your carbs ex rice, rotis etc. since your young, im sure your parents will allow you to play any sport. its better to start early than regret later in life. youll thank me later.",1,6,1600597262.0,SuggehSai,False,neutral,neutral,positive,neutral
g5p4d2r,[deleted],1,6,1600433842.0,,False,neutral,neutral,negative,neutral
g5quj0m,"Try weight lifting.

It encourages bone thickness, as well as muscle growth.

You don't have to be olympic level to see benefits. A far less intense program with far more modest results is still going to help you be a little bigger.",1,6,1600464459.0,twintailcookies,False,positive,positive,positive,positive
g5opkpk,"Opportunity creator banna padega, ban paoge?
Yahi samasya hai, parents want opportunities not opportunity creators, only if they had a broader mindset..there'd be more creativity, job security and freedom in the society",2,6,1600420186.0,trashfacedfuck,False,neutral,neutral,neutral,neutral
g5prezo,I was just being optimistic. Nevertheless only solidifies the initial point,6,6,1600445932.0,VivDso69,False,neutral,neutral,positive,neutral
g5ojl60,"""I don't understand xyz""

""I have a problem with xyz""",10,6,1600413539.0,DarkStar0129,False,negative,negative,negative,negative
g5poe39,"""I had a question about what you said"".",2,6,1600444609.0,ksharanam,False,neutral,neutral,neutral,neutral
g5obdpm,Ouch. XD,3,6,1600406376.0,VoldyPoldy,False,negative,neutral,negative,negative
g5pl43l,"As an Indian, i have been forced to take science stream in 11th 😭😂",3,6,1600443042.0,vishakhaisweird,False,neutral,neutral,neutral,neutral
g5plaa2,"As an Indian
No bro I am still in school",1,6,1600443127.0,randomuser420_69,False,neutral,neutral,negative,neutral
g5okqof,Aryan supremacy is a theory propagated by the Nazis. The Nazis are considered the most evil people in the world.,5,6,1600414734.0,supermatt234,False,negative,negative,negative,negative
g98bu90,Yes,1,7,1603036267.0,ravoili_ravioli,False,positive,positive,neutral,positive
g7aeqw3,Lol,1,7,1601562759.0,i_will_be_king_3000,False,neutral,positive,neutral,neutral
ge5e9nk,"For now, I'll just say ""Namaste"" everywhere.",1,7,1606746169.0,DonutLord23,False,neutral,neutral,negative,neutral
g79s0xu,Wtf? Just because I don’t need your language we are rude and pathetic? Fuck you and your fucking Hindi asshole. Go fuck yourselves!,1,7,1601546352.0,sonicmissile,False,negative,negative,negative,negative
g5ofm8x,"Shukriya was an interesting part in one Malayalam movie  - Niram. They have a song with that as well. In that, a character thought it's the word for "" I love you""",13,7,1600409863.0,quicktry,False,positive,positive,positive,positive
g5p6v6v,I think we are talking about the movie Dhaam dhoom.,3,7,1600435424.0,Historical_Bat9392,False,neutral,neutral,neutral,neutral
g6jazl5,Let me know if this is the movie you're talking about. https://m.imdb.com/title/tt1388434/,1,7,1601042899.0,prashanthvsdvn,False,neutral,neutral,neutral,neutral
g5swvrl,"I don't know about the unfortunate part since it's fortunate that we chose english over some other language which would be pretty dumb. It's the language of science. So you would have people learn the language irrespective of their own tongue even where there isn't a need for a common tongue. 

For example it would be dumb to choose a language other than English. Example: Indonesia chose malay which is pretty dumb 'cause now they have to learn English, for its economic benefits, together with malay and their mother tongue (which they may stop learning). This could potentially wipe out their local languages in the longer run.",1,7,1600512939.0,,False,neutral,negative,neutral,neutral
g5og9s0,"No worries there, mate. ... and you conveyed your point very well and I totally agree with you. Hindi earns more brownie points in India any point of time. More power to you",1,7,1600410437.0,quicktry,False,positive,positive,positive,positive
g5p7cjo,It is not like i am not trying but my body just don't  want to gain weight me and my sister have same diet but she has more weight then me for no reason and there is only one year difference  in us,2,7,1600435706.0,ChiragVarshney,False,negative,negative,negative,negative
g5pjhq8,To my Indian ears that sounds a little aggressive.,5,7,1600442242.0,alannair,False,negative,negative,positive,negative
g5plb9u,Not forced but same,2,7,1600443141.0,randomuser420_69,False,neutral,neutral,positive,neutral
g5pneuq,Same bruh now years after that i became an engineer and then after some failed attempts for getting govt job I'm now doing the things I love....,1,7,1600444169.0,DaRKTHoR000999,False,positive,positive,positive,positive
g5ol4bu,"Oh, you meant that Aryans. I assumed you were speaking about the North Indians considering themselves superior because they're Aryans as per the Aryan Migration theory.",1,7,1600415140.0,,False,neutral,neutral,neutral,neutral
g5toeeo,"The unfortunate part is the ""foreign"" part. We have so much dissent and pushback for our own languages that we need to use a ""foreign"" language to unify us!!!",1,8,1600528642.0,zxasdfx,False,negative,negative,negative,negative
g5p92na,[deleted],1,8,1600436713.0,,False,neutral,neutral,negative,neutral
g5pno0i,Same.,2,8,1600444286.0,DarkStar0129,False,neutral,neutral,neutral,neutral
g5pohhe,Yeah that's because it *is* aggressive. See my other response for a different example sentence.,1,8,1600444649.0,ksharanam,False,negative,negative,neutral,negative
g5pwwzx,I am not sure if I understood that correctly.,1,8,1600448361.0,shhhhhhhhhh,False,negative,neutral,neutral,neutral
g5p9zpt,I have done it many times it just doesn't  dosen't  work my body just don't  want to gain weight and as for my mental health i am happy and healthy i am fine physically  as well it is just i am not fat enough,2,9,1600437229.0,ChiragVarshney,False,negative,neutral,neutral,neutral
