Comment ID,Comment Text,Comment Score,Comment Depth,Created Timestamp,Author,Edited,Semantic Label,Semantic Label 2,Semantic Label 3,Major_Semantic
g5xe48t,Mr. Amit Shah would like you to have a morning walk.,226,0,1600576192.0,R3A3,False,neutral,neutral,neutral,neutral
g5x8ajj,"I read the GAME NOT OVER message after colliding a couple of times, score didn't reset
MODI HAI TOH MUMKIN HAI!!",894,0,1600574139.0,veg_chilly_chicken,False,neutral,neutral,neutral,neutral
g5xw2n7,"Awesome !!! Shared it in my office Bhakts whatsapp group with this message:

`BJP launches PM Cares Fund Website for details and transparency on the fund -` [`https://pmcares.fund/`](https://pmcares.fund/)",913,0,1600583535.0,kgkaka,False,positive,positive,positive,positive
g5xdaie,"
. ⣤⣶⣶⡶⠦⠴⠶⠶⠶⠶⡶⠶⠦⠶⠶⠶⠶⠶⠶⠶⣄⠀⠀⠀⠀ ⠀⠀⠀⠀⠀⣿⣀⣀⣀⣀⠀⢀⣤⠄⠀⠀⣶⢤⣄⠀⠀⠀⣤⣤⣄⣿⠀⠀⠀⠀ ⠀⠀⠀⠀⠀⠿⣿⣿⣿⣿⡷⠋⠁⠀⠀⠀⠙⠢⠙⠻⣿⡿⠿⠿⠫⠋⠀⠀⠀⠀ ⠀⠀⠀⠀⠀⠀⢀⣤⠞⠉⠀⠀⠀⠀⣴⣶⣄⠀⠀⠀⢀⣕⠦⣀⠀⠀⠀⠀⠀⠀ ⠀⠀⠀⢀⣤⠾⠋⠁⠀⠀⠀⠀⢀⣼⣿⠟⢿⣆⠀⢠⡟⠉⠉⠊⠳⢤⣀⠀⠀⠀ ⠀⣠⡾⠛⠁⠀⠀⠀⠀⠀⢀⣀⣾⣿⠃⠀⡀⠹⣧⣘⠀⠀⠀⠀⠀⠀⠉⠳⢤⡀ ⠀⣿⡀⠀⠀⢠⣶⣶⣿⣿⣿⣿⡿⠁⠀⣼⠃⠀⢹⣿⣿⣿⣶⣶⣤⠀⠀⠀⢰⣷ ⠀⢿⣇⠀⠀⠈⠻⡟⠛⠋⠉⠉⠀⠀⡼⠃⠀⢠⣿⠋⠉⠉⠛⠛⠋⠀⢀⢀⣿⡏ ⠀⠘⣿⡄⠀⠀⠀⠈⠢⡀⠀⠀⠀⡼⠁⠀⢠⣿⠇⠀⠀⡀⠀⠀⠀⠀⡜⣼⡿⠀ ⠀⠀⢻⣷⠀⠀⠀⠀⠀⢸⡄⠀⢰⠃⠀⠀⣾⡟⠀⠀⠸⡇⠀⠀⠀⢰⢧⣿⠃⠀ ⠀⠀⠘⣿⣇⠀⠀⠀⠀⣿⠇⠀⠇⠀⠀⣼⠟⠀⠀⠀⠀⣇⠀⠀⢀⡟⣾⡟⠀⠀ ⠀⠀⠀⢹⣿⡄⠀⠀⠀⣿⠀⣀⣠⠴⠚⠛⠶⣤⣀⠀⠀⢻⠀⢀⡾⣹⣿⠃⠀⠀ ⠀⠀⠀⠀⢿⣷⠀⠀⠀⠙⠊⠁⠀⢠⡆⠀⠀⠀⠉⠛⠓⠋⠀⠸⢣⣿⠏⠀⠀⠀ ⠀⠀⠀⠀⠘⣿⣷⣦⣤⣤⣄⣀⣀⣿⣤⣤⣤⣤⣤⣄⣀⣀⣀⣀⣾⡟⠀⠀⠀⠀ ⠀⠀⠀⠀⠀⢹⣿⣿⣿⣻⣿⣿⣿⣿⣿⣿⣿⣿⣿⣿⣿⣿⣿⣿⣿⠁⠀⠀⠀⠀ ⠀⠀⠀⠀⠀⠀⠛⠛⠛⠛⠛⠛⠛⠛⠛⠛⠛⠛⠛⠛⠛⠛⠛⠛⠃







This is the most amazing thing I've ever seen. I wish I could give you a real one...
I'm poor, dont judge me",1238,0,1600575875.0,dreamer-imfinite,False,neutral,neutral,neutral,neutral
g5xeqr7,It's amazing. I sincerely hope you don't get into any trouble from this.,191,0,1600576434.0,vbh_pratihar,False,positive,positive,positive,positive
g5xcunr,"It's fucking brilliant. 
 I'd watch out if i were u. The IT cell is coming!",386,0,1600575697.0,AXE555,False,positive,positive,positive,positive
g5xgtob,"I have an idea OP. Let the initial score be India's GDP pre-COVID, and start decreasing it as the player progresses",151,0,1600577164.0,encoder_decoder,False,neutral,neutral,neutral,neutral
g5xdwxu,"The final boss has to be Nehru, OP! Also, brilliant stuff!",131,0,1600576110.0,RandomOtaku,False,positive,positive,positive,positive
g5x2cke,running away from everything as he always does.,340,0,1600572000.0,GudBug,False,neutral,negative,neutral,neutral
g5x5yor,"Awesome this one is!!!


Not too sure if anyone noticed this - there is bjp logo on the moon if you keep playing. Nice easter egg OP",195,0,1600573310.0,kay-nyn,1600573825.0,positive,positive,positive,positive
g5x4r3o,Whattay! Total respect! Awesomeness!,223,0,1600572867.0,bliss_tree,False,positive,positive,positive,positive
g5xc6pa,It was nice meeting you op,161,0,1600575447.0,iruny,False,positive,positive,positive,positive
g5xd2ge,"r/madlad 

This is you mate, this is you!",141,0,1600575787.0,the_-photographer,False,positive,positive,neutral,positive
g5xwwfm,Make it opensource we can contribute 😂😂,31,0,1600583982.0,syntaxhacker,False,neutral,positive,neutral,neutral
g5xdg7h,/r/nextfuckinglevel,71,0,1600575933.0,dubeymanish,False,negative,neutral,neutral,neutral
g5xaeu6,"⬇️ jobs ⬇️ economy. All good 😌 
This is brilliance.",70,0,1600574846.0,marrmalayde,False,positive,positive,positive,positive
g5xcysk,The best part is Game not Over. Hope it is not taken down.,40,0,1600575747.0,Andy-Banner,False,positive,positive,positive,positive
g5xdlxu,This is so fucking cool bro. 100% respect.,35,0,1600575993.0,ardensulled,False,positive,positive,positive,positive
g5x5otm,This is hilarious. Love the game not over variations!,69,0,1600573208.0,BeefTeaser,False,positive,positive,positive,positive
g5xd69y,"Man, you just nailed it 😂",30,0,1600575829.0,scikid_re,False,positive,positive,positive,positive
g5x7cxq,क्या माल है यार,66,0,1600573800.0,,False,neutral,neutral,neutral,neutral
g5xuzwl,"OP, this is truly awesome. However, I'd suggest adding some related information on the page.

* [PMO Blocks RTI Requests on PM-CARES Again, Says Responding Will 'Divert Resources’](https://thewire.in/government/pm-cares-fund-rti-blocked-pmo ""PMO Blocks RTI Requests on PM-CARES Again, Says Responding Will 'Divert Resources’"")
* [Ministry of Corporate Affairs' Document Shows PM-CARES Fund Should Fall Under RTI](https://thewire.in/government/pm-cares-fund-rti-public-authority-mca ""Ministry of Corporate Affairs' Document Shows PM-CARES Fund Should Fall Under RTI"")
* [PM CARES Fund: Modi’s office denies RTI request, says will ‘disproportionately divert resources’](https://scroll.in/latest/970602/modis-office-denies-rti-request-on-pm-cares-fund-says-will-disproportionately-divert-resources ""PM CARES Fund: Modi’s office denies RTI request, says will ‘disproportionately divert resources’"")
* [PM CARES fund: Plea to declare PM CARES Fund as a 'public authority' under RTI not maintainable: PMO to HC - The Economic Times](https://economictimes.indiatimes.com/news/politics-and-nation/plea-to-declare-pm-cares-fund-as-a-public-authority-under-rti-not-maintainable-pmo-to-hc/articleshow/76302086.cms ""PM CARES fund: Plea to declare PM CARES Fund as a 'public authority' under RTI not maintainable: PMO to HC - The Economic Times"")
* [Coronavirus | PM CARES is not a public authority under RTI Act: PMO - The Hindu](https://www.thehindu.com/news/national/coronavirus-pm-cares-is-not-a-public-authority-under-rti-act-pmo/article31712146.ece ""Coronavirus | PM CARES is not a public authority under RTI Act: PMO - The Hindu"")
* [PMO denies RTI plea seeking info on PM-CARES - The Hindu](https://www.thehindu.com/news/national/pmo-denies-rti-plea-seeking-info-on-pm-cares/article32369180.ece ""PMO denies RTI plea seeking info on PM-CARES - The Hindu"")",37,0,1600582938.0,rishianand,False,positive,positive,neutral,positive
g5xdmg4,I would have given you gold man for this. It's so awesome. And the messages which you have added is also really good.,14,0,1600575998.0,pratKgp,False,positive,positive,positive,positive
g5xe7kk,"Mad respect bro, hope you don’t die in an “accident” or “suicide”.",14,0,1600576228.0,giratina143,False,neutral,positive,neutral,neutral
g5xv3hu,"Fun fact: You can jump OVER the airborne coronavirii. 

Damn",12,0,1600583015.0,Memey-McMemeFace,False,positive,positive,positive,positive
g5xdbdz,This is amazing!,12,0,1600575885.0,dragonairregaming,False,positive,positive,positive,positive
g5xfi99,Bro hopefully you don't get arrestes for this.,21,0,1600576713.0,indianjedi,False,negative,neutral,positive,neutral
g5xfoom,Hug of death??,21,0,1600576776.0,OptimumWaste,False,negative,neutral,negative,negative
g5xd1um,"Hey make a story line, adding all the current affairs
Like demonization, delhi riots",30,0,1600575780.0,tb33296,False,neutral,neutral,negative,neutral
g5xcg9p,Refrain from going on morning walks from now on.,22,0,1600575537.0,jaibajpai7,False,neutral,neutral,neutral,neutral
g5xdh6t,"Wow, this is so awesome lol.",10,0,1600575944.0,nothinXperson,False,positive,positive,positive,positive
g5xemnq,maxmess for President,10,0,1600576391.0,i_heart_water,False,neutral,neutral,positive,neutral
g5xdw0y,This is totally wholesome \#Respect,10,0,1600576099.0,ni8wing,False,positive,positive,positive,positive
g5xdkdo,In which programming language did you program this. C#?,23,0,1600575977.0,harshamfk,False,neutral,neutral,neutral,neutral
g5xd8n5,Hilariously brilliant,8,0,1600575854.0,meticulous_qualm,False,positive,positive,positive,positive
g5xdxok,I LOVE IT OP,7,0,1600576118.0,jytesh,False,positive,positive,positive,positive
g5xh3j6,"Moody hai toh Mumkin hai. Thanks for portraying our supreme leader’s real life antics to overcome the nation’s challenges! I ducked under corona (making vessel sounds), jumped over some migrant workers (had no data on them, my bad), and kicked law’s butt as Modiji and played till my hand was paralyzed because achche din is here...",6,0,1600577257.0,Profitlocking,False,positive,neutral,neutral,neutral
g5xdfpn,lmao its op,13,0,1600575928.0,soul_xtractorrr,False,neutral,neutral,neutral,neutral
g5x5vqe,"Brilliant stuff , lol.",21,0,1600573280.0,,False,positive,positive,positive,positive
g5xej94,Excellent!! 🤣🤣,6,0,1600576353.0,nonstop-nonsense,False,positive,positive,positive,positive
g5xeqtg,Nice,6,0,1600576435.0,dreamsthatarewritten,False,positive,positive,positive,positive
g5xetwb,"Damnnn this was awesome, respect brother",5,0,1600576466.0,dankdopeshwar,False,positive,positive,positive,positive
g5xexjy,Love you dude,5,0,1600576505.0,Nainstin98,False,positive,positive,positive,positive
g5xa57f,"64,956 is the score to beat. You sure you cannot get sued for this. I think you might. Defamation of our great leader",26,0,1600574757.0,Bored_panda69,False,negative,negative,negative,negative
g5xda80,Holy shit this is amazing. Kudos.,9,0,1600575871.0,atulyatib,False,positive,positive,positive,positive
g5xybr6,u/maxmess this is for you [https://www.reddit.com/r/indiameme/comments/iw8y3e/umaxmess\_this\_is\_dedicated\_to\_you\_the\_sheer/](https://www.reddit.com/r/indiameme/comments/iw8y3e/umaxmess_this_is_dedicated_to_you_the_sheer/),5,0,1600584736.0,parthamurmu,False,positive,neutral,neutral,neutral
g5x45i1,that is so cool,16,0,1600572661.0,susatprani,False,positive,positive,positive,positive
g5x6pe2,"This is so awesome...!
Nicely done:)",14,0,1600573573.0,,False,positive,positive,positive,positive
g5xs2z8,"Soon pmcares.fund will be blocked. Reddit will be blocked. VPN sites will be blocked.

🤮",3,0,1600581461.0,,False,negative,negative,negative,negative
g5xw1n5,Aren't you scared? I really hope you don't get into trouble,3,0,1600583516.0,frankstan33,False,negative,negative,neutral,negative
g5xuk56,"Cool game, collided on purpose with everything just to read those comments. This is comedy GOLD. please add a mango & peacock ,maybe something from the bear Grylls episode??",8,0,1600582628.0,sarcaastik,False,positive,positive,positive,positive
g5xb8zh,"Frigging Genius... The more you play the more you notice
......",10,0,1600575128.0,gouthamp87,False,positive,neutral,positive,positive
g5xdzn4,Lmao. Good work mate,6,0,1600576141.0,Misanthropisht,False,positive,positive,positive,positive
g5xh03u,"r/indiangaming LMAO 

Next level gaming 😂",5,0,1600577223.0,giratina143,False,positive,positive,positive,positive
g5xsssl,Can i vote for u ?,3,0,1600581724.0,Chan_Chan-Man,False,neutral,neutral,neutral,neutral
g5xyioy,"Wow! That's amazing creativity 💯

The lotus sun, supreme court, media, migrant labours, virus and the game-over messages!

A perfect slap to mudiji",3,0,1600584841.0,,1600880441.0,positive,positive,positive,positive
g5y0m2z,"Finally! I dont have to disconnect from the internet to play this authentic game, and now I get to play it with Modi skin! fuck yea",3,0,1600585719.0,lilnav851,False,positive,positive,negative,positive
g5y1zjz,This is so fucking gorgeous I can't even breathe laughing,3,0,1600586181.0,walkingSideToSide,False,positive,positive,positive,positive
g5y4btj,"Best thing on reddit i have ever seen 👏👏👏creative & hilarious 😂😂😂 you sir, are a reddit legend 😎😎😎",3,0,1600587884.0,the_brown_gandalf,False,positive,positive,positive,positive
g5ya2zn,u/maxmess Just curious to know how much traffic your site is getting after posting it here. Some statistics would be great,3,0,1600591427.0,thelazytester,False,neutral,neutral,neutral,neutral
g5yx7ag,"Great Work!
How much did you pay for the Domain ?
Pay for hosting for a couple of years advance. Please watch your back for me. You're too valuable to this country to lose.",3,0,1600604900.0,abe_linc0ln,False,positive,positive,positive,positive
g5zmzcp,"This is absolutely amazing!! The most honest thing created on the internet in ages. Also I really really hope you're safe, bhakts are known to be violent over the tiniest things.",3,0,1600615475.0,applespeaks,False,positive,positive,positive,positive
g5xbd4m,"U sir, are a legend",8,0,1600575165.0,Drayguziz,False,positive,positive,positive,positive
g5x711k,Bruh moment,8,0,1600573685.0,letsnotbedumb,False,neutral,neutral,positive,neutral
g5x9q3b,"This is awesome hope it gets tor/all and maybe some outside Reddit attention!

Edit: post this to r/madlads.",7,0,1600574614.0,Adhi_Sekar,False,positive,positive,positive,positive
g5xa807,r/madlads,6,0,1600574783.0,FatAtHeart,False,neutral,neutral,neutral,neutral
g5xc6wv,Fuck. It's addictive. Better than chrome dino.,6,0,1600575449.0,beard__hunter,False,positive,positive,positive,positive
g5x6keu,So cool,7,0,1600573524.0,prakashanish,False,positive,positive,positive,positive
g5x9l9r,Amazing! I love the irony in this game with Modi dodging Media/Economy & Corona xD,7,0,1600574567.0,8TC,False,positive,positive,positive,positive
g5x9wun,r/madlads,8,0,1600574679.0,,False,neutral,neutral,neutral,neutral
g5xb2o0,r/madlads,7,0,1600575069.0,,False,neutral,neutral,neutral,neutral
g5xh2pc,The next update should have Amit Shah!,4,0,1600577248.0,frankenstine_94,False,neutral,neutral,neutral,neutral
g5xh51v,"One suggestion : the page looks like an error page on first glance, and one may exit as well. Only if we read the message do we realise.",4,0,1600577274.0,aaqsh,False,negative,neutral,negative,negative
g5xqvxj,Blocked by government 😂😂😂,5,0,1600581039.0,spiderspit,False,negative,negative,negative,negative
g5xwkxp,Why is the left just so good at mocking?,4,0,1600583811.0,CillverB,False,negative,negative,neutral,negative
g5x6rea,Awesome bro,6,0,1600573592.0,Azazel547,False,positive,positive,positive,positive
g5x7ouj,Super cool!,6,0,1600573915.0,Potato_palya,False,positive,positive,positive,positive
g5x8bsh,Amazing work man!,5,0,1600574151.0,hanzo_995,False,positive,positive,positive,positive
g5x8lz4,This is so cool!,7,0,1600574248.0,mar-ar,False,positive,positive,positive,positive
g5x98zy,Dude this is too good XD,6,0,1600574460.0,,False,positive,positive,positive,positive
g5xce7e,I’ll donate to this one,5,0,1600575518.0,aiolius,False,positive,positive,positive,positive
g5xcica,Nice,5,0,1600575558.0,,False,positive,positive,positive,positive
g5xscre,[deleted],2,0,1600581561.0,,False,neutral,neutral,negative,neutral
g5xsey2,Come on tell me your high scores,2,0,1600581585.0,,False,neutral,neutral,neutral,neutral
g5xsnbl,"You're awesome. I salute you, you legend.",2,0,1600581671.0,petrichor993,False,positive,positive,positive,positive
g5xstgf,Brain 100%,2,0,1600581739.0,Niohzxs,False,neutral,neutral,positive,neutral
g5xt3bw,"You da best, u/maxmess, da best.",2,0,1600581852.0,Lachimolala_yoonji,False,positive,positive,positive,positive
g5xta9m,the gift we didn’t know we needed. ❤️,2,0,1600581933.0,hellothisisteji,False,positive,positive,positive,positive
g5xtb26,This made my day!,2,0,1600581941.0,DarthNahsi,False,positive,positive,positive,positive
g5xu5n8,Nice. lmao thanks,2,0,1600582398.0,V_K_M_C,False,positive,positive,positive,positive
g5xuhj7,Reminds me of tomscott,2,0,1600582566.0,vamsi_sai,False,neutral,neutral,neutral,neutral
g5xuigf,Nice,2,0,1600582588.0,dj21514,False,positive,positive,positive,positive
g5xujia,Lol great work,2,0,1600582612.0,BananaDogBed,False,positive,positive,positive,positive
g5xupzw,FUCKING BRILLIANT 👍👍👍,2,0,1600582748.0,SATAN08,False,positive,negative,positive,positive
g5xuw42,Nicely done. Take a bow,2,0,1600582878.0,skinnylizars,False,positive,positive,positive,positive
g5xv2mf,Mind blowing,2,0,1600582996.0,scariah,False,positive,positive,positive,positive
g5xv7jq,This is gooooooold!!!!!!!,2,0,1600583101.0,workingclassangel,False,negative,negative,positive,negative
g5xve17,You sir are a F***ING LEGEND,2,0,1600583219.0,drsmund117,False,positive,positive,positive,positive
g5xvrb0,r/madlads,2,0,1600583329.0,meme_stealing_bandit,False,neutral,neutral,neutral,neutral
g5xwfvp,Big brain moment. Noice.,2,0,1600583737.0,Your_Awkwardness,False,positive,positive,negative,positive
g5xxvhw,Award do bhai ko,2,0,1600584508.0,kruezp,False,neutral,neutral,positive,neutral
g5xyarn,Haha. This is amazing,2,0,1600584722.0,leon_nerd,False,positive,positive,positive,positive
g5xyp5l,Perfection,2,0,1600584931.0,meetshaktiman,False,positive,positive,positive,positive
g5xzdjn,This really made my day.Thanku op for making this,2,0,1600585260.0,sonsaitama,False,positive,positive,positive,positive
g5xze1t,Dude this is so cool xD,2,0,1600585267.0,Izz_Noo_Good,False,positive,positive,positive,positive
g5y038y,That is awesome,2,0,1600585539.0,amit8910,False,positive,positive,positive,positive
g5y0zod,This is Awesome ...,2,0,1600585832.0,VJags,False,positive,positive,positive,positive
g5y18hb,Dude... Awesome,2,0,1600585914.0,abhishek_sinha1,False,positive,positive,positive,positive
g5y1i2c,damn game is good..i got a free pass from supreme court,2,0,1600586008.0,jib1995,False,positive,positive,positive,positive
g5y1kf5,Omg omg. This is the best thing!!! The game is awesome.,2,0,1600586030.0,dontaskmek,False,positive,positive,positive,positive
g5y1kih,Ahhhh I LOVE IT.,2,0,1600586031.0,hiBitchh,False,positive,positive,positive,positive
g5y2eax,Absolutely loved the game😂😂,2,0,1600586344.0,pawan1995,False,positive,positive,positive,positive
g5y2mrr,"Best game I have played till now, after pubg was banned",2,0,1600586491.0,saint_advisor,False,positive,positive,positive,positive
g5y2o2e,Love it.,2,0,1600586519.0,,False,positive,positive,positive,positive
g5y2u8x,Fucking hillarious🤣🤣🤣🤣,2,0,1600586674.0,nmiles2go,False,negative,negative,negative,negative
g5y2x3p,This was fun! First I thought it wasn’t working when it read- error hidden by the government,2,0,1600586746.0,eshangupta95,False,positive,positive,neutral,positive
g5y334f,You are a legend man.,2,0,1600586897.0,,False,positive,positive,positive,positive
g5y53tv,Man. It's brilliant. I just hope you are safe from the IT cell and the gobar ment.,2,0,1600588390.0,Mindhunter7,False,positive,positive,positive,positive
g5y5jfv,I loved it.  You never loose,2,0,1600588649.0,,False,positive,positive,positive,positive
g5y5m1b,THIS. IS. THE. BEST. WEBSITE. EVER.,2,0,1600588691.0,Phantom_1011,False,positive,positive,positive,positive
g5y5uve,"The government won't allow me to see it. 
I failed to be part of something great.",2,0,1600588838.0,akshitc31,False,negative,negative,negative,negative
g5y5v2y,An ur genius,2,0,1600588843.0,DaveDibiachi,False,positive,positive,positive,positive
g5y5yxi,Waah Max ji Waah!,2,0,1600588914.0,the_midnight_skulker,False,neutral,neutral,neutral,neutral
g5y6l26,"All of you collectively have restored my faith in our generation. Much love to all of you, especially to OP",2,0,1600589276.0,Hyp3r10n_two_point_0,False,positive,positive,positive,positive
g5y7jgw,Masterstroke,2,0,1600589836.0,rockstarspud2701,False,neutral,neutral,neutral,neutral
g5y7saw,Got 77.1k point in the first game... How's it?,2,0,1600589975.0,sneakyhog,False,neutral,neutral,negative,neutral
g5y7wau,I hope you have used anonymous information while registering domain.,2,0,1600590044.0,AnxiousBlock,False,neutral,neutral,positive,neutral
g5yc3mo,"Shared it to my WhatsApp university students and.....ummmm, something called status story, sending more traffic your way! Keep up the good work! Hilaaaaaarrrious!!!! 😂🤣",2,0,1600593026.0,shineswatii,False,positive,positive,positive,positive
g5yddya,Best made in India game so far for India,2,0,1600593791.0,pulkit992,False,positive,positive,positive,positive
g5yfpf2,The score thing should be *NO DATA AVAILABLE*,2,0,1600595114.0,travscifibeast,False,negative,neutral,neutral,neutral
g5yh6xr,"#CAREFUL, HE'S A HERO! #",2,0,1600596004.0,bhupeshpr25,False,positive,positive,positive,positive
g5yhp7l,Blocked by gorment,2,0,1600596290.0,rjvlai,False,negative,negative,neutral,negative
g5ynmzd,"I know there are some Indian indie games in development, but this is the epitome of Indian gaming scene. Nothing can beat this gem. 

Please don’t lie, you were motivated by our beloved PM to make this game right?",2,0,1600600017.0,Paper_Nap,False,positive,positive,positive,positive
g5ytsxv,"Bro or sis, whoever you are, it doesn't matter. Mai to aapka #Jabra_Fan ho gaya @u/maxmess",2,0,1600603411.0,che_sksh,False,neutral,neutral,neutral,neutral
g5yuxvs,"I hope you don't live in India. Because if you do, you will go to jail.",2,0,1600603922.0,anil_robo,False,negative,negative,positive,negative
g5yy9hn,This is absolutely fantastic! I hope it gets covered in prime time news and more people know about this!  Good job!  I am very proud! Also  be safe from both corona and bearded asshole and his cronies,2,0,1600605351.0,Hoebagsupreme,False,positive,positive,positive,positive
g5z0v8q,"""the government won't allow you to see it"" lmao",2,0,1600606312.0,Hysterical_flamingo,False,negative,neutral,negative,negative
g5z594y," 

. ⣤⣶⣶⡶⠦⠴⠶⠶⠶⠶⡶⠶⠦⠶⠶⠶⠶⠶⠶⠶⣄⠀⠀⠀⠀ ⠀⠀⠀⠀⠀⣿⣀⣀⣀⣀⠀⢀⣤⠄⠀⠀⣶⢤⣄⠀⠀⠀⣤⣤⣄⣿⠀⠀⠀⠀ ⠀⠀⠀⠀⠀⠿⣿⣿⣿⣿⡷⠋⠁⠀⠀⠀⠙⠢⠙⠻⣿⡿⠿⠿⠫⠋⠀⠀⠀⠀ ⠀⠀⠀⠀⠀⠀⢀⣤⠞⠉⠀⠀⠀⠀⣴⣶⣄⠀⠀⠀⢀⣕⠦⣀⠀⠀⠀⠀⠀⠀ ⠀⠀⠀⢀⣤⠾⠋⠁⠀⠀⠀⠀⢀⣼⣿⠟⢿⣆⠀⢠⡟⠉⠉⠊⠳⢤⣀⠀⠀⠀ ⠀⣠⡾⠛⠁⠀⠀⠀⠀⠀⢀⣀⣾⣿⠃⠀⡀⠹⣧⣘⠀⠀⠀⠀⠀⠀⠉⠳⢤⡀ ⠀⣿⡀⠀⠀⢠⣶⣶⣿⣿⣿⣿⡿⠁⠀⣼⠃⠀⢹⣿⣿⣿⣶⣶⣤⠀⠀⠀⢰⣷ ⠀⢿⣇⠀⠀⠈⠻⡟⠛⠋⠉⠉⠀⠀⡼⠃⠀⢠⣿⠋⠉⠉⠛⠛⠋⠀⢀⢀⣿⡏ ⠀⠘⣿⡄⠀⠀⠀⠈⠢⡀⠀⠀⠀⡼⠁⠀⢠⣿⠇⠀⠀⡀⠀⠀⠀⠀⡜⣼⡿⠀ ⠀⠀⢻⣷⠀⠀⠀⠀⠀⢸⡄⠀⢰⠃⠀⠀⣾⡟⠀⠀⠸⡇⠀⠀⠀⢰⢧⣿⠃⠀ ⠀⠀⠘⣿⣇⠀⠀⠀⠀⣿⠇⠀⠇⠀⠀⣼⠟⠀⠀⠀⠀⣇⠀⠀⢀⡟⣾⡟⠀⠀ ⠀⠀⠀⢹⣿⡄⠀⠀⠀⣿⠀⣀⣠⠴⠚⠛⠶⣤⣀⠀⠀⢻⠀⢀⡾⣹⣿⠃⠀⠀ ⠀⠀⠀⠀⢿⣷⠀⠀⠀⠙⠊⠁⠀⢠⡆⠀⠀⠀⠉⠛⠓⠋⠀⠸⢣⣿⠏⠀⠀⠀ ⠀⠀⠀⠀⠘⣿⣷⣦⣤⣤⣄⣀⣀⣿⣤⣤⣤⣤⣤⣄⣀⣀⣀⣀⣾⡟⠀⠀⠀⠀ ⠀⠀⠀⠀⠀⢹⣿⣿⣿⣻⣿⣿⣿⣿⣿⣿⣿⣿⣿⣿⣿⣿⣿⣿⣿⠁⠀⠀⠀⠀ ⠀⠀⠀⠀⠀⠀⠛⠛⠛⠛⠛⠛⠛⠛⠛⠛⠛⠛⠛⠛⠛⠛⠛⠛⠃

Here you go Love ya",2,0,1600608269.0,SuddenIssue,False,neutral,neutral,positive,neutral
g5z86ai,"I hope you haven't entered your personal details while buying the domain. If you have, please get a domain security pack or something otherwise you'll get spammed hard and in this case might be arrested for ""being a nuisance and disrupting flow of funds for pm that'll be used for coronavirus""",2,0,1600609469.0,life_never_stops_97,False,negative,negative,neutral,negative
g5z9lgk,"The fact that after crashing, Mr Godi eyes become the thug life glasses, is something on a different level.",2,0,1600610095.0,prashilp,False,negative,neutral,negative,negative
g5za26q,"[https://www.theweek.in/news/india/2020/09/20/reddit-users-satirical-chrome-dinosaur-game-pokes-fun-at-pm-cares.html](https://www.theweek.in/news/india/2020/09/20/reddit-users-satirical-chrome-dinosaur-game-pokes-fun-at-pm-cares.html) 

You're in news now. Congrats on success.",2,0,1600610285.0,Im_Savvage,False,positive,positive,positive,positive
g5zkpb2,I scored 31761 in one run.,2,0,1600614437.0,PrudenceRoguish,False,neutral,neutral,neutral,neutral
g5zohng,"Mashallah! Boys played well!
Also, let's count the hours before it's banned or taken down by govt. Of india.",2,0,1600616275.0,xxlonewolf69,False,positive,positive,neutral,positive
g5zoiry,Wow congrats you're a whatsapp forward now :P,2,0,1600616293.0,zaplinaki,False,positive,positive,positive,positive
g602ufn,"Showed it to some of my friends and their response?...""every party is bad. you cant play politics w/o being shady.""...that's when I realized my country is fucked.",2,0,1600622929.0,enjoy03,False,negative,negative,negative,negative
g60b49b,Be safe dude.,2,0,1600625546.0,shandy_bhaiya,False,neutral,positive,positive,positive
g60ce62,Is it still up? I am trying to access in USA.,2,0,1600625953.0,Outside_Statistician,False,neutral,neutral,neutral,neutral
g60gf91,"Please don't sell this domain to government at any cost, only if he gives press conference , put this condition out there. 

Amazing job",2,0,1600627282.0,immortal_machine,False,neutral,positive,positive,positive
g60kgg4,Keep commenting here so we know you’re okay.,2,0,1600628640.0,,False,neutral,neutral,positive,neutral
g60qb8c,Lol what a troll,2,0,1600631297.0,IIISAI,False,negative,negative,neutral,negative
g60zj37,What happens after reaching the end? Achhe din aate h ya elections 🤔,2,0,1600634893.0,69Harshit,False,neutral,neutral,neutral,neutral
g610fde,Game not over: No data on migrant worker's death.,2,0,1600635213.0,userisaboat,False,negative,negative,negative,negative
g614yop,"Whenever modi in the game crashes to either of the obstacles media, common man or supreme court they give him the free pass. No matter how much modi intentionally hurts the above 3, they themselves will willingly give him free pass. Implying, modi is able to kill the democracy because we are letting him.",2,0,1600636856.0,kushal1509,False,negative,negative,negative,negative
g62wml9,"You appeared in the news, man. Congrats!",2,0,1600676909.0,,False,positive,positive,positive,positive
g66r2v0,"[https://www.theweek.in/news/india/2020/09/20/reddit-users-satirical-chrome-dinosaur-game-pokes-fun-at-pm-cares.html](https://www.theweek.in/news/india/2020/09/20/reddit-users-satirical-chrome-dinosaur-game-pokes-fun-at-pm-cares.html)

See, who's on the news!",2,0,1600751066.0,_JAYDU_,False,neutral,positive,neutral,neutral
g5x6h71,bruh!!!,6,0,1600573491.0,iiiwonderwomaniii,False,positive,neutral,neutral,neutral
g5xa1zg,Gg,5,0,1600574727.0,19ine,False,neutral,neutral,neutral,neutral
g5x9ps4,Nice dude.,3,0,1600574610.0,br_igris,False,positive,positive,positive,positive
g5xbbru,Nice way to pass this poop time!,3,0,1600575153.0,ta12349,False,positive,negative,positive,positive
g5xemdw,👍🤧😷💰🏅🎖️🏆☕,3,0,1600576388.0,hagfai,False,neutral,neutral,neutral,neutral
g5xfdtx,Fukin A,3,0,1600576671.0,indianjedi,False,negative,negative,neutral,negative
g5xffq0,This might be one of the funniest game I've ever played no cap.,3,0,1600576689.0,stanparth,False,positive,positive,negative,positive
g5xfi0g,*respect*,3,0,1600576711.0,,False,neutral,neutral,positive,neutral
g5xg0g2,Can't stop laughing while playing the game.,3,0,1600576888.0,Goodboywm,False,positive,positive,neutral,positive
g5xg68m,It was fun! I hope this goes viral.,3,0,1600576942.0,silverMind007,False,positive,positive,positive,positive
g5xgbte,This is amazing!!!,2,0,1600576994.0,crasherdgrate,False,positive,positive,positive,positive
g5xgcyu,R E S P E C T,2,0,1600577005.0,,False,neutral,neutral,neutral,neutral
g5xgj0g,Awesome! 👍👌,3,0,1600577063.0,iYashodhan,False,positive,positive,positive,positive
g5xgw96,Best thing I ever seen all day 😂😂😂😂😂,4,0,1600577189.0,zephyr471,False,positive,positive,positive,positive
g5xhdqj,After passing some score in the game you should have made him to move into the border!,4,0,1600577344.0,Mrflinkstone,False,neutral,neutral,neutral,neutral
g5xioq5,Lmao your game was lit,2,0,1600577780.0,Minecraftguy__v7b,False,positive,positive,neutral,positive
g5xnsqu,Best online game in the history of online games,3,0,1600579841.0,knight_furrie,False,positive,positive,positive,positive
g5xopvl,"
. ⣤⣶⣶⡶⠦⠴⠶⠶⠶⠶⡶⠶⠦⠶⠶⠶⠶⠶⠶⠶⣄⠀⠀⠀⠀ ⠀⠀⠀⠀⠀⣿⣀⣀⣀⣀⠀⢀⣤⠄⠀⠀⣶⢤⣄⠀⠀⠀⣤⣤⣄⣿⠀⠀⠀⠀ ⠀⠀⠀⠀⠀⠿⣿⣿⣿⣿⡷⠋⠁⠀⠀⠀⠙⠢⠙⠻⣿⡿⠿⠿⠫⠋⠀⠀⠀⠀ ⠀⠀⠀⠀⠀⠀⢀⣤⠞⠉⠀⠀⠀⠀⣴⣶⣄⠀⠀⠀⢀⣕⠦⣀⠀⠀⠀⠀⠀⠀ ⠀⠀⠀⢀⣤⠾⠋⠁⠀⠀⠀⠀⢀⣼⣿⠟⢿⣆⠀⢠⡟⠉⠉⠊⠳⢤⣀⠀⠀⠀ ⠀⣠⡾⠛⠁⠀⠀⠀⠀⠀⢀⣀⣾⣿⠃⠀⡀⠹⣧⣘⠀⠀⠀⠀⠀⠀⠉⠳⢤⡀ ⠀⣿⡀⠀⠀⢠⣶⣶⣿⣿⣿⣿⡿⠁⠀⣼⠃⠀⢹⣿⣿⣿⣶⣶⣤⠀⠀⠀⢰⣷ ⠀⢿⣇⠀⠀⠈⠻⡟⠛⠋⠉⠉⠀⠀⡼⠃⠀⢠⣿⠋⠉⠉⠛⠛⠋⠀⢀⢀⣿⡏ ⠀⠘⣿⡄⠀⠀⠀⠈⠢⡀⠀⠀⠀⡼⠁⠀⢠⣿⠇⠀⠀⡀⠀⠀⠀⠀⡜⣼⡿⠀ ⠀⠀⢻⣷⠀⠀⠀⠀⠀⢸⡄⠀⢰⠃⠀⠀⣾⡟⠀⠀⠸⡇⠀⠀⠀⢰⢧⣿⠃⠀ ⠀⠀⠘⣿⣇⠀⠀⠀⠀⣿⠇⠀⠇⠀⠀⣼⠟⠀⠀⠀⠀⣇⠀⠀⢀⡟⣾⡟⠀⠀ ⠀⠀⠀⢹⣿⡄⠀⠀⠀⣿⠀⣀⣠⠴⠚⠛⠶⣤⣀⠀⠀⢻⠀⢀⡾⣹⣿⠃⠀⠀ ⠀⠀⠀⠀⢿⣷⠀⠀⠀⠙⠊⠁⠀⢠⡆⠀⠀⠀⠉⠛⠓⠋⠀⠸⢣⣿⠏⠀⠀⠀ ⠀⠀⠀⠀⠘⣿⣷⣦⣤⣤⣄⣀⣀⣿⣤⣤⣤⣤⣤⣄⣀⣀⣀⣀⣾⡟⠀⠀⠀⠀ ⠀⠀⠀⠀⠀⢹⣿⣿⣿⣻⣿⣿⣿⣿⣿⣿⣿⣿⣿⣿⣿⣿⣿⣿⣿⠁⠀⠀⠀⠀ ⠀⠀⠀⠀⠀⠀⠛⠛⠛⠛⠛⠛⠛⠛⠛⠛⠛⠛⠛⠛⠛⠛⠛⠛⠃







One from me as well. Keep shining❤️",3,0,1600580197.0,maazkazi,False,neutral,neutral,neutral,neutral
g5xu0zz,"Bruh , you are a genius",2,0,1600582305.0,kenawsum11,False,positive,positive,positive,positive
g5xvc16,"""Game not over. Supreme Court gives a free pass.""

Killed me",4,0,1600583192.0,I_AM_DRUNK_ALL_TIME,False,neutral,negative,negative,negative
g5xby71,Truly r/madlads,2,0,1600575370.0,ArcHamHuner,False,neutral,neutral,positive,neutral
g5xdmhj,OP can you share the source code?,2,0,1600575998.0,MasterTruman03,False,neutral,neutral,neutral,neutral
g5xi9im,"Sorry, only 26k score",2,0,1600577637.0,Imperial_Suprio,False,neutral,negative,negative,negative
g5xif16,"Love this game! I helped modi evade justice and media a lot ,lmao.",2,0,1600577689.0,,False,positive,positive,positive,positive
g5xivk1,Any Easter egg at reaching three trillion score? probably not going to reach it anyway,2,0,1600577842.0,skoomakat,False,negative,negative,neutral,negative
g5xj6ti,Dude I'm still not hitting 5 trillion. Has to be a mistake,2,0,1600577947.0,seskycheetah,False,negative,negative,negative,negative
g5xji0d,"This is hilarious XD. But I would hide if I were you, BJP IT cell would come at you like hounds.",2,0,1600578053.0,Garuda_of_hope,False,negative,negative,positive,negative
g5xjolr,Get ready for UAPA,2,0,1600578122.0,itaintmeeeeeee,False,neutral,neutral,neutral,neutral
g5xjzht,"Because, that's what heroes do. Lol, this is gold. Thank you OP. Gonna share it with every Bhakt I come across.",2,0,1600578271.0,,False,positive,positive,positive,positive
g5xk5vr,modiji dodging real fast lol.,2,0,1600578367.0,specific_nerd,False,neutral,neutral,neutral,neutral
g5xk7g2,My score is higher than my bank balance.,2,0,1600578391.0,EidolonPaladin,False,positive,positive,neutral,positive
g5xl6d4,"I had a permanent grin while playing this.
Also PSA from the guy who wasted way too much time on this, your score doesn't resert if you die.",2,0,1600578821.0,Kinshu42,False,positive,neutral,neutral,neutral
g5xmbij,"My GOD, looks like i dont need reddit for today. This made my day. Very very super duper cool job senpai 🔥🔥. Gonna share it with my friends!",2,0,1600579260.0,Kratos3301,False,positive,positive,positive,positive
g5xmqmm,This is nice. I'm still concerned about the fact that the current govt and the laws can't take a satire. Makes us look bad. And the media is even worse.,2,0,1600579422.0,Karaction007,False,negative,negative,negative,negative
g5xn001,You got balls of steel OP! Brilliant it is!,2,0,1600579514.0,RaghvD,False,positive,positive,positive,positive
g5xnnyk,Unemployed engineers be like,2,0,1600579785.0,c00lkid-with-a-z,False,neutral,neutral,negative,neutral
g5xnpzu,"If the top score of the game isn't 5 trillion, you've not be true to the original script.",2,0,1600579810.0,examnope,False,neutral,neutral,neutral,neutral
g5xoqcq,This is fucking awesome!!! Mad props to you OP!!,2,0,1600580202.0,hail_swaggy_demon,False,positive,positive,neutral,positive
g5xp1rv,Give this man all the awards. This is so true. Media doesn’t ask any questions. Economy is fked but who cares. And SC gives you free fkin pass!!!! This is amazing.,2,0,1600580335.0,Divyansh-the-gr8,False,positive,positive,positive,positive
g5xpxn8,Why is it saying hidden by govt when i click on the link ???,2,0,1600580701.0,,False,negative,negative,neutral,negative
g5xr8a1,Damn that's creative. Props bro.,2,0,1600581168.0,ligital,False,positive,positive,positive,positive
g5xtpd2,What am absolute madlad. Fantastic work My friend.,2,0,1600582123.0,RealStax,False,positive,positive,positive,positive
g5xwvl9,Awesome sauce bro.,2,0,1600583961.0,,False,positive,positive,positive,positive
g5xx9ux,Dont go for morning walks *chuckles* you know becuz ummm covid19 and ummm heavy rain.,2,0,1600584211.0,jokermobile333,False,negative,negative,neutral,negative
g5xyhp1,"
            . ⣤⣶⣶⡶⠦⠴⠶⠶⠶⠶⡶⠶⠦⠶⠶⠶⠶⠶⠶⠶⣄⠀⠀⠀⠀ ⠀⠀⠀⠀⠀⣿⣀⣀⣀⣀⠀⢀⣤⠄⠀⠀⣶⢤⣄⠀⠀⠀⣤⣤⣄⣿⠀⠀⠀⠀ ⠀⠀⠀⠀⠀⠿⣿⣿⣿⣿⡷⠋⠁⠀⠀⠀⠙⠢⠙⠻⣿⡿⠿⠿⠫⠋⠀⠀⠀⠀ ⠀⠀⠀⠀⠀⠀⢀⣤⠞⠉⠀⠀⠀⠀⣴⣶⣄⠀⠀⠀⢀⣕⠦⣀⠀⠀⠀⠀⠀⠀ ⠀⠀⠀⢀⣤⠾⠋⠁⠀⠀⠀⠀⢀⣼⣿⠟⢿⣆⠀⢠⡟⠉⠉⠊⠳⢤⣀⠀⠀⠀ ⠀⣠⡾⠛⠁⠀⠀⠀⠀⠀⢀⣀⣾⣿⠃⠀⡀⠹⣧⣘⠀⠀⠀⠀⠀⠀⠉⠳⢤⡀ ⠀⣿⡀⠀⠀⢠⣶⣶⣿⣿⣿⣿⡿⠁⠀⣼⠃⠀⢹⣿⣿⣿⣶⣶⣤⠀⠀⠀⢰⣷ ⠀⢿⣇⠀⠀⠈⠻⡟⠛⠋⠉⠉⠀⠀⡼⠃⠀⢠⣿⠋⠉⠉⠛⠛⠋⠀⢀⢀⣿⡏ ⠀⠘⣿⡄⠀⠀⠀⠈⠢⡀⠀⠀⠀⡼⠁⠀⢠⣿⠇⠀⠀⡀⠀⠀⠀⠀⡜⣼⡿⠀ ⠀⠀⢻⣷⠀⠀⠀⠀⠀⢸⡄⠀⢰⠃⠀⠀⣾⡟⠀⠀⠸⡇⠀⠀⠀⢰⢧⣿⠃⠀ ⠀⠀⠘⣿⣇⠀⠀⠀⠀⣿⠇⠀⠇⠀⠀⣼⠟⠀⠀⠀⠀⣇⠀⠀⢀⡟⣾⡟⠀⠀ ⠀⠀⠀⢹⣿⡄⠀⠀⠀⣿⠀⣀⣠⠴⠚⠛⠶⣤⣀⠀⠀⢻⠀⢀⡾⣹⣿⠃⠀⠀ ⠀⠀⠀⠀⢿⣷⠀⠀⠀⠙⠊⠁⠀⢠⡆⠀⠀⠀⠉⠛⠓⠋⠀⠸⢣⣿⠏⠀⠀⠀ ⠀⠀⠀⠀⠘⣿⣷⣦⣤⣤⣄⣀⣀⣿⣤⣤⣤⣤⣤⣄⣀⣀⣀⣀⣾⡟⠀⠀⠀⠀ ⠀⠀⠀⠀⠀⢹⣿⣿⣿⣻⣿⣿⣿⣿⣿⣿⣿⣿⣿⣿⣿⣿⣿⣿⣿⠁⠀⠀⠀⠀ ⠀⠀⠀⠀⠀⠀⠛⠛⠛⠛⠛⠛⠛⠛⠛⠛⠛⠛⠛⠛⠛⠛⠛⠛⠃







This is the most amazing thing I've ever seen. I wish I could give you a real one...
I'm poor, dont judge me",2,0,1600584829.0,LateBandicoot9,False,neutral,neutral,neutral,neutral
g5xyzy0,"It's beautiful, I've been playing it for 5 hours now",2,0,1600585075.0,shobhit374,False,positive,positive,positive,positive
g5xzdli,Can we please have mota bhai too? As a co-op,2,0,1600585261.0,thegutsy,False,neutral,neutral,neutral,neutral
g5y5dok,"And kids, this is how you get arrested.",2,0,1600588555.0,Master-baiter-01,False,negative,negative,negative,negative
g5x87if,This is fantastic. Now there's no stopping _Chowkidar_ from running away from his commitments.,1,0,1600574105.0,Wanderandian,False,positive,positive,positive,positive
g5xt0y2,Absolute r/madlads,2,0,1600581818.0,,False,neutral,neutral,negative,neutral
g5xw1pu,Hats off to you my man/woman. Please don't go for morning walks as a safety precaution.,1,0,1600583518.0,Karna1394,False,neutral,positive,neutral,neutral
g5xya3m,"If OP goes to jail or dies in accident, I'll loose it. Take care OP. Please come forward for me too, I've been sharing this all day.",1,0,1600584712.0,red_arceus,False,negative,negative,positive,negative
g5y3b8m,Anti-national,1,0,1600587097.0,areeb1296,False,negative,negative,negative,negative
g5y3l0q,Genius!,1,0,1600587309.0,_sup_homie_,False,positive,positive,positive,positive
g5y3n85,Modi simulator,1,0,1600587356.0,,False,neutral,neutral,positive,neutral
g5y3p3d,"Wah Modiji wah.
It's a masterstroke",1,0,1600587397.0,adityaeleven,False,neutral,positive,positive,positive
g5y3t4j,That was absolutely hilarious. Nice Job man!,1,0,1600587487.0,_ronki_,False,positive,positive,positive,positive
g5y3zmp,You deserve a gold medal!,1,0,1600587632.0,darthmulga,False,positive,positive,positive,positive
g5y46oh,This is amazing.  🥰🥰🥰😂😂😂,1,0,1600587778.0,bun_ty,False,positive,positive,positive,positive
g5y49nw,The Corona was a nice touch. Hats off! Have the award I got for free!,1,0,1600587838.0,the_good_bad_dude,False,positive,positive,positive,positive
g5y52kk,Amazing. Bravo. Fantabulous.,1,0,1600588369.0,_FooL_,False,positive,positive,positive,positive
g5y55tw,Hey guys please someone give him gold. I'll return you when I get employed.,1,0,1600588419.0,,False,neutral,neutral,neutral,neutral
g5y5ffq,"I just played it...shit man, its amazing lmaoo :D",1,0,1600588581.0,Just-Another-Guyy,False,positive,positive,neutral,positive
g5y5svp,Bro this is gold.,1,0,1600588805.0,Kensei01,False,positive,positive,neutral,positive
g5y5w81,Real good stuff. Thank you.,1,0,1600588865.0,assumesomethingfunny,False,positive,positive,positive,positive
g5y5zcr,Now that's one true madlad!,1,0,1600588924.0,heterosexualcucumber,False,positive,positive,negative,positive
g5y6bq1,**embrace** sedition or be eradicated,1,0,1600589111.0,heterosexualcucumber,False,neutral,negative,negative,negative
g5y6idq,Mazaa aa gyaaa bhaii!! 🏅🏅🏅🏅🏅 Ye lelo! 😌,1,0,1600589224.0,nikhil1sunny,False,positive,neutral,positive,positive
g5y6sda,"lmao bruh, you killed it",1,0,1600589398.0,amogh_2408,False,positive,positive,negative,positive
g5y73el,Could you elaborate on how you built this? It's rad!,1,0,1600589579.0,hunter125555,False,positive,positive,neutral,positive
g5y78py,I think RSS or RAW is going to murder you :D,1,0,1600589668.0,mindaslab,False,negative,negative,negative,negative
g5y7cu7,Absolute legend,1,0,1600589734.0,vladmir07,False,positive,positive,positive,positive
g5y7ghz,"Good stuff dude, good stuff.",1,0,1600589791.0,HE4THCL1FF,False,positive,positive,positive,positive
g5y86t0,This is the best shit I have come across. Great work buddy,1,0,1600590218.0,nehameena089,False,positive,positive,positive,positive
g5y8ehs,This is absolute gold.,1,0,1600590361.0,saahilsingh,False,positive,positive,positive,positive
g5y8zi4,lol.. lmfao.. rofl.. this is awesome!!!!!!!!!,1,0,1600590712.0,jprbruce,False,positive,positive,positive,positive
g5y92bs,"Haha great app OP, this is the reason why I’m on Reddit for such brilliant content. Thanks for sharing",1,0,1600590765.0,ztaker,False,positive,positive,positive,positive
g5y9en8,"this is pure blisssssss

love your work :)",1,0,1600590969.0,AmPlaysGame,False,positive,positive,positive,positive
g5y9kcx,Great Job.. Keep it up!!,1,0,1600591067.0,,False,positive,positive,positive,positive
g5y9qof,Nice,1,0,1600591193.0,not_a_programmer404,False,positive,positive,positive,positive
g5y9z07,Hfs this is awesome lmao.,1,0,1600591354.0,DesmondKenway,False,positive,positive,positive,positive
g5yacsg,"I'm too getting good in this game, I might be able to run a country now.",1,0,1600591645.0,kenieloutis,False,positive,positive,positive,positive
g5yafb6,Legendary,1,0,1600591675.0,saber_boi,False,positive,positive,positive,positive
g5yb2nc,Nice game! Care to provide source code ?,1,0,1600592196.0,,False,positive,positive,positive,positive
g5yb7l6,Our people could not digest the fact I see,1,0,1600592313.0,RoscoMan1,False,negative,negative,negative,negative
g5ybacl,This is the best thing I've seen this week. Amazing!,1,0,1600592386.0,casua-lee,False,positive,positive,positive,positive
g5ybfc3,MVP,1,0,1600592485.0,akshayrathod9,False,neutral,positive,positive,positive
g5ybfc5,Share the traffic stats,1,0,1600592485.0,prathamesh3099,False,neutral,neutral,neutral,neutral
g5yc1ri,Awesome work man,1,0,1600592978.0,distorted_table,False,positive,positive,positive,positive
g5yc3nj,"Brilliant. And after 1L score, the moon is also replaced by BJP logo.",1,0,1600593027.0,TyroneSlothrope,False,positive,positive,positive,positive
g5ycac0,Amazing shit 😂,1,0,1600593145.0,Newspaper_Different,False,positive,positive,neutral,positive
g5ycw64,stay safe OP.,1,0,1600593499.0,meltingbeezwax,False,positive,positive,positive,positive
g5ycxwv,"bro monetize kar, put ads on it!!",1,0,1600593530.0,,False,neutral,neutral,neutral,neutral
g5ye3r0,"Haha made my day , thnx for making this man",1,0,1600594164.0,JerryDaBaaws,False,positive,positive,positive,positive
g5yenpt,You're a genius man,1,0,1600594458.0,rd_rockasaurus,False,positive,positive,positive,positive
g5yf2t2,"I've shared this with 4 groups of people and played it multiple times since I saw the post - amazing. I kept choosing to collide with the virus and scales and things on purpose so I could read your Game Not Over text, hahaha.",1,0,1600594726.0,uninterested2014,False,positive,positive,neutral,positive
g5yf7ov,you're a true hero,1,0,1600594813.0,himynamestish,False,positive,positive,positive,positive
g5yfl5l,That's hilarious...,1,0,1600595038.0,ValarDohairis,False,positive,positive,positive,positive
g5yfrgz,THIS IS TOO DAMN GOOD,1,0,1600595150.0,_this_wasnt_taken_,False,positive,positive,positive,positive
g5ygghl,Aatmanirbhar games!,1,0,1600595579.0,subins2000,False,neutral,neutral,neutral,neutral
g5ygos0,"Bruh, this is lit. 🔥",1,0,1600595720.0,what-da-fuck,False,positive,neutral,neutral,neutral
g5ygzu3,You sir are a champion 🙌🏻,1,0,1600595906.0,,False,positive,positive,positive,positive
g5yh40g,"lmao. Good job.
Totally loved it.",1,0,1600595960.0,,False,positive,positive,positive,positive
g5yh5t1,r/madlads,1,0,1600595986.0,chingmingyo06,False,neutral,neutral,neutral,neutral
g5yhkn8,A game which never ends...pun intended 😀,1,0,1600596220.0,sandeepdshenoy,False,neutral,negative,negative,negative
g5yim2w,LEGEND,1,0,1600596817.0,potaro0,False,neutral,positive,positive,positive
g5yimo7,"Mera desh badal raha hai  
aage bad raha hai.........waah modiji waah",1,0,1600596826.0,,False,negative,negative,negative,negative
g5yj84d,This is FANTASTIC stuff!!,1,0,1600597086.0,KINGDOGRA,False,positive,positive,positive,positive
g5yj86e,Cherry on the top was the full moon Lotus.,1,0,1600597088.0,DarthSoura,False,neutral,positive,positive,positive
g5yj8la,Loool amazing game,1,0,1600597096.0,IndianGhanta,False,positive,positive,positive,positive
g5yjsx4,OP this is brilliant. I fucking love this game! Hope you didn't get into any trouble for this.,1,0,1600597452.0,Peter_Parker12,False,positive,positive,positive,positive
g5ykkbx,This is beautiful,1,0,1600597986.0,MasonParker420,False,positive,positive,positive,positive
g5ykwbo,high tier post,1,0,1600598204.0,apgohan,False,positive,neutral,positive,positive
g5ylnpn,THIS IS AWESOME! Completely loved the concept xD,1,0,1600598709.0,zoomerinboomer,False,positive,positive,positive,positive
g5ymirl,Shared this on whatsapp status to irritate Bhakt Uncles in my contact list 🤣,1,0,1600599257.0,sagarp133,False,neutral,negative,neutral,neutral
g5ymn9l,All hail OP,1,0,1600599340.0,yavvee,False,positive,positive,positive,positive
g5yn3a7,Damn that's cool. Amazing game.,1,0,1600599627.0,C0DENAME-,False,positive,positive,positive,positive
g5yngnf,"I think you already know about it but partial details on PM Cares fund is available at https://www.pmcares.gov.in/en/web/page/faq. 
The other exact details would be published by the auditor with more details in due time.",1,0,1600599895.0,vardhanisation,False,neutral,neutral,neutral,neutral
g5yniej,"We don’t seem to be living in a democracy anymore. Why was I deprived of a game that has been awarded Reddit Gold ?

Blocked by Gov",1,0,1600599928.0,eazilyamazed2,False,negative,negative,negative,negative
g5ynz3k,fuking genius,1,0,1600600247.0,ComprehensiveNorth1,False,positive,positive,neutral,positive
g5yo00h,"government isn't allowing me to see, lol",1,0,1600600266.0,atroxima,False,negative,negative,negative,negative
g5yodvc,"Super, still lot of obstacles should be there.",1,0,1600600526.0,,False,neutral,neutral,neutral,neutral
g5yop98,You are amazing!!!,1,0,1600600737.0,acaiberry98,False,positive,positive,positive,positive
g5yos0x,UAPA in 3...2...1...,1,0,1600600790.0,,False,neutral,neutral,neutral,neutral
g5yowsz,"We need a goddamn leaderboard. In addition, the score doesnt really reset after dying we also need a v2. Thanks.",1,0,1600600881.0,,False,negative,negative,neutral,negative
g5yp7f9,"Dude this is one of the best things on the 
Internet XD",1,0,1600601066.0,,False,positive,positive,positive,positive
g5ypiu5,"Hit 46,000 then covid got me.",1,0,1600601237.0,fatmanbejones,False,negative,neutral,positive,neutral
g5ypiye,"This is the best thing ever! Hats off!
Take this poor man's gold 🏅",1,0,1600601239.0,doctor_rorschach,False,positive,positive,neutral,positive
g5ypw6t,"If I had an award, I'd give you one. The 'game not over' messages killed me",1,0,1600601431.0,wengerarmy,False,negative,negative,negative,negative
g5yq7rb,"My friend shared it with me on whatsapp, fun game. Nice work OP",1,0,1600601597.0,Ryunysus,False,positive,positive,positive,positive
g5yrxvu,this is sooooooo good.... you are awesome!!!,1,0,1600602489.0,modinotmodi,False,positive,positive,positive,positive
g5ysoqb,"I absolutely love the messages that are displayed when strike out by the media houses or SC or the people. Nice touch op.

P.s. I shared it as my whatsapp status. I don't care if they arrest me.",1,0,1600602860.0,bentoutofhape,False,positive,positive,positive,positive
g5ystj2,"Just shared it in a group with bhakt in it.. 
Now we wait *grabs popcorns*",1,0,1600602926.0,excursionist_eye,False,neutral,neutral,neutral,neutral
g5ysvwr,Well done ✅ OP,1,0,1600602957.0,rajajoe,False,positive,positive,positive,positive
g5ytgbc,Stay safe!!! Maybe switch cities for awhile if it's possible..,1,0,1600603242.0,silversurfer9909,False,positive,positive,neutral,positive
g5ytjwt,Fantastic. Sharing!,1,0,1600603293.0,lizzyflycatcher,False,positive,positive,positive,positive
g5ytn7a,Maja aa gaya this was so funny! 😂 Especially the moon changing having a Kamal-crater was nice touch. We should have a leaderboard for this.,1,0,1600603342.0,,False,positive,positive,positive,positive
g5ytppn,Creativity is on another level..,1,0,1600603368.0,wsarth_7,False,positive,positive,positive,positive
g5ytt69,66852 score,1,0,1600603412.0,ka_04,False,neutral,neutral,positive,neutral
g5yuc7n,Dude that's fucking awesome,1,0,1600603641.0,orangysmoker,False,positive,positive,positive,positive
g5yvdcv,Brooooooooooooooooooo! You're a legend !,1,0,1600604129.0,OnePlus80,False,positive,positive,positive,positive
g5yvqqz,Wah ! Kya Scene hai !,1,0,1600604289.0,wsarth_7,False,neutral,neutral,negative,neutral
g5yxtg7,Mitro give this dude an award.,1,0,1600605169.0,better__guy,False,positive,positive,positive,positive
g5yz5kc,I would still advice you to not make one on supreme court of India.,1,0,1600605685.0,bhuddimaan,False,neutral,neutral,neutral,neutral
g5yzh5d,I loooooove this!!!!!!!,1,0,1600605803.0,,False,positive,positive,positive,positive
g5yzzmd,*proceeds to run away with jhola á la fakir*,1,0,1600605992.0,theswarthyknight,False,neutral,neutral,neutral,neutral
g5z0bht,Love it.,1,0,1600606120.0,SoCcErAnDrEaL,False,positive,positive,positive,positive
g5z0q0t,"First of all, great job. Love the fact that there's no way game could be over. For the obvious satirical reasons, of course, but also because I'm in bed rest for a few days and I like the fact that I can keep playing this and not have to be frustrated by my lack of skill - I guess that's how the government also feels.

Second of all, I would be so disappointed if it gets taken down for any reason or if OP faces any sort of trouble because of it, because that would mean our country has no sense of humour and no freedom of expression. It would be like one of the United States horror stories we keep hearing nowadays. Which, I guess, could be expected since Trump and Modiji are such buddies.",1,0,1600606268.0,,False,positive,positive,positive,positive
g5z0t15,Stay safe bro!,1,0,1600606289.0,HHXLNC,False,positive,positive,positive,positive
g5z15ax,"
. ⣤⣶⣶⡶⠦⠴⠶⠶⠶⠶⡶⠶⠦⠶⠶⠶⠶⠶⠶⠶⣄⠀⠀⠀⠀ ⠀⠀⠀⠀⠀⣿⣀⣀⣀⣀⠀⢀⣤⠄⠀⠀⣶⢤⣄⠀⠀⠀⣤⣤⣄⣿⠀⠀⠀⠀ ⠀⠀⠀⠀⠀⠿⣿⣿⣿⣿⡷⠋⠁⠀⠀⠀⠙⠢⠙⠻⣿⡿⠿⠿⠫⠋⠀⠀⠀⠀ ⠀⠀⠀⠀⠀⠀⢀⣤⠞⠉⠀⠀⠀⠀⣴⣶⣄⠀⠀⠀⢀⣕⠦⣀⠀⠀⠀⠀⠀⠀ ⠀⠀⠀⢀⣤⠾⠋⠁⠀⠀⠀⠀⢀⣼⣿⠟⢿⣆⠀⢠⡟⠉⠉⠊⠳⢤⣀⠀⠀⠀ ⠀⣠⡾⠛⠁⠀⠀⠀⠀⠀⢀⣀⣾⣿⠃⠀⡀⠹⣧⣘⠀⠀⠀⠀⠀⠀⠉⠳⢤⡀ ⠀⣿⡀⠀⠀⢠⣶⣶⣿⣿⣿⣿⡿⠁⠀⣼⠃⠀⢹⣿⣿⣿⣶⣶⣤⠀⠀⠀⢰⣷ ⠀⢿⣇⠀⠀⠈⠻⡟⠛⠋⠉⠉⠀⠀⡼⠃⠀⢠⣿⠋⠉⠉⠛⠛⠋⠀⢀⢀⣿⡏ ⠀⠘⣿⡄⠀⠀⠀⠈⠢⡀⠀⠀⠀⡼⠁⠀⢠⣿⠇⠀⠀⡀⠀⠀⠀⠀⡜⣼⡿⠀ ⠀⠀⢻⣷⠀⠀⠀⠀⠀⢸⡄⠀⢰⠃⠀⠀⣾⡟⠀⠀⠸⡇⠀⠀⠀⢰⢧⣿⠃⠀ ⠀⠀⠘⣿⣇⠀⠀⠀⠀⣿⠇⠀⠇⠀⠀⣼⠟⠀⠀⠀⠀⣇⠀⠀⢀⡟⣾⡟⠀⠀ ⠀⠀⠀⢹⣿⡄⠀⠀⠀⣿⠀⣀⣠⠴⠚⠛⠶⣤⣀⠀⠀⢻⠀⢀⡾⣹⣿⠃⠀⠀ ⠀⠀⠀⠀⢿⣷⠀⠀⠀⠙⠊⠁⠀⢠⡆⠀⠀⠀⠉⠛⠓⠋⠀⠸⢣⣿⠏⠀⠀⠀ ⠀⠀⠀⠀⠘⣿⣷⣦⣤⣤⣄⣀⣀⣿⣤⣤⣤⣤⣤⣄⣀⣀⣀⣀⣾⡟⠀⠀⠀⠀ ⠀⠀⠀⠀⠀⢹⣿⣿⣿⣻⣿⣿⣿⣿⣿⣿⣿⣿⣿⣿⣿⣿⣿⣿⣿⠁⠀⠀⠀⠀ ⠀⠀⠀⠀⠀⠀⠛⠛⠛⠛⠛⠛⠛⠛⠛⠛⠛⠛⠛⠛⠛⠛⠛⠛⠃",1,0,1600606409.0,Black1451,False,neutral,neutral,neutral,neutral
g5z1jyn,Just brilliant.... you nailed it.... creativity next level!,1,0,1600606550.0,overjoyedThrilled,False,positive,positive,positive,positive
g5z3iut,I just played the game! OP man!!! 🤩🤩🤩,1,0,1600607409.0,ChoicePurpose,False,positive,neutral,neutral,neutral
g5z3kg1,I use Firefox heathen,1,0,1600607434.0,Agelmar2,False,neutral,neutral,positive,neutral
g5z3srf,I LOVED it!!!! Thank you for making my day internet stranger 🤣🙏,1,0,1600607558.0,,False,positive,positive,positive,positive
g5z4zf5,"I like how you gave a different game over msg for different obstacles. Amazing troll, I love it.",1,0,1600608136.0,,False,positive,positive,positive,positive
g5z5406,Man I would have given you the Ternion award if I had enough money. Good job btw,1,0,1600608201.0,Raul8900,False,positive,positive,positive,positive
g5z5hki,why does ublock origin show [2] in your website?,1,0,1600608375.0,ragecomicsfan,False,negative,negative,negative,negative
g5z5v6i,Democrisis!,1,0,1600608542.0,rjkmdb,False,neutral,negative,positive,neutral
g5z66xf,Bro stay safe,1,0,1600608689.0,prashant123098,False,positive,neutral,positive,positive
g5z76aa,I got 144749 :),1,0,1600609067.0,TheOnlyMareth,False,positive,positive,neutral,positive
g5z7ghq,Is the highscore measured in crores? Because I just raised 82074 crores.,1,0,1600609189.0,teninchclitoris,False,neutral,neutral,positive,neutral
g5z8cig,"Brilliant stuff man, shared everywhere!",1,0,1600609537.0,,False,positive,positive,positive,positive
g5z9c52,dude I got this as a whatsapp forward in some group this morning. kudos,1,0,1600609985.0,aswinajay,False,positive,positive,positive,positive
g5z9cqe,Very good. I would've patted your back if I knew you. Mai zara share maarke aata hu.,1,0,1600609991.0,Im_Savvage,False,positive,positive,positive,positive
g5z9n5c,Bookmarked this,1,0,1600610115.0,Im_Savvage,False,neutral,neutral,neutral,neutral
g5z9qw4,I've gotten 01818297. I can't continue to lie like this.,1,0,1600610160.0,examnope,False,negative,negative,negative,negative
g5za182,I thought the clouds gave benefits.,1,0,1600610275.0,,False,neutral,neutral,positive,neutral
g5za4dd,Oh damn that's gotta hurt :p,1,0,1600610305.0,MrPoolJr,False,negative,negative,negative,negative
g5zahrt,Brilliant stuff,1,0,1600610448.0,DeadShot3034,False,positive,positive,positive,positive
g5zb8n3,"i sent this fo my bhakt friend, 
this is what he told me - 

*waah -inserts my name-
jai shri raam*",1,0,1600610762.0,canipetyourkitties_,False,neutral,neutral,neutral,neutral
g5zbn9z,OP you're a true legend.,1,0,1600610914.0,pandasforkarma,False,positive,positive,positive,positive
g5zccqw,Hats off. 👏👏👏👏,1,0,1600611172.0,SpiritualZucchini600,False,positive,positive,neutral,positive
g5ze0ul,God man! U jus made em look like fools. Hell yeah😂,1,0,1600611817.0,Kovid1013,False,positive,negative,negative,negative
g5zecoo,"Not able to open it, Can someone share a screenshot?",1,0,1600611945.0,WideBath,False,negative,negative,negative,negative
g5zgrqh,"Dude, we’ll fkn done, love it",1,0,1600612864.0,thisismyaccount2412,False,positive,positive,positive,positive
g5zgsct,This is amazing!,1,0,1600612871.0,fruitloopyloop91,False,positive,positive,positive,positive
g5zhi5l,Amazing bro. Loved your works. Cheers !!!,1,0,1600613160.0,bbrambat132,False,positive,positive,positive,positive
g5zjewm,Legend,1,0,1600613900.0,catchvibhu,False,positive,positive,positive,positive
g5zjk1q,Ha ha. Nice,1,0,1600613949.0,fquedup,False,positive,positive,positive,positive
g5zjod8,amazzing!!!!,1,0,1600613994.0,,False,positive,positive,positive,positive
g5zjuii,Scored highest ever.. Thanks to PM cares!,1,0,1600614056.0,ultlsr,False,positive,positive,positive,positive
g5zljk4,You are the Messiah (meme),1,0,1600614809.0,rjn_27,False,positive,positive,positive,positive
g5zm8w6,Big pp move,1,0,1600615115.0,potatiti,False,neutral,positive,neutral,neutral
g5zmr8s,"I am not an anti Modi
Respect your opinion
But bro the game is well programmed and it's good",1,0,1600615366.0,randomuser420_69,False,positive,positive,positive,positive
g5znpgk,[**Reddit user's take on Chrome dinosaur game pokes fun at PM-CARES**](https://www.theweek.in/news/india/2020/09/20/reddit-users-satirical-chrome-dinosaur-game-pokes-fun-at-pm-cares.html),1,0,1600615855.0,Indianopolice,False,neutral,positive,neutral,neutral
g5zovhh,op bhai op,1,0,1600616493.0,bloody_pranksteen,False,neutral,neutral,neutral,neutral
g5zpnmi,This is sooooo frikkin cool,1,0,1600616879.0,ramuthemamu,False,positive,positive,positive,positive
g5zpsuv,Good job sir! Take poor man's gold 🏅,1,0,1600616944.0,hac817,False,positive,positive,neutral,positive
g5zq1hy,">*Aache din aagaye , mitron !*",1,0,1600617052.0,Ansh0Mani_ac1,False,neutral,neutral,neutral,neutral
g5zrofc,Sauce code please!,1,0,1600617780.0,SnowdenIsALegend,False,positive,neutral,negative,neutral
g5zror2,Awesome machaaaa,1,0,1600617784.0,satadeep12,False,positive,positive,positive,positive
g5zrx4j,ek number.,1,0,1600617875.0,tochku,False,neutral,neutral,neutral,neutral
g5zu39l,Bravo 🙏,1,0,1600618782.0,thegamer720x,False,positive,positive,positive,positive
g5zv9nj,loved this effort btw!,1,0,1600619256.0,dcunhahaha21,False,positive,positive,positive,positive
g5zwdeh,RIP OP,1,0,1600619712.0,,False,negative,neutral,negative,negative
g5zwfop,*Triggered Government wants to know your location*,1,0,1600619740.0,shruddit,False,neutral,neutral,neutral,neutral
g5zwxjp,Can I request you to translate the text in Hindi to spread the message far more?,1,0,1600620007.0,0pt1mus_pr1me,False,neutral,neutral,neutral,neutral
g6008tw,Damn that's such a cool game mate!,1,0,1600621704.0,wernie_planck,False,positive,positive,positive,positive
g600jk8,No wonder BJP is the richest party in the world.,1,0,1600621855.0,enjoy03,False,positive,positive,neutral,positive
g600t8j,"
. ⣤⣶⣶⡶⠦⠴⠶⠶⠶⠶⡶⠶⠦⠶⠶⠶⠶⠶⠶⠶⣄⠀⠀⠀⠀ ⠀⠀⠀⠀⠀⣿⣀⣀⣀⣀⠀⢀⣤⠄⠀⠀⣶⢤⣄⠀⠀⠀⣤⣤⣄⣿⠀⠀⠀⠀ ⠀⠀⠀⠀⠀⠿⣿⣿⣿⣿⡷⠋⠁⠀⠀⠀⠙⠢⠙⠻⣿⡿⠿⠿⠫⠋⠀⠀⠀⠀ ⠀⠀⠀⠀⠀⠀⢀⣤⠞⠉⠀⠀⠀⠀⣴⣶⣄⠀⠀⠀⢀⣕⠦⣀⠀⠀⠀⠀⠀⠀ ⠀⠀⠀⢀⣤⠾⠋⠁⠀⠀⠀⠀⢀⣼⣿⠟⢿⣆⠀⢠⡟⠉⠉⠊⠳⢤⣀⠀⠀⠀ ⠀⣠⡾⠛⠁⠀⠀⠀⠀⠀⢀⣀⣾⣿⠃⠀⡀⠹⣧⣘⠀⠀⠀⠀⠀⠀⠉⠳⢤⡀ ⠀⣿⡀⠀⠀⢠⣶⣶⣿⣿⣿⣿⡿⠁⠀⣼⠃⠀⢹⣿⣿⣿⣶⣶⣤⠀⠀⠀⢰⣷ ⠀⢿⣇⠀⠀⠈⠻⡟⠛⠋⠉⠉⠀⠀⡼⠃⠀⢠⣿⠋⠉⠉⠛⠛⠋⠀⢀⢀⣿⡏ ⠀⠘⣿⡄⠀⠀⠀⠈⠢⡀⠀⠀⠀⡼⠁⠀⢠⣿⠇⠀⠀⡀⠀⠀⠀⠀⡜⣼⡿⠀ ⠀⠀⢻⣷⠀⠀⠀⠀⠀⢸⡄⠀⢰⠃⠀⠀⣾⡟⠀⠀⠸⡇⠀⠀⠀⢰⢧⣿⠃⠀ ⠀⠀⠘⣿⣇⠀⠀⠀⠀⣿⠇⠀⠇⠀⠀⣼⠟⠀⠀⠀⠀⣇⠀⠀⢀⡟⣾⡟⠀⠀ ⠀⠀⠀⢹⣿⡄⠀⠀⠀⣿⠀⣀⣠⠴⠚⠛⠶⣤⣀⠀⠀⢻⠀⢀⡾⣹⣿⠃⠀⠀ ⠀⠀⠀⠀⢿⣷⠀⠀⠀⠙⠊⠁⠀⢠⡆⠀⠀⠀⠉⠛⠓⠋⠀⠸⢣⣿⠏⠀⠀⠀ ⠀⠀⠀⠀⠘⣿⣷⣦⣤⣤⣄⣀⣀⣿⣤⣤⣤⣤⣤⣄⣀⣀⣀⣀⣾⡟⠀⠀⠀⠀ ⠀⠀⠀⠀⠀⢹⣿⣿⣿⣻⣿⣿⣿⣿⣿⣿⣿⣿⣿⣿⣿⣿⣿⣿⣿⠁⠀⠀⠀⠀ ⠀⠀⠀⠀⠀⠀⠛⠛⠛⠛⠛⠛⠛⠛⠛⠛⠛⠛⠛⠛⠛⠛⠛⠛⠃







This is the most amazing thing I've ever seen. I wish I could give you a real one...
I'm poor, dont judge me",1,0,1600621989.0,lotofthought,False,neutral,neutral,neutral,neutral
g601dmf,This is so amazing. I am sharing it with my friends.,1,0,1600622273.0,Shabib55,False,positive,positive,positive,positive
g601iiw,Masterpiece!! Also noticed those historical Mudi CLOUDS.,1,0,1600622338.0,melophile_since_99,1600622707.0,positive,positive,positive,positive
g602yck,"bhai matlab katai zeher , dil jeet liya",1,0,1600622967.0,Raghav_Go,False,neutral,neutral,neutral,neutral
g603u57,r/nextfuckinglevel,1,0,1600623251.0,sacredvillian,False,negative,neutral,neutral,neutral
g6041rz,omg this is amazing!!! keep up the good work lol,1,0,1600623319.0,rosetalbot,False,positive,positive,positive,positive
g6051n5,54440 was my score lmao,1,0,1600623630.0,System345,False,neutral,neutral,positive,neutral
g605lmj,Bro you did your nation a service. 😂,1,0,1600623801.0,shashank_4u,False,positive,positive,neutral,positive
g607140,Are you supposed to be able to jump over the floating obstacles?,1,0,1600624243.0,,False,neutral,neutral,neutral,neutral
g6071zm,Bravo,1,0,1600624251.0,Gabriella_94,False,neutral,positive,positive,positive
g6097ku,Funny enough for me!,1,0,1600624932.0,ItsMeVsEveryone,False,positive,positive,positive,positive
g60a0ep,This is all things brilliant.,1,0,1600625194.0,mowherenam,False,positive,positive,positive,positive
g60e5ym,Awesome game and the tag with game not over is fucking awesome,1,0,1600626525.0,sandy23192,False,positive,positive,positive,positive
g60epbc,"Guys, I request everyone to vote for Rahul Gandhi, the youth icon of India, in the upcoming electronics.

Please, not this sythaan again.",1,0,1600626702.0,jcb_darshan,False,positive,positive,negative,positive
g60ffl0,legend says Mota Bhai has the high score already for this..,1,0,1600626950.0,carl_elias,False,positive,neutral,positive,positive
g60id6v,fuckin legend. great job man,1,0,1600627935.0,SnickerDoodle_081,False,positive,positive,positive,positive
g60j6iv,That's awesome bro,1,0,1600628207.0,mr_robot_fs,False,positive,positive,positive,positive
g60k4ty,This is hands down the best thing I have ever seen in this pathetic yet. Brilliantly done. Really deserves much more attention and fuck it few people gets butthurt.,1,0,1600628522.0,vishucr7,False,positive,positive,positive,positive
g60k7i8,You sir/madam are a genius!,1,0,1600628551.0,realmadrid_rocks,False,positive,positive,positive,positive
g60kaqd,"Best shit I’ve seen all year. You are gold my friend. 
Now lock your doors and change your name because the Bhakt machine is out looking.
But seriously, this shit is cray cray!!! Love it!!!",1,0,1600628582.0,,False,positive,positive,positive,positive
g60kump,Nice,1,0,1600628768.0,sy1302,False,positive,positive,positive,positive
g60lo7u,"You, sir/ ma'am, are a goddamn hero!",1,0,1600629105.0,saaiduck,False,positive,positive,positive,positive
g6162t2,HAHAHAHHAA THIS IS BRILLIANT!,1,0,1600637239.0,classythugg,False,positive,neutral,positive,positive
g61c3hk,I scored 52000+,1,0,1600639534.0,lungi_bro,False,positive,positive,positive,positive
g620n7w,Haha this is hilarious!!! Stay safe OP!,1,0,1600652439.0,ashwinsyam7,False,positive,positive,positive,positive
g62847y,Best game ever.,1,0,1600656791.0,JayVT_,False,positive,positive,positive,positive
g62c8ep,OMG!,1,0,1600659415.0,,False,positive,positive,positive,positive
g62fwvh,LMAO. Brilliant,1,0,1600662073.0,rafiqraja,False,positive,positive,positive,positive
g62lkcj,Everyone LOVED That,1,0,1600666722.0,mafaan,False,positive,positive,positive,positive
g62qw2u,Made my day ☺️😂🙂,1,0,1600671185.0,sarahtmesquita,False,positive,positive,neutral,positive
g6jb44q,Fucking Legend!,1,0,1601042969.0,chattergenie,False,positive,positive,negative,positive
g6p3j4s,You mad lad😂😂,1,0,1601137779.0,yohohohooho,False,negative,negative,negative,negative
g6t2hyz,Please update it with more visible beard and a peacock buddy. Btw kudos to you for making a great game xD!!,1,0,1601191885.0,kenshi001,False,positive,positive,positive,positive
g6t4rwg,Put an ad in it,1,0,1601192751.0,sunny9911,False,neutral,neutral,neutral,neutral
g6tleqm,Awesome man 👌,1,0,1601199620.0,cosmosoracle,False,positive,positive,positive,positive
g6tt9aq,"BJP IT cell would recruit you, or put UAPA on u",1,0,1601203045.0,uchihamadaragodlike,False,neutral,neutral,neutral,neutral
g6u6tqg,"Lovely game bro! like the creativity.
""Media has no questions please continue"" lol",1,0,1601208616.0,IndianGhanta,False,positive,positive,positive,positive
g6usd2s,Lol modi ji hit corona while playing the game😂,1,0,1601219598.0,writeflex,False,neutral,neutral,negative,neutral
g6usfx8,"Please include Amit Shah, Nirmala Sitharaman",1,0,1601219642.0,writeflex,False,neutral,neutral,neutral,neutral
g6utsvj,Narendra Modi wants to know your location.,1,0,1601220394.0,DangerousWish2266,False,neutral,neutral,neutral,neutral
g6vh0ql,Haters gonna hate.,1,0,1601232409.0,likeInolas,False,negative,negative,negative,negative
g6ye8j7,Fuck u take my upvote and my award!,1,0,1601303907.0,SpawnOfSatan786,False,negative,negative,negative,negative
g72evpz,"Your ""AAA"" Game is fantastic. Hope you will do more, i will play all of your games.",1,0,1601391841.0,SnooCheesecakes311,False,positive,positive,positive,positive
g72h66d,Omg you are a god,1,0,1601392789.0,God-69420,False,positive,positive,positive,positive
g76c1y8,Even India times has reacted to this website😂😂,1,0,1601477223.0,droningcaddy,False,negative,neutral,positive,neutral
g7abwh5,My high score is 146414 try to beat it and I’ll send 10 rupees:),1,0,1601561470.0,Prestigious-Studio96,False,neutral,positive,positive,positive
g7adlec,You deserve it bud,1,0,1601562243.0,Immortal_carrot,False,positive,positive,positive,positive
g7gimo9,very cool@,1,0,1601678782.0,prakitmasala,False,positive,positive,positive,positive
g7qbybq,Can I see the source code.,1,0,1601851333.0,tech-learner-maker,False,neutral,neutral,neutral,neutral
g873v1l,Creative thought,1,0,1602230011.0,Adikumarpro,False,neutral,neutral,positive,neutral
g8cjgk8,You need an award.,1,0,1602354306.0,HeatherBehave12,False,neutral,neutral,neutral,neutral
g8pr62h,Shared it in my family group. Many were offended lol 😂,1,0,1602612613.0,Former_Farm_7101,False,negative,neutral,negative,negative
g8rws3u,"Damn , that's insane",1,0,1602658508.0,high_dro18,False,negative,negative,negative,negative
g5xhl6z,"Dude that's awesome!!!







I fuckin love it lmaoo",1,0,1600577412.0,Fury_122333,False,positive,positive,neutral,positive
g5xjbe3,"Amazing but, the  score doesn't reset on death, maybe fix that?",1,0,1600577990.0,Shadiclink,False,negative,neutral,positive,neutral
g5xjrn1,Damm boi. Loved it,1,0,1600578161.0,verma088,False,positive,positive,positive,positive
g5xk9l3,"You're a mad lad OP. 

Is there a way to get high score rankings!",1,0,1600578425.0,SearScare,False,negative,neutral,negative,negative
g5xkc2h,It's been hidden,1,0,1600578463.0,,False,neutral,neutral,neutral,neutral
g5xkf9b,Noice!! I really hope this doesn't get shut down or something...This is brilliant and funny OP.,1,0,1600578507.0,dontdropthebanana,False,positive,positive,positive,positive
g5xkmv3,This is really good,1,0,1600578599.0,skynet6009,False,positive,positive,positive,positive
g5xko6a,You are a fookin genius mate!,1,0,1600578615.0,HeiCoSai,False,positive,positive,positive,positive
g5xkpdj,"Okay, I can put it as my whatsapp status right? And not get lynched? 
A reply is appreciated",1,0,1600578629.0,begonee_thought,False,neutral,neutral,positive,neutral
g5xktgk,Lol. Game over? COVID19 cases. No problem. Please continue! 😂😂😂😂,1,0,1600578676.0,,False,positive,neutral,neutral,neutral
g5xkzj7,This stuff is gold,1,0,1600578745.0,harishiamback,False,positive,positive,positive,positive
g5xlfea,This deserves more attention.,1,0,1600578924.0,-SleepyPenguin-,False,neutral,positive,positive,positive
g5xm8rk,I cannot upvote this enough.,1,0,1600579229.0,Lostphoton26,False,positive,negative,neutral,neutral
g5xmo7h,"Boy oh Boy... You are awesome!


Gave me good bit of laugh with all those messages in between...

Scored around two million  with all of them Jumalas...",1,0,1600579397.0,AatmanirbharBerojgar,False,positive,positive,positive,positive
g5xn2od, U killed it bro. Fantastic,1,0,1600579539.0,0111011001100111,False,positive,positive,positive,positive
g5xn6p1,Awesome,1,0,1600579587.0,,False,positive,positive,positive,positive
g5xnaz8,I legit wanna give you a gold.,1,0,1600579625.0,,False,positive,positive,neutral,positive
g5xnw9o,I'm jealous that I never had the idea to make this game. Amazing satire 🙌🏾,1,0,1600579881.0,cosmogli,False,positive,positive,negative,positive
g5xo418,Iss bande ko koi noble prize de do,1,0,1600579969.0,Abid94Tony,False,neutral,neutral,positive,neutral
g5xo4fw,Respect+,1,0,1600579974.0,yrmaiya,False,neutral,neutral,positive,neutral
g5xok5r,This is so funny! 😂😂😂🤣,1,0,1600580134.0,CodeRhyno,False,positive,positive,positive,positive
g5xoylp,"Bro this is fucking awesome.
Haha reality plus comedy plus gaming.",1,0,1600580300.0,weebtrash9,False,positive,positive,positive,positive
g5xp2nd,"You sir, are a man of excellence!!",1,0,1600580346.0,stanbfrank,False,positive,positive,positive,positive
g5xpkfh, good one,1,0,1600580552.0,Romlow_1995,False,positive,positive,positive,positive
g5xpxcb,"Game not over! Covid-19 cases! No problem! Please continue 😅😅
Great work, man!",1,0,1600580697.0,messilyfirst,False,positive,positive,positive,positive
g5xq2ne,Best game I've played on a while. :P,1,0,1600580758.0,NerdyBangaliChele,False,positive,positive,positive,positive
g5xqayc,Okay am telling all my friends about this XD,1,0,1600580839.0,befriend1,False,positive,positive,neutral,positive
g5xqho5,"Just be careful, you used a tradenarked name in yoir domain.",1,0,1600580900.0,birbalthegreat,False,neutral,neutral,neutral,neutral
g5xqpal,This is the most beautiful thing I've ever seen. Thank you.,1,0,1600580974.0,,False,positive,positive,positive,positive
g5xr6il,OMG! This is brilliant. Kudos OP! Made my day. I love it. How do I share this on various social platforms while giving you credit? Please let me know. Thank you!,1,0,1600581151.0,Hijikata_san_mayo13,False,positive,positive,positive,positive
g5zj0la,"Blocked already? That was fast

Edit : lol sorry I read the message and thought site is blocked. Awesome work!!",1,0,1600613760.0,chaturvedi11,False,positive,negative,neutral,neutral
g5xba7u,How long before it gets taken down 🙄,-28,0,1600575139.0,dhildo,False,negative,negative,negative,negative
g5xnhcv,"I dont understand you could have just scammed people in his name just just he did. Nobody would have gave a fuck about you making money.
But no you had to risk your life for stupid game.",-17,0,1600579704.0,molusingh,False,negative,negative,negative,negative
g610wsi,Have some shame. He is your PM. So immature of you,-10,0,1600635385.0,mytho_prat,False,negative,negative,negative,negative
g5y9xqb,😂😭,1,1,1600591327.0,hotdamnbitches,False,neutral,neutral,neutral,neutral
g5xdx7z,Lol same here. Supreme court gives a free pass XD nice,273,1,1600576113.0,,False,positive,neutral,positive,positive
g5xe6ba,I think you triggered many people with your username,16,1,1600576215.0,GunsRuth,False,negative,neutral,neutral,neutral
g5yx0xz,"*""It's not a bug, it's a feature""*",8,1,1600604826.0,NotBamboozle,False,neutral,neutral,positive,neutral
g5y1514,"Sending you German quality locks for front door, back door and all windows.",566,1,1600585883.0,masterjie,False,neutral,neutral,neutral,neutral
g5y9qke,Most of them will forward before opening the link lol,106,1,1600591190.0,alannair,False,neutral,neutral,neutral,neutral
g5y5y8n,Avoid morning walks. Ty,81,1,1600588900.0,arunisin,False,neutral,neutral,neutral,neutral
g5y5zez,"Bhakts won't even bother clicking, they want #JusticeforSSR. This is not worth their time.",85,1,1600588925.0,Phantom_1011,False,negative,negative,negative,negative
g5ybv5f,I said one guy a bhakt and he asked what is bhakt. I sent him urban dictionary link for bhakt. He flipped his lid as every other bhakt. He started explaining how he is not a bhakt.,34,1,1600592821.0,localhost8100,1600637151.0,neutral,neutral,negative,neutral
g5y6uwz,We need to know their reply,26,1,1600589437.0,kbplays007,False,neutral,neutral,neutral,neutral
g5yfynx,Lol .. good that atleast you won't get beaten ...,9,1,1600595277.0,N00B_N00M,False,neutral,positive,positive,positive
g5y6u8d,Hit space bar to ask him a question.,19,1,1600589426.0,A3H3,False,neutral,neutral,neutral,neutral
g5ynyf5,murdered by Dinosaur Game!,2,1,1600600233.0,atroxima,False,negative,negative,negative,negative
g5yt9ek,Posted on Twitter.,1,1,1600603144.0,boozefella,False,neutral,neutral,neutral,neutral
g5z7xc1,curious about their reaction 😂😂,1,1,1600609374.0,k1samehada,False,neutral,neutral,neutral,neutral
g5zbysk,so I'm guessing u are not in the group anymore?,1,1,1600611030.0,skid3805,False,neutral,neutral,neutral,neutral
g605bzg,How to do you walk around with balls that big?,1,1,1600623719.0,Asmzn2009,False,neutral,neutral,neutral,neutral
g62oukz,this is pakka r/theunkillnetwork content. Please post it there!,1,1,1600669421.0,throwmeaway19851985,False,neutral,neutral,neutral,neutral
g62wp3t,"Dont worry, we will pay your hospital bills",1,1,1600676988.0,,False,neutral,neutral,positive,neutral
g5xg4ek,Supreme court gives you free pass.,377,1,1600576924.0,Pres_Z_Beeblebrox,False,neutral,neutral,positive,neutral
g5xo1r5,Fuck it. I'll donate to a charity of u/maxmess 's choice on behalf of u/dreamer-imfinite.,58,1,1600579944.0,faahqueimmanutjawb,False,negative,neutral,negative,negative
g5xla7l,I'm poor too. So I guess I'll just share your art with my friends. That's the best I can do. Awesome job sir.,39,1,1600578864.0,theaprilchild,False,positive,positive,neutral,positive
g5xhx3w,Can I also get one pls👉👈,46,1,1600577522.0,Monarch9669,False,neutral,neutral,neutral,neutral
g5y31ym,Where are the flying peacocks?,7,1,1600586868.0,shantanu_m28,False,neutral,neutral,neutral,neutral
g5xhqr5,WTF is this?,18,1,1600577462.0,Kniobium,False,negative,negative,negative,negative
g5xxhc6,Lmao,5,1,1600584317.0,PsyKite,False,neutral,positive,positive,positive
g5yp1h1,"*Forwarded As Received*

UNESCO has voted this as the best award out of all the awards on Reddit.",2,1,1600600965.0,dcrab87,False,positive,positive,positive,positive
g5y6ytc,"It's already been blocked for me, wish I could have played it",2,1,1600589501.0,69_with_socks_on,False,negative,neutral,negative,negative
g5xptm1,I'm poor too but reddit gives you free awards. I used my free one!,2,1,1600580649.0,wolframe117,False,positive,positive,negative,positive
g5znm11,very communist of you to not spend on digital awards.,1,1,1600615801.0,,False,negative,negative,negative,negative
g5z9z23,Happy cake day,9,1,1600610252.0,firesword14,False,positive,positive,positive,positive
g63aaw8,"I too wish the same, but this is making quite the rounds in media so I wish OP all the best.",2,1,1600688605.0,BeardPhile,False,positive,positive,positive,positive
g5xl6dp,"So, I'm assuming it's not smart to put it as a whatsapp status right?",133,1,1600578821.0,begonee_thought,False,negative,neutral,neutral,neutral
g5y25g3,IT cell has entered the chat,8,1,1600586260.0,u_genericuser,False,neutral,neutral,neutral,neutral
g5xhu63,[deleted],3,1,1600577495.0,,False,neutral,neutral,negative,neutral
g5yey5p,Would he get into trouble even when he bought the domain name? Btw how was he able to buy a domain name already in use?,1,1,1600594629.0,KARANSINGHJATT,False,neutral,neutral,negative,neutral
g5xoynt,This one is brilliant idea,26,1,1600580301.0,kay-nyn,False,positive,positive,positive,positive
g604fma,pre-covid GDP wasn't exactly stellar either. It has been decreasing since demonetization,3,1,1600623439.0,,False,negative,negative,negative,negative
g5zq0xn,"Yeah maybe after constantly hitting the obstacles it should show a message like ""Its Nehru's fault"" and then continue, lol.",26,1,1600617045.0,saprotropy,False,negative,neutral,negative,negative
g607rvr,"Nehru, the First PM",1,1,1600624473.0,,False,positive,neutral,positive,positive
g5xmbuo,"Truth!

Mor and mor these days!",54,1,1600579264.0,thelielmao,False,neutral,neutral,positive,neutral
g5xmlr8,*dodging everything as he always does.,28,1,1600579371.0,t999rex,False,neutral,negative,neutral,neutral
g5xeyu1,[deleted],58,1,1600576519.0,,False,neutral,neutral,negative,neutral
g5y379t,I saw it!,2,1,1600586998.0,,False,neutral,neutral,neutral,neutral
g63b5er,"That's so nice, loved it.

For those who don't want to waste time like I did: [image](https://imgur.com/a/SZqJFWN)",1,1,1600689155.0,BeardPhile,False,positive,positive,positive,positive
g5y1zjt,OP definitely has John Oliver energy,24,1,1600586181.0,VdotOne,False,neutral,positive,positive,positive
g5y1pzt,OP has not made any comments since he posted this. I hope he didn't go for a morning walk.,36,1,1600586092.0,Aashay7,False,negative,neutral,neutral,neutral
g5xctbj,RIP OP.,72,1,1600575681.0,Cartoonist_Spirited,False,negative,neutral,negative,negative
g5xemrb,Don't go for morning walks OP.,62,1,1600576392.0,sixtyfourseventyone,False,neutral,negative,neutral,neutral
g5ynfmg,Waiting for the 11lakh page data they find out on my man here.,8,1,1600599875.0,sarcrastinator,False,neutral,neutral,neutral,neutral
g5z74yr,Hacktoberfest entered the chat,2,1,1600609052.0,dodococo,False,neutral,neutral,neutral,neutral
g63b8rp,But won't you just hack the syntax?,1,1,1600689210.0,BeardPhile,False,negative,neutral,neutral,neutral
g60ks2n,It's taken down,1,1,1600628746.0,light470,False,neutral,negative,neutral,neutral
g5xd8rj,Especially the captions and content.,17,1,1600575856.0,scikid_re,False,neutral,neutral,positive,neutral
g5xnx1s,"> क्या माल है यार

[Eng translation: What's the goods friend](https://i.postimg.cc/zv4M7RXP/image.png)",21,1,1600579891.0,dudeimconfused,False,neutral,neutral,neutral,neutral
g5xvrw7,Yeah!I was surprised by that too.Perfect dodging,7,1,1600583339.0,Mayteras,False,positive,positive,neutral,positive
g5xj28g,The error message like design gives you that impression but just tap once (if you're on mobile) or hit spacebar on desktop. It's genius.,17,1,1600577905.0,SharkThug,False,neutral,positive,positive,positive
g5xscp4,Sanskrit of course/s,52,1,1600581560.0,,False,neutral,neutral,neutral,neutral
g5xo1rn,[Glorious ModiScript](https://github.com/VPanjeta/ModiScript) /s,49,1,1600579944.0,dudeimconfused,False,positive,positive,positive,positive
g5xsyoi,Would like to know too,5,1,1600581792.0,kadal_raasa,False,neutral,neutral,neutral,neutral
g5ybwbq,"Believe it’s based off the trex runner game in Chromium. If I recall, that was just html and js.",3,1,1600592849.0,Yieldway17,False,neutral,neutral,neutral,neutral
g5ymyki,Plain JavaScript and HTML probably.,2,1,1600599538.0,MinotaurSage,False,neutral,neutral,neutral,neutral
g5y30it,"77,250",6,1,1600586833.0,N8dork2020,False,neutral,neutral,neutral,neutral
g5xt1vu,No. That message you see is sarcasm. You can play the game in that mode.,4,1,1600581831.0,rtripathi,False,neutral,negative,neutral,neutral
g5yjg6d,66k... coronavirus took me down,1,1,1600597227.0,iamhunting,False,negative,negative,neutral,negative
g5y99e4,That is the interface.. tap to play,3,1,1600590873.0,aditibaid,False,neutral,neutral,neutral,neutral
g5zx3r9,press up arrow key and the game will start,1,1,1600620098.0,__Schneizel__,False,neutral,neutral,neutral,neutral
g5yrow4,"Where are you from?

I have the same message",1,1,1600602370.0,WhyWhyIdontKnow,False,neutral,neutral,neutral,neutral
g5zhn2i,https://www.theweek.in/news/india/2020/09/20/reddit-users-satirical-chrome-dinosaur-game-pokes-fun-at-pm-cares.html,1,1,1600613220.0,badIntro1624,False,neutral,positive,positive,positive
g5xk7xv,"Read the msg again, it was intentional",13,1,1600578400.0,Improctor,False,neutral,neutral,positive,neutral
g6431mw,"Um if you opened the link there is no way to donate because what you saw was it no page in front

Heck there isnt even a place to put a big poster of saying pm cares",5,1,1600702771.0,sarcasticsam21,False,negative,negative,negative,negative
g61b32t,Lol the PM should learn some manners first.,10,1,1600639103.0,,False,negative,negative,neutral,negative
g6tistm,"Lawde ka PM, tell him middle class business are sinking because of his inactions, if he does something maybe I will respect him",2,1,1601198408.0,shivam4321,False,neutral,negative,negative,negative
g5xnq1s,Media has no questions for you. Please proceed.,95,2,1600579811.0,HipstaBarista,False,negative,neutral,neutral,neutral
g5xei7h,"*""Please continue""* lol",121,2,1600576341.0,Chanzy94,False,neutral,neutral,neutral,neutral
g5xr5of,"*Covid cases on the rise* I fucking love this game, haha.",62,2,1600581140.0,karma125,False,positive,positive,positive,positive
g5y30o0,Oh...LPLawyer,116,2,1600586836.0,ruptured_time,False,neutral,neutral,neutral,neutral
g5ya9y1,Go local. Buy dindigul lock.,59,2,1600591585.0,tifosi7,False,neutral,neutral,neutral,neutral
g5yhq1n,"Front door, back door... hmmm I see what you did there",9,2,1600596305.0,Mandylost,False,neutral,neutral,neutral,neutral
g5yuxdp,Need harrison!,1,2,1600603916.0,ilostmyunamepasswd,False,neutral,neutral,neutral,neutral
g5ymq8z,lmao,24,2,1600599394.0,shash747,False,neutral,neutral,positive,neutral
g5yxlta,Mission failed successfully.,14,2,1600605075.0,Aashay7,False,negative,negative,negative,negative
g62vsn1,"So change the message to ""Donate to pmcares.fund to get #JusticeForSSR""",2,2,1600675966.0,,False,neutral,neutral,neutral,neutral
g5ymub2,"In 2020, how does someone not know the word",21,2,1600599462.0,shash747,False,negative,negative,neutral,negative
g5zbib6,Lol,1,2,1600610860.0,Mr-Parkinson,False,neutral,positive,neutral,neutral
g613cye,Well many in the group are now sane having converted from Bhakts. Earlier it used to be fighting off the bhakts but now i get support 🙂,2,2,1600636301.0,kgkaka,False,positive,positive,positive,positive
g5xil8z,That was definitely my fave bit.,91,2,1600577748.0,,False,positive,positive,positive,positive
g5ybx3w,This game was funny enough for me to share it on a whatsapp group,21,2,1600592868.0,Dxuian,False,positive,positive,positive,positive
g6059r0,Thanks for making this. Could you also add Moodi giving Red Hands to Dolan's Trump as a DLC to this game?,1,2,1600623699.0,pro_Odsa,False,positive,positive,positive,positive
g63g39h,"Since when did ""clean chit"" turn into ""free pass"".",1,2,1600692010.0,Dr_Woolgatherer,False,negative,neutral,negative,negative
g5yatq7,">Fuck it. I'll donate to a charity of u/maxmess 's choice


What if he chooses PMCares",45,2,1600592004.0,,False,negative,neutral,negative,negative
g5xoahe,"*you are the chosen one*

A better use for money any way

Guys, **This man is doing god's work**",31,2,1600580038.0,dreamer-imfinite,False,positive,positive,positive,positive
g60a0ap,I see you've kept your Aadhaar number ready just in case...,1,2,1600625193.0,tanmaypaji,False,neutral,neutral,neutral,neutral
g5xxgtz,"Same here, but awesome work and bought smile for a while i was playing. So shared it with my friends.",11,2,1600584313.0,Calvinhath,False,positive,positive,positive,positive
g5xjnx1,". ⣤⣶⣶⡶⠦⠴⠶⠶⠶⠶⡶⠶⠦⠶⠶⠶⠶⠶⠶⠶⣄⠀⠀⠀⠀ ⠀⠀⠀⠀⠀⣿⣀⣀⣀⣀⠀⢀⣤⠄⠀⠀⣶⢤⣄⠀⠀⠀⣤⣤⣄⣿⠀⠀⠀⠀ ⠀⠀⠀⠀⠀⠿⣿⣿⣿⣿⡷⠋⠁⠀⠀⠀⠙⠢⠙⠻⣿⡿⠿⠿⠫⠋⠀⠀⠀⠀ ⠀⠀⠀⠀⠀⠀⢀⣤⠞⠉⠀⠀⠀⠀⣴⣶⣄⠀⠀⠀⢀⣕⠦⣀⠀⠀⠀⠀⠀⠀ ⠀⠀⠀⢀⣤⠾⠋⠁⠀⠀⠀⠀⢀⣼⣿⠟⢿⣆⠀⢠⡟⠉⠉⠊⠳⢤⣀⠀⠀⠀ ⠀⣠⡾⠛⠁⠀⠀⠀⠀⠀⢀⣀⣾⣿⠃⠀⡀⠹⣧⣘⠀⠀⠀⠀⠀⠀⠉⠳⢤⡀ ⠀⣿⡀⠀⠀⢠⣶⣶⣿⣿⣿⣿⡿⠁⠀⣼⠃⠀⢹⣿⣿⣿⣶⣶⣤⠀⠀⠀⢰⣷ ⠀⢿⣇⠀⠀⠈⠻⡟⠛⠋⠉⠉⠀⠀⡼⠃⠀⢠⣿⠋⠉⠉⠛⠛⠋⠀⢀⢀⣿⡏ ⠀⠘⣿⡄⠀⠀⠀⠈⠢⡀⠀⠀⠀⡼⠁⠀⢠⣿⠇⠀⠀⡀⠀⠀⠀⠀⡜⣼⡿⠀ ⠀⠀⢻⣷⠀⠀⠀⠀⠀⢸⡄⠀⢰⠃⠀⠀⣾⡟⠀⠀⠸⡇⠀⠀⠀⢰⢧⣿⠃⠀ ⠀⠀⠘⣿⣇⠀⠀⠀⠀⣿⠇⠀⠇⠀⠀⣼⠟⠀⠀⠀⠀⣇⠀⠀⢀⡟⣾⡟⠀⠀ ⠀⠀⠀⢹⣿⡄⠀⠀⠀⣿⠀⣀⣠⠴⠚⠛⠶⣤⣀⠀⠀⢻⠀⢀⡾⣹⣿⠃⠀⠀ ⠀⠀⠀⠀⢿⣷⠀⠀⠀⠙⠊⠁⠀⢠⡆⠀⠀⠀⠉⠛⠓⠋⠀⠸⢣⣿⠏⠀⠀⠀ ⠀⠀⠀⠀⠘⣿⣷⣦⣤⣤⣄⣀⣀⣿⣤⣤⣤⣤⣤⣄⣀⣀⣀⣀⣾⡟⠀⠀⠀⠀ ⠀⠀⠀⠀⠀⢹⣿⣿⣿⣻⣿⣿⣿⣿⣿⣿⣿⣿⣿⣿⣿⣿⣿⣿⣿⠁⠀⠀⠀⠀ ⠀⠀⠀⠀⠀⠀⠛⠛⠛⠛⠛⠛⠛⠛⠛⠛⠛⠛⠛⠛⠛⠛⠛⠛⠃



Here you go",40,2,1600578113.0,dreamer-imfinite,False,neutral,neutral,neutral,neutral
g5xjg91,poor man's gold. don't judge,40,2,1600578037.0,lostandbefuddled,False,negative,neutral,negative,negative
g5ygskm,Check again by clicking on the error screen,4,2,1600595791.0,samaspire,False,neutral,neutral,neutral,neutral
g5zac0z,Thanks,3,2,1600610387.0,vbh_pratihar,False,positive,positive,positive,positive
g5xnm80,Only if you have bhakts in your friend circle,74,2,1600579766.0,dudeimconfused,False,neutral,neutral,neutral,neutral
g5xuw7k,I did and then removed. I don't want to be arrested.,5,2,1600582880.0,adorable_barbarian,False,negative,negative,neutral,negative
g5xxqzp,Already done.,2,2,1600584446.0,gutsisafreesacrifice,False,neutral,neutral,neutral,neutral
g606bwr,"Well, it won't make it to the news that's for sure as then they will have to show that they were not doing their job well.",1,2,1600624022.0,,False,negative,negative,negative,negative
g5xotx0,Depends on your contacts maybe,1,2,1600580245.0,21022018,False,neutral,neutral,neutral,neutral
g5xj9is,Bruh ppl are getting arrested for criticising BJB on fuckin FB. We definitely have a pocket IT cell,31,2,1600577973.0,AXE555,False,negative,negative,neutral,negative
g5xj4cy,See the number of upvotes and awards. They'll install it and destroy you. Don't underestimate them.,8,2,1600577924.0,HealthyFart,False,negative,negative,neutral,negative
g5ycmg3,Do you always talk like this. This one is a madlad,1,2,1600593336.0,gaymingMaus,False,negative,negative,negative,negative
g5ynfpb,Haha!,1,2,1600599877.0,_DrShrimpPuertoRico_,False,positive,positive,positive,positive
g5yqy3q,"It should be added on the left side of the screen

T

R

U

T

H",1,2,1600601982.0,Houston_NeverMind,False,neutral,neutral,positive,neutral
g5xrbc8,Giving you *a poor man's* gold for that 🥇,15,2,1600581199.0,karma125,False,negative,negative,negative,negative
g5xogyi,ROFL,10,2,1600580106.0,kay-nyn,False,positive,positive,positive,positive
g6230qb,He responded to a meme made in his honor 10 hrs ago. But the morning walk time needs to pass before I can breathe easy.,2,2,1600653820.0,maninblueshirt,False,neutral,neutral,neutral,neutral
g62kjgn,No it's not,1,2,1600665842.0,,False,neutral,negative,negative,negative
gfiu4nd,I still can play it lol,1,2,1607779580.0,,False,positive,positive,neutral,positive
g5xo7jf,"Bro I was talking about that scene in a movie where Akshay Kumar was leering priyanka chopra and saying ""Kya maal hai yaar"". It's a popular meme bro.",6,2,1600580008.0,,False,neutral,neutral,positive,neutral
g5y01fs,Don't use google translate next time.,4,2,1600585519.0,NObbadang,False,negative,negative,neutral,negative
g5ytm9z,Thank you for showing me this,3,2,1600603329.0,bharathbunny,False,positive,positive,positive,positive
g5y4xp1,"1,26,023, now my eyes hurt, couldn't blink the whole game, the score doesn't reset once you die",6,2,1600588299.0,Bored_panda69,1600588481.0,negative,negative,negative,negative
g5yhrxz,"Oh, I'm just blind. Thank God.",1,2,1600596339.0,akshitc31,False,positive,neutral,negative,neutral
g677lrz,Lol,1,2,1600768591.0,Shadiclink,False,neutral,positive,neutral,neutral
g61chfu,He has enough manners than these stupid liberals,-5,2,1600639719.0,mytho_prat,False,negative,negative,negative,negative
g5yijce,Wish the special pick him and Bosnian bill made together could open the secrets of the pmcares fund,36,3,1600596782.0,abhayzibbu,False,neutral,neutral,positive,neutral
g5yaf9j,Dindigul use kiya toh agle subah mundi gul,41,3,1600591674.0,masterjie,False,neutral,neutral,neutral,neutral
g62vqo4,Made with Salem stainless steel,1,3,1600675903.0,,False,neutral,neutral,neutral,neutral
g5za1a6,">how does someone not know the word

By being a bhakt.",27,3,1600610276.0,manukoleth,False,negative,negative,negative,negative
g5zkiug,"We are in US. He is involved with only bhakts online. As the other guy said, by being he a bhakt, he doesn't know what a bhakt is lmao",1,3,1600614355.0,localhost8100,False,neutral,negative,negative,negative
g5yee10,Same,10,3,1600594290.0,Flavee170,False,neutral,neutral,neutral,neutral
g5z70x1,"Since I've already committed to donate, I'll make a token donation of Rs. 1/-.",13,3,1600609005.0,faahqueimmanutjawb,False,neutral,positive,neutral,neutral
g60goz7,He said charity not embezzlement scheme,9,3,1600627375.0,VillageCow,False,neutral,neutral,negative,neutral
g5z4g0o,Then what is god doing? Maybe he needs to get an early retirement.,1,3,1600607886.0,Adm_Kunkka,False,negative,neutral,neutral,neutral
g5xkj9x,Very thank,18,3,1600578556.0,Monarch9669,False,positive,positive,positive,positive
g5y2fbn,🏅Here’s another version of the poor man’s gold for your explanation,8,3,1600586359.0,,False,neutral,negative,negative,negative
g5xx5tb,"I have bhakts in my circle, still put it on whatsapp. We have to come forward man.",86,3,1600584147.0,red_arceus,False,neutral,neutral,neutral,neutral
g5xoop0,"To what extent is their bhakti, I'm scared to find out",2,3,1600580182.0,begonee_thought,False,negative,negative,negative,negative
g5yh0tv,"friends circle, parents duh!!",1,3,1600595918.0,091832409890923,False,neutral,negative,neutral,neutral
g5xlror,[removed],2,3,1600579057.0,,False,neutral,neutral,negative,neutral
g5xrqv8,my first fake gold!! thanks to gobhiji's ruining the economy,15,3,1600581360.0,t999rex,False,negative,negative,negative,negative
g5xp2bg,"Ah. South Indian here, so I thought I'd post the translation for those who are just as confused.

Anyway, Thanks for the context.",15,3,1600580342.0,dudeimconfused,1600589862.0,neutral,neutral,positive,neutral
g5yc24s,"I made the mistake of translating ""Sky is Fucking blue"" in hindi. Never again.",3,3,1600592985.0,,False,negative,negative,negative,negative
g5z1eb9,:),3,3,1600606495.0,dudeimconfused,False,positive,positive,neutral,positive
g61d13s, don’t judge a fish by its ability to climb a tree,5,3,1600639963.0,,False,neutral,neutral,neutral,neutral
g5z7nqk,A little click on 1,1,4,1600609269.0,Snapdragon_625,False,neutral,neutral,neutral,neutral
g5ycqys,that's their tag line Dindigul toh mundi gul,20,4,1600593408.0,meltingbeezwax,1600602826.0,neutral,neutral,neutral,neutral
g5z77ux,"Or maybe an overdue retirement. He's fucking up india and he won't even live to see the mess he made, very very very very very low-key like hitler, who killed Jews and stuff, then he died, so he didn't even see the mess he made ¯\\\_(ツ)_/¯",1,4,1600609085.0,dreamer-imfinite,False,negative,negative,negative,negative
g5xy8i4,Let's see if they take the red pill or choose to hold on to their bhaktness,30,4,1600584692.0,dudeimconfused,False,neutral,neutral,neutral,neutral
g60tzmz,Same man . I love there blabbering shit,1,4,1600632750.0,YYHSNsk06,False,negative,negative,neutral,negative
g5xpki2,yeah just don't go for morning walks if you do post it lol,0,4,1600580553.0,dudeimconfused,False,neutral,neutral,neutral,neutral
g5xrnaz,[removed],1,4,1600581324.0,,False,neutral,neutral,negative,neutral
g5xsbjl,"Now now, don't be so optimistic. Worse is yet to come. 
*Go corona go*",10,4,1600581546.0,karma125,False,negative,negative,negative,negative
g5y07t5,Username checks out,7,4,1600585573.0,AvidPhotographer95,False,neutral,neutral,neutral,neutral
g63pxxs,I'm sorry I'm dumb but I don't get it :(,1,4,1600697023.0,KarmaJiKiBeti,False,negative,negative,negative,negative
g6222h2,2 is solid,1,5,1600653280.0,_YeAhx_,False,positive,positive,positive,positive
g5y1o13,Minor correction I meant to say ANDH BHAKT. Now I think you won't need your question answered.,6,5,1600586069.0,red_arceus,False,neutral,neutral,positive,neutral
g5y2j9l,Thanks for using the term correctly.,2,5,1600586416.0,ShockWave1997,False,positive,positive,positive,positive
g5zwbvp,Hey updateeeee. Did anything happen,2,5,1600619693.0,shruddit,False,neutral,neutral,neutral,neutral
g5xpzjs,Oh yesss :P,1,5,1600580723.0,begonee_thought,False,positive,positive,neutral,positive
g5xs0ay,[removed],1,5,1600581434.0,,False,neutral,neutral,negative,neutral
g63u2px,"You are a confident person. You are a good soul.

A popular meme

https://youtu.be/f6MJNEVL4-I",1,5,1600698884.0,,False,positive,positive,positive,positive
g63uhmn,It's a popular meme where Akshay Kumar was leering priyanka chopra and saying Kya maal hai yaar.,1,5,1600699070.0,,False,neutral,neutral,positive,neutral
g687u1a,Nithing on 3,1,6,1600792389.0,ruptured_time,False,neutral,neutral,negative,neutral
g5y7ixw,What's an Andh Bhakt?,1,6,1600589828.0,dudeimconfused,False,neutral,neutral,neutral,neutral
g5y7gx4,":)

I had to Google it to check if it was the blue pill or the red pill lol.",1,6,1600589797.0,dudeimconfused,False,neutral,neutral,neutral,neutral
g5zwqlb,"Those people! They're everywhere! I think I'm gonna... AAAAAHHH!

...

...

...

***Do not worry.*** 

***u/dudeimconfused is safe and sound. They have apologized for spreading misinformation on our glorious pm.***",2,6,1600619902.0,dudeimconfused,False,negative,neutral,positive,neutral
g600qxe,"F. 
I should delete my twitter then. :)",2,7,1600621956.0,shruddit,False,negative,neutral,neutral,neutral
g6013gx,"Jokes aside, I shared it on my whatsapp status this morning and nothing significant happened. Few people replied with a laughing emoji but that's about it. I guess my friends know how to take a joke. :D",1,8,1600622132.0,dudeimconfused,False,positive,positive,neutral,positive
g602dbi,You're lucky. Others might not have figured out how to reply to it,1,9,1600622739.0,shruddit,False,positive,positive,positive,positive
g603iyd,Lmao dude that might be it.,1,1,1600623158.0,dudeimconfused,False,neutral,neutral,neutral,neutral
