Comment ID,Comment Text,Comment Score,Comment Depth,Created Timestamp,Author,Edited,Semantic Label,Semantic Label 2,Semantic Label 3,Major_Semantic
gb7vvhg,Not all hero’s wear capes,837,0,1604576294.0,haazzed,False,neutral,neutral,neutral,neutral
gb7ydf0,Get that man a fuckin raise. Jesus these kind of people will always remain a normal policeman irl sadly enough,552,0,1604578542.0,Ren_kurusu,False,negative,negative,negative,negative
gb7yycc,This shows the pathetic state of we the people of this country who have to be physically told to make way for an emergency vehicle. Hats off to you sir.,265,0,1604579017.0,romanavatar,1604585896.0,negative,negative,negative,negative
gb7z00i,Mad props to him but it is sad that he needed to do this,82,0,1604579053.0,georgeorwellroxx,False,negative,neutral,negative,negative
gb7xoz0,We need more cops like him,78,0,1604577961.0,ekabhinav,False,neutral,positive,positive,positive
gb8079d,"This should get highlighted everywhere. This police personnel should be awarded and praised. This surely put police in a bright light when most of the people don't trust police. Also as a fellow Indian, I'm deeply saddened with the callous behavior of others on the road. Grow some feelings you dead people.",119,0,1604579985.0,HHXLNC,False,positive,negative,negative,negative
gb7wdzz,more power to you Sir . we seldom get to see heroes like them,130,0,1604576780.0,parthamurmu,False,positive,positive,positive,positive
gb81t7a,"The cop's actions are commendable, but the situation is sad for sure. We've not planned our infrastructure, and our emergency services, AND our civil society well enough for collective efficiency in a crisis situation.",42,0,1604581152.0,Zer0Treble,False,negative,negative,negative,negative
gb7y57s,***superhero theme song plays in background***,31,0,1604578354.0,,False,positive,neutral,neutral,neutral
gb7ynqe,Give this man a medal.,17,0,1604578777.0,,False,positive,positive,positive,positive
gb8hkxv,"Hi, I'm watching this from the United States, and I'm not understanding what's going on. Here, when an emergency vehicle comes through with its lights and sirens on, we are required to get to the side of the road to let it through. Is this not required in India?",17,0,1604590083.0,awesomeideas,False,negative,negative,neutral,negative
gb813ur,I wish I could help that policeman in some way.,14,0,1604580653.0,psbankar,False,negative,positive,positive,positive
gb81gye,"News Articles :

[1](https://www.ndtv.com/offbeat/viral-video-hyderabad-cop-runs-2-km-to-clear-path-for-ambulance-2321115) [2](https://timesofindia.indiatimes.com/videos/city/hyderabad/viral-video-hyderabad-cop-runs-for-2-km-to-help-ambulance/videoshow/79055342.cms) .

Name : G Babji",13,0,1604580911.0,,False,neutral,neutral,neutral,neutral
gb7yz89,"WTF is wrong with you people ?

No respect for life.

**Your ambulances should have bumpers and ram assholes out of the way**",68,0,1604579036.0,PineappleTheGreat,False,negative,negative,negative,negative
gb83fs8,"Kudos to this guy. And fuck you to all the people who needed to be told to make way. This is basic human decency.

This is one thing I noticed in Mumbai. Mumbai respects way to Ambulance like no other city in India.

People genuinely give way to Ambulance and don't act like an asshole. I have seen people getting off their cars to help ambulance pass through in traffic areas, even letting go of their green lights as signals as well.",19,0,1604582276.0,igotl2k,False,neutral,neutral,negative,neutral
gb7x88u,hope this gets blown up,24,0,1604577548.0,,False,negative,negative,positive,negative
gb7ys4h,This hero dosen't wear a Cape he wears a mask ! Give the man a medal !,8,0,1604578877.0,machinegungandhi,False,positive,positive,positive,positive
gb806xz,The random moped driving wrong side at 00:46 while these people are fighting for a life. Smh.,8,0,1604579979.0,dhmowgli,False,negative,negative,negative,negative
gb836o6,"What's his name? 

Seriously, if someone does something bad or is even just accused of doing something bad, their name is printed everywhere.

But this cop did great work, and I can't find his name anywhere.",8,0,1604582112.0,mamimapr,False,negative,negative,positive,negative
gb80yb8,[deleted],7,0,1604580543.0,,False,neutral,neutral,negative,neutral
gb83uxq,[deleted],5,0,1604582550.0,,1604849030.0,neutral,neutral,negative,neutral
gb860hb,"Someone post this to r/hyderabad, please... have never felt prouder of being a Hyderabadi in a long time.

Ps. you know, I know what a bad name the cops end up getting but unfortunately these kinds of cases aren't highlighted as much as they should be--it's just the ones that confirm our bias towards them that make the rounds.",5,0,1604583886.0,,1604584066.0,positive,negative,negative,negative
gb81bwc,This makes me happy and sad at same time.,5,0,1604580812.0,Inglorious_Lassun,False,positive,positive,neutral,positive
gb8d3q0,It’s unfortunate that a cop had to do this because we’re so savages when it comes to following traffic rules.,4,0,1604587822.0,Hahaha_Joker,False,negative,negative,negative,negative
gb87iw0,"Just saw a few comments on cops in india and us.
And I feel I would bet that you would be still alive after an incident with cops in  India than in us. Considering the myriad resons why cops in use had to use deadly force against someone compared to in India",4,0,1604584771.0,abhijith030,False,negative,neutral,neutral,neutral
gb8kui9,"I live in Hyderabad, I have firsthand experience with the traffic police here and trust me these some corrupt greedy assholes, this guy is like 1 in a lakh. They charge huge amounts of fines and do absolutely nothing to improve the road conditions, signs and most traffic lights won't even work properly. Couple of my friends got charged for lack of helmet in a car, the dispute option on their website does absolutely nothing.",4,0,1604591642.0,Galactro,False,negative,negative,negative,negative
gb86hmy,Also shows the insensitivity of Indians. We simply refuse to learn. So much time wasted due to this attitude. Why can’t we simply do the right thing and give way to ambulance?,7,0,1604584165.0,virtualnovice,False,negative,negative,negative,negative
gb810ew,Public hero!!!,3,0,1604580584.0,sanwfa,False,positive,positive,positive,positive
gb82xbx,God bless him,3,0,1604581935.0,dindindina4u,False,positive,positive,positive,positive
gb85u41,Hero we need but don't deserve,3,0,1604583779.0,cataclysm123,False,neutral,neutral,neutral,neutral
gb86d15,r/humansbeingbros,3,0,1604584091.0,yourdoom69,False,neutral,neutral,neutral,neutral
gb8a49u,People do give space but there's just no space to give,3,0,1604586232.0,savanrajput,False,neutral,neutral,negative,neutral
gb8cf4r,You should post this in r/humansbeingbros too!,3,0,1604587466.0,impolite_cow,False,neutral,neutral,neutral,neutral
gb8dfzk,Meanwhile looking at Delhi Cops I realise Hyderabad was the correct choice to live in,3,0,1604587996.0,,False,positive,neutral,neutral,neutral
gb8droj,I'm impressed.,3,0,1604588164.0,nnavinraj,False,positive,positive,positive,positive
gb8jmeg,Anyone else think that ambo seems super...narrow. Like that scene a from Harry Potter on the bus.,3,0,1604591065.0,,False,neutral,neutral,neutral,neutral
gb8kqf8,People just do not make way for ambulance in emergency. Pathetic that they have to be literally pushed off the road.,3,0,1604591589.0,Silverpool2018,False,negative,negative,negative,negative
gb8ldda,He had to do this because most people are inconsiderate selfish assholes,3,0,1604591886.0,trollsack2,False,negative,negative,negative,negative
gb8ljbg,"Cop name is G Babji, he was rewarded for going beyond the call of duty to assist in clearing a path for an ambulance.",3,0,1604591962.0,,False,positive,positive,positive,positive
gb8lmfy,The hero we don't deserve 🥺,3,0,1604592002.0,bladewidth,False,positive,negative,neutral,neutral
gb8mk31,This guy had a cop car before Hyderabad defunded the police.,3,0,1604592438.0,856510,False,neutral,neutral,negative,neutral
gb8nt6j,That's gutted to say that ppl don't care about others life,3,0,1604593014.0,Msink,False,negative,negative,negative,negative
gb8q2lo,More like Hyderabadass cop.,3,0,1604594050.0,Deeviant,False,neutral,neutral,neutral,neutral
gb7ztv4,I've been in a similar situation. Although the police was running to catch me for some reason,7,0,1604579705.0,,False,neutral,neutral,negative,neutral
gb7y95p,Who said  heroes  ain't  Real in India  you you or maybe you  I live in India. If you are from India namasta 😁😁😁😁,7,0,1604578443.0,rainshy1,False,neutral,neutral,neutral,neutral
gb82m6b,Upvote and make it to trending,2,0,1604581722.0,jay_dhan1998,False,neutral,neutral,neutral,neutral
gb83blh,Will never understand how people don’t give way to emergency vehicles,2,0,1604582202.0,sexy-melon,False,negative,negative,negative,negative
gb83w5t,"The guys on the two wheelers stopped for a second when pushed away and are back again blocking the way. They deserve a fucking good ol' roadrash kick!

The cop's a real champ though! I hope his efforts are recognised!",2,0,1604582572.0,gareeb0,False,negative,positive,positive,positive
gb844u9,Salute,2,0,1604582726.0,Nbn_10,False,positive,positive,positive,positive
gb84i7f,"Awesome cop, god bless him",2,0,1604582960.0,Altruistic_Sky1866,False,positive,positive,positive,positive
gb84zcn,[deleted],2,0,1604583259.0,,False,neutral,neutral,negative,neutral
gb852ee,How do you not have constant accidents? Everyone is literally just driving wherever,2,0,1604583311.0,ThatGuyNearby,False,negative,negative,neutral,negative
gb87ffh,Respect,2,0,1604584715.0,SoulReaverX2,False,neutral,positive,positive,positive
gb87k1t,r/nextfuckinglevel,2,0,1604584789.0,Abhiyan1289,False,negative,neutral,neutral,neutral
gb87ogn,While this is amazing the fact that people don’t know to move aside to make way for an ambulance is terrible. The moment you see an ambulance around you make way for it to pass. As simple as that.,2,0,1604584859.0,sonaldofds,False,negative,negative,neutral,negative
gb87q53,Things that still give me hope that we're not so bad afterall!,2,0,1604584887.0,,False,positive,positive,positive,positive
gb87sux,💪🏾🇮🇳I N D I A   M A N 🇮🇳💪🏾,2,0,1604584930.0,KathyBatesLoofah,False,positive,neutral,neutral,neutral
gb87uh6,r/nextfuckinglevel,2,0,1604584956.0,bestkrishna,False,negative,neutral,neutral,neutral
gb88720,r/HumansBeingBros,2,0,1604585159.0,zee_wild_runner,False,neutral,neutral,neutral,neutral
gb88d01,"Shame on Indian public though.. 
Hats of to this cop👏🙏",2,0,1604585253.0,rush131290,False,negative,negative,negative,negative
gb88hj1,How disgusting it is that we don't give way to ambulances?,2,0,1604585325.0,oxfordcircus007,False,negative,negative,negative,negative
gb89xzt,Nice to see someone so dedicated yet sad to see the state of our country..,2,0,1604586137.0,chetan2788,False,negative,neutral,neutral,neutral
gb89z9b,"So sad, the siren should've been enough.",2,0,1604586156.0,yesvee619,False,negative,negative,negative,negative
gb8ad5l,This is exactly what will happen in India after the year 2020,2,0,1604586364.0,asparmar29,False,neutral,neutral,neutral,neutral
gb8e14j,The heroes we don't appreciate. Salute to his dedication,2,0,1604588299.0,,False,positive,positive,neutral,positive
gb8e1ay,What a pathetic nation we are where this is needed. Props to the cop.,2,0,1604588301.0,witchy_cheetah,False,negative,negative,negative,negative
gb8emwu,That is something!..this is so awesome..,2,0,1604588604.0,Notmykindascene,False,positive,positive,positive,positive
gb8f7of,"Superman? Indian 

[https://www.youtube.com/watch?v=4GC\_Q2YKNR0](https://www.youtube.com/watch?v=4GC_Q2YKNR0)",2,0,1604588898.0,thewhowiththewhatnow,False,neutral,neutral,neutral,neutral
gb8fctx,Amazing. Keep it up 😉😄😁,2,0,1604588971.0,Sahilrv14,False,positive,positive,positive,positive
gb8fkp6,Sometimes some policeman proves me wrong,2,0,1604589080.0,Step_Brother69,False,negative,negative,neutral,negative
gb8fnwc,Upvoted for visibility. Really hope you find him!,2,0,1604589126.0,QuarantineSucksALot,False,positive,positive,neutral,positive
gb8g4av,sad and happy at the same time,2,0,1604589357.0,Step_Brother69,False,positive,neutral,neutral,neutral
gb8gpjf,Is there no sirens in India? hes out front doing his weeewooooo like a boss,2,0,1604589651.0,Fritzj09,False,neutral,positive,neutral,neutral
gb8gwgl,"Let’s make this viral on Twitter,  we always talk about the bad cops. Such heroes need appreciation & encouragement.",2,0,1604589745.0,highlighteronfleek,False,positive,positive,neutral,positive
gb8hft2,He deserves a medal,2,0,1604590012.0,currymunchah,False,positive,positive,positive,positive
gb8ht52,Everyone liked it : ),2,0,1604590194.0,Rutwick_23,False,positive,positive,positive,positive
gb8igqr,Hats off,2,0,1604590514.0,Amandeep118,False,neutral,positive,neutral,neutral
gb8indr,/r/humansaremetal,2,0,1604590603.0,koraxnj,False,neutral,neutral,neutral,neutral
gb8lra9,Legend,2,0,1604592065.0,robokarizma03_08,False,positive,positive,positive,positive
gb8ltm4,Bow down everybody.,2,0,1604592096.0,robokarizma03_08,False,neutral,positive,neutral,neutral
gb8nlx8,Why not enforce law for traffic to give right of way? What happens to the patient if this guy is not around?,2,0,1604592922.0,ssinghblingg,False,negative,negative,negative,negative
gb8nqd5,Supercop :),2,0,1604592979.0,,False,positive,positive,positive,positive
gb8pkcy,I'm glad to know that now his video at every place... Make him famous..,2,0,1604593815.0,dudeyahoo4,False,positive,positive,positive,positive
gb8qmlx,example of great human being,2,0,1604594304.0,just_another_dude_69,False,positive,positive,positive,positive
gb8qw2y,Happy to see good traffic cops do exist.,2,0,1604594425.0,kakashi69696969,False,positive,positive,positive,positive
gb8tc3e,He is a man of sheer fucking will,2,0,1604595534.0,boommachine007X,False,negative,negative,negative,negative
gb8tjfk,Son of a gun 🖖,2,0,1604595625.0,beteljuize,False,negative,neutral,negative,negative
gb8tpx2,We need this kind of heroes in our country.,2,0,1604595708.0,kr8zytiger,False,positive,positive,positive,positive
gb7ypsl,F,2,0,1604578823.0,CuNI_007,False,neutral,neutral,neutral,neutral
gb80l4k,Melts my heart,3,0,1604580277.0,Fabi0_7,False,neutral,neutral,positive,neutral
gb81w8w,Love to see such kind and humble people. Love from Pakistan <3,5,0,1604581213.0,JansherMalik25,False,positive,positive,positive,positive
gb82399,Credit should be given where credit is due. Hats off to this man!,2,0,1604581350.0,niss1991,False,positive,positive,positive,positive
gb8ftlz,"Thank god this was in Hyderabad.

In a BJP controlled state they would have shot the patient and framed ambulance driver.",2,0,1604589207.0,ghostsac,False,negative,negative,neutral,negative
gb8uk1h,Please nominate this cop for Padma Bushan for service and also give him the top most honour in service in police,2,0,1604596089.0,basecamper09,False,positive,positive,positive,positive
gb80rcl,He's one of the real one's gents.,3,0,1604580403.0,idkjustgivemeany,False,positive,positive,neutral,positive
gb82f0p,"These are the heroes & media won't cover such stories, they & their shit...",3,0,1604581583.0,Alaxander609,False,negative,negative,negative,negative
gb8unqv,Who was in the ambulance? Average citizen or rich/famous person/politician?,1,0,1604596136.0,TheMendicantsRobe,False,neutral,neutral,neutral,neutral
gb8c3sa,Let's help him out financially?,1,0,1604587299.0,,False,neutral,neutral,positive,neutral
gb83l2e,"Not all hero's wear capes
Real question is which VIP was in that ambulance?",-1,0,1604582371.0,meglad0n-StarK,False,neutral,neutral,neutral,neutral
gb84p18,[removed],-13,0,1604583079.0,,False,neutral,neutral,negative,neutral
gb857ta,Which politician was in the ambulance?,-10,0,1604583402.0,desi7777777,False,neutral,neutral,neutral,neutral
gb83rfu,Bhagwan zinda hain,-4,0,1604582487.0,guytk_,False,neutral,neutral,positive,neutral
gb86w5e,u/vredditdownloader,1,0,1604584404.0,Redditerpikachu,False,neutral,neutral,neutral,neutral
gb87zl4,If it ain’t on Strava it doesn’t count /s,1,0,1604585038.0,sherlocked_13,False,neutral,neutral,neutral,neutral
gb88nya,Cool dude but the problem that the people on the streets obviously don't understand the fact that you have to move for an ambluance stays.,2,0,1604585425.0,l3pus,False,negative,negative,neutral,negative
gb8bid0,r/savethisvideo,1,0,1604586983.0,dimlitglow,False,neutral,neutral,neutral,neutral
gb8k428,Are bc....ache log yar. Kudos to this guy.,1,0,1604591296.0,Schmosby123,False,positive,positive,neutral,positive
gb8r11u,u/savethisvideo,1,0,1604594487.0,mr-uncertain,False,neutral,neutral,neutral,neutral
gb8ux0p,"Idiots need to be told to move for an ambulance, pathetic! Sad that the cop had to do this.",1,0,1604596250.0,samking20,False,negative,negative,negative,negative
gb8x7rv,He is the hero we shouldn’t need but hero we need. People should move by siren,1,0,1604597278.0,lazylogik,False,positive,positive,positive,positive
gb8xs5f,More power to him! 💯,1,0,1604597530.0,Phen0-Men0n,False,positive,positive,positive,positive
gb8ymtx,Really appreciate the efforts of police person. 🙏🙏🙏,1,0,1604597908.0,reddit_dhruv,False,positive,positive,positive,positive
gb8ynhv,No driver/rider even tried to get out of the way for an ambulance blaring a siren. Such lack of basic civility.,1,0,1604597916.0,distinct_name,False,negative,negative,negative,negative
gb8zwor,Great Human being.,1,0,1604598470.0,taalnhaal,False,positive,positive,positive,positive
gb90coy,"The actual reward all the people should give to him is to actually follow all the traffic rules and make way to ambulance, that's all he wanted in this video.",1,0,1604598667.0,mayasabha,False,neutral,neutral,neutral,neutral
gb91n4c,"Dude going above and beyond.... I wish people would be more responsible, instead of worrying about making it home 5 mins earlier in their daily commutes....",1,0,1604599229.0,Nubian003,False,negative,negative,positive,negative
gb93gpt,It's like tetris with cars and if you lose someone somewhere dies.,1,0,1604600050.0,kvakerok,False,negative,negative,negative,negative
gb93gs9,"Never understood this about Asia. If people don’t get out of the way for an ambulance, there’s something wrong with the culture",1,0,1604600051.0,conniverist,False,negative,negative,negative,negative
gb94xr9,"Aaaah so thats why i had to do 2,6km in my Test to join the Police today...if i ever have to go to India im ready !",1,0,1604600711.0,Xz313,False,neutral,neutral,neutral,neutral
gb951jx,"He is a hero. 

But this also shows the sad state of affairs that he has to do that.",1,0,1604600758.0,account_for_norm,False,negative,negative,negative,negative
gb96seb,r/nextfuckinglevel,1,0,1604601552.0,TKamal95,False,negative,neutral,neutral,neutral
gb97acu,It's not the cops here . There are good cops too. But why cannot people take initiative and move aside understanding that an ambulance needs space to rush to a hospital to save someone.,1,0,1604601777.0,ashwinr63,False,negative,neutral,negative,negative
gb9b2pp,r/mademesmile,1,0,1604603561.0,tensor-core,False,neutral,positive,neutral,neutral
gb9b96c,"I remember the first time I visited the Philippines and experienced their traffic.  I can best describe it as '4 lanes of traffic, with 9 lanes worth of cars'.  And yeah, I saw ambulances with their sirens basically just sitting there stuck because people would cut in front of them.  it was a crazy thing to see.",1,0,1604603643.0,Vash_the_stayhome,False,neutral,negative,neutral,neutral
gb9f8qr,It's just sad that people have to be told to make way for an emergency vehicle,1,0,1604605485.0,rollingrath,False,negative,negative,negative,negative
gb9gxhc,I am happy he did that but sad that he had to,1,0,1604606244.0,agurlll,False,negative,neutral,neutral,neutral
gb9hrpk,r/nextfuckinglevel,1,0,1604606629.0,pudaxinator,False,negative,neutral,neutral,neutral
gb9io03,I wish his efforts are recognized by his department. This man should be honored.,1,0,1604607045.0,ChanakyaZ,False,positive,positive,positive,positive
gb9l6za,"Shining India. This is so unnecessary. Basic common sense should prevail. If there is an ambulance with siren ON, GTFOW.",1,0,1604608201.0,locomocopoco,False,negative,negative,neutral,negative
gb9rauy,"I feel sorry for this situation in India. 

Why can't we Indians automatically give way to emergency services when they hear the siren. Why this cop has to run like this? 

All foreign countries traffic stops to give way to emergency services. Why can't we do this?",1,0,1604610962.0,benevolent001,False,negative,negative,negative,negative
gb9smno,This is as close to real-life naik I can see,1,0,1604611575.0,Zeref21,False,neutral,neutral,neutral,neutral
gba1u93,Gold quality human,1,0,1604615900.0,tiddu,False,positive,positive,positive,positive
gba5haw,Traffic police are the only ones who work genuinely,1,0,1604617613.0,uchiha_vijay,False,neutral,neutral,neutral,neutral
gba79qr,Sorry state of affairs that someone has to tell you what an ambulance is.,1,0,1604618488.0,infraninja,False,negative,negative,negative,negative
gba7unz,"If I would do that  , i will need ambulance half way through the run",1,0,1604618768.0,gggg566373,False,negative,negative,neutral,negative
gba9e00,What a machine!,1,0,1604619529.0,JX121,False,positive,positive,neutral,positive
gbadp4e,"A huge huge salutation to the cop!! But feeling quite enraged about the situation in India, and as some rightly said, a system that breeds frustration and dishonesty!",1,0,1604621426.0,hshankar_i,False,negative,negative,negative,negative
gbai008,Bless that cop,1,0,1604623482.0,Sweeeet_Chin_Music,False,negative,positive,positive,positive
gbailp3,Can't we identify who this is and reward him? Or at least recognize him in some way? I never have any respect for cops because I never see them do anything but take a bribe. Maybe we can change that impression.,1,0,1604623780.0,,False,negative,negative,neutral,negative
gbajaxh,give this man a pay raise,1,0,1604624123.0,needforspeed1111,False,negative,positive,positive,positive
gbaon0o,Great cop very few Good Samaritan cops but most cops are corrupt in India,1,0,1604626753.0,Johnresident,False,negative,negative,positive,negative
gbapsh1,2km is nothing,1,0,1604627316.0,elevenatx,False,neutral,neutral,negative,neutral
gbaqif1,Who's cutting onions here?,1,0,1604627671.0,FixMyEnglish,False,neutral,neutral,neutral,neutral
gbawsrk,The pink shirt guy on the bike(scooty) an asshole,1,0,1604630720.0,gokuisjesus,False,negative,negative,negative,negative
gbaxro2,So many uneducated fucks on the road,1,0,1604631197.0,lllllll______lllllll,False,negative,negative,negative,negative
gbayad1,someone make this viral please,1,0,1604631451.0,,False,neutral,neutral,negative,neutral
gbayo3d,Need more policemen like this,1,0,1604631639.0,NInjas101,False,positive,positive,neutral,positive
gbaz87c,Give this guy a Gatorade .,1,0,1604631922.0,darkknight5909,False,negative,neutral,positive,neutral
gbb0y8v,"Noice, is it a rare occurrence or happens regularly?",1,0,1604632809.0,AGENT4TY7,False,neutral,neutral,neutral,neutral
gbb13je,We shouldn’t be proud about this.,1,0,1604632883.0,tejub6,False,negative,negative,negative,negative
gbb1ilc,Fucking legend,1,0,1604633097.0,plague242,False,positive,negative,negative,negative
gbb1ljf,Everyone Liked it.,1,0,1604633136.0,GursimranM4,False,positive,positive,positive,positive
gbb31n1,Crappy people. Crappy country,1,0,1604633862.0,pentagram87,False,negative,negative,negative,negative
gbb3yrw,Hats off to this man!,1,0,1604634321.0,anuragmehra,False,positive,positive,neutral,positive
gbb97ju,Hats off to this madlad💪🏼💪🏼💪🏼💪🏼💪🏼🙏,1,0,1604637151.0,Aaron_Mozz,False,positive,positive,neutral,positive
gbbaho8,"The traffic cops in Hyderabad have some amazing people who get a lot of shit done. There are so many instances of them during the floods and stuff just keeping things moving. Hyderabad has shitty traffic but it would be way worse without these guys. There is corruption, but they are still responsive and care about their work. Oh and their twitter is pretty funny.",1,0,1604637904.0,NeverAware,False,positive,positive,neutral,positive
gbbcect,Everyone liked that,1,0,1604639077.0,aryanvrm19,False,positive,positive,positive,positive
gbbd1gz,The hero india need :),1,0,1604639488.0,sbbsushil,False,positive,positive,positive,positive
gbbeirh,[deleted],1,0,1604640457.0,,False,neutral,neutral,negative,neutral
gbbfhe9,salute you brother for the humanity,1,0,1604641087.0,pbjalandhar,False,positive,positive,positive,positive
gbbn2n1,Always good to see actually useful wardi wallahs.,1,0,1604646888.0,longgamma,False,positive,positive,positive,positive
gbbqacz,r/savethisvideo,1,0,1604649693.0,WINDTHEAIR,False,neutral,neutral,neutral,neutral
gbbsm7n,Awesome!!,1,0,1604651866.0,Azqaadesigns,False,positive,positive,positive,positive
gbbts3h,"Imagine how bad the air must be, and to run 2km in that environment!",1,0,1604652995.0,MMVatrix,False,negative,negative,negative,negative
gbbuc70,A few good apples here and there but the orchid is rotten to the core.,1,0,1604653544.0,TendarCoconut,False,negative,negative,negative,negative
gbbv5cv,Fit copper,1,0,1604654366.0,ForthCrusader,False,neutral,neutral,positive,neutral
gbcdwzn,"Shame on these pathetic people on the road driving their cars and scooters/bikes. One of the most important things in road rules is to give way to an ambulance and yet this. Bh**c**d, ye bc sab ke sab time pass karke license le lete hai but don't know how to behave on the roads. And travel in their high class cars with their family and kids and yet act like a chapri baaz uneducated fool. Travel vlogers and chapri bikers ke youtube pe dekh ke khud ko pro driver samajhte hai saale. Jab thukenege tab pata lagega. Waise the number is not less when it comes to road accidents in India. Not a surprise, right?",1,0,1604670203.0,,False,negative,negative,negative,negative
gbcexvn,"I feel like punching people in the face when they get a challan for not wearing a helmet/DL-RC-Insurance/using wrong beam and they act like a victim and argue with the cop to give the challan. If this is not stupidity, I don't know what is then.",1,0,1604670789.0,,False,negative,negative,negative,negative
gbcgl4y,What a legend!,1,0,1604671670.0,areebgunner,False,positive,positive,positive,positive
gbfiqo1,"All cars need to get out of the way to let ambulance (or other emergency vehicles) pass. This needs to be taught when you apply for driver's license.

And why does the ambulance does not have red/blue flashing lights? Are those reserved for VIPs only?

And why is the police car driver blocking the street like all the other idiots? You'd assume they'd be given some basic training in how to handle emergency situations.

Anyway, hats off to the guy - his dedication to duty is a rare sight.",2,0,1604730325.0,hissnspit,False,neutral,negative,neutral,neutral
gc5gv9h,r/nextfuckinglevel,1,0,1605275162.0,La534al7s,False,negative,neutral,neutral,neutral
gc94bxy,Indians are the best,1,0,1605362712.0,StretchOk3460,False,positive,positive,positive,positive
gc98hoq,"Most of the police are corrupt, I'm sad to say this but there are few who got into this profession to do good and serve. Respect.",1,0,1605365636.0,dexp1,False,negative,negative,negative,negative
gcq49pf,"Being an Indian, this is extremely nice to watch. The Indian police is really bad. Sometimes it is the police that's corrupt while the rest of the times the honest officials are persuaded to do *stuff* by higher (more corrupt) authorities. This video is just amazing.",2,0,1605712834.0,,False,negative,negative,positive,negative
gd8iaxj,Great Man🤩😍,1,0,1606065411.0,,False,positive,positive,positive,positive
gdbxfpd,Love from Bangladesh 🇧🇩💖,1,0,1606140204.0,Sakib_is_now_on,False,positive,positive,positive,positive
gdbzhrf,u/savethisvideo,1,0,1606141508.0,,False,neutral,neutral,neutral,neutral
gb82ctj,Not all cops are bad.,380,1,1604581539.0,Bourbonaddicted,False,negative,neutral,negative,negative
gb80wft,"Also niggas need to know to move left or right and make way when an ambulance is passing!


It's basic knowledge yet you see an auto driver in this video with sufficient space next to the bus stay in his lane.

Also roads need to have shoulder paths to make way for emergency vehicles",67,1,1604580505.0,4-20BlazeItMan,False,neutral,neutral,neutral,neutral
gb8exp4,"No hero should wear capes

- EM",3,1,1604588757.0,CircuitMa,False,neutral,negative,negative,negative
gb8ih60,Get this man a car,1,1,1604590519.0,Dilpreet04,False,negative,neutral,negative,negative
gb93d6g,Heros*,1,1,1604600006.0,here_for_the_meems,False,neutral,positive,positive,positive
gb9c74e,"But they do wear masks....

Just sayin",1,1,1604604087.0,publicbigguns,False,neutral,neutral,neutral,neutral
gbb1xtj,Sometimes they wear caps.,1,1,1604633301.0,,False,neutral,neutral,neutral,neutral
geday2y,Some wear khakhis.,1,1,1606918250.0,waffle_wizzard999,False,neutral,neutral,neutral,neutral
gb7zqj9,Get that man an oxygen mask his lungs must be full of all kinds of pollution having run through that lot.,148,1,1604579634.0,MJMurcott,False,negative,negative,negative,negative
gb88od8,Get this man a motorcycle! A Hero for a hero!,55,1,1604585432.0,kwonza,False,positive,positive,positive,positive
gb83o2z,[deleted],-51,1,1604582427.0,,False,neutral,neutral,negative,neutral
gb9hgqa,And give all others blocking the path of the ambulance a challan.,1,1,1604606486.0,papa-kehte-the,False,negative,neutral,neutral,neutral
gb8t9ic,"All credit to the cop. 

This hero deserves a medal and raise. 

And I do think that this does not happen in all over India though IMHO. 
I'm from Kerala, and stay in Tamil Nadu. I have seen a lot of times how people actually give way. Once in a place called Tambaram, we were stuck for over 45 mins in traffic and heavy rain. In came am ambulance and within 2 mins, there was a path cleared and it went on its way. 

But the sad thing is the path was overrun the minute the ambulance left. So it's not like we can't do it it's just we simply choose not to. I have always given first priority to pedestrians and ambulances even if I'm in a hurry.",44,1,1604595501.0,torchaj,False,neutral,negative,neutral,neutral
gbm8jok,The siren serves no purpose here.,2,1,1604848163.0,,False,negative,negative,negative,negative
gb8ctab,Couldn’t you chalk it up to there being too many people in addition to people wanting to stay in the lines metaphorically and literally?,-1,1,1604587671.0,DifferentHelp1,False,neutral,neutral,neutral,neutral
gd28fww,"Traffic is a mess in India. Not the people, the system!",1,1,1605968820.0,Macho2198,False,negative,negative,negative,negative
gb8cp35,I suppose that’s the price of being a cop. People love it when cops are good and we hate it when cops are bad.,-8,1,1604587610.0,DifferentHelp1,False,negative,negative,neutral,negative
gb9bpi9,And less people like them.,1,1,1604603860.0,rkay329,False,negative,negative,neutral,negative
gb80ami,"Yes, he was awarded in Hyderabad today.",64,1,1604580057.0,netizen21,False,neutral,positive,positive,positive
gbayztl,Who was in the ambulance?,0,1,1604631803.0,runningeek,False,neutral,neutral,neutral,neutral
gb8uiyg,Exactly! The cop and the ambo both should’ve had a wireless/walkie/comms equipment on a mutual frequency on them! Kudos to the cop but we seriously lack basic emergency infrastructure. A wireless comms system is pretty basic to have for any kind of emergency response!,2,1,1604596076.0,,False,negative,neutral,neutral,neutral
gb851wz,[That's the ambulance's siren. It's not a superhero themes song.](https://giphy.com/gifs/harry-potter-emma-watson-hermione-granger-iIqcyjsrIhxK0),-5,1,1604583302.0,dudeimconfused,1604587361.0,neutral,negative,negative,negative
gb87cdv,He did get awarded.,5,1,1604584668.0,Igadok,False,neutral,positive,positive,positive
gb8t3jk,"Most indians don't have enough value for their own life and will refuse to wear a helmet on a motorbike and fake wear a seatbelt while driving a vehicle. 

There are laws but most road violations are never frequently enforced enough to deter the law-breakers.

A lot more Indians are getting into the habit of letting ambulances through but there are a SH*T ton of people who dont give a rats ass about other peoples lives. 

My advice to all indians is become better people or this thing is going to become instant karma for you when your ambulance is stuck in traffic.....",9,1,1604595428.0,man_iii,False,negative,negative,negative,negative
gb8m5vr,Next time just remember to make way for the ambulance and just following all the traffic rules in general might be the biggest help,9,1,1604592256.0,dark-trojan,False,positive,neutral,neutral,neutral
gb8qc00,"Thanks for the article, nice to know good people getting the recognition they deserve.",1,1,1604594170.0,freshsalsadip,False,positive,positive,positive,positive
gb81a2a,"While I get the excitement and rage, this definitely would be more harmful for any patient in the ambulance than those outside.",41,1,1604580776.0,Lycan_Trophy,False,negative,negative,negative,negative
gb89gar,I have also noticed this when I visited Mumbai. Infact vehicles stop to let you cross the road. Atleast they slow down.,7,1,1604585868.0,crackedskull249,False,neutral,neutral,negative,neutral
gb8zjwc,Pune too. Some cities just seem to have that.,3,1,1604598314.0,damaged_and_confused,False,neutral,neutral,neutral,neutral
gb880d2,"> And fuck you to all the people who needed to be told to make way. This is basic human decency. 

It is also against the law which by the way he is tasked to enforce.",1,1,1604585051.0,,False,negative,negative,negative,negative
gb839sc,I am trying to findout,3,1,1604582169.0,,False,neutral,neutral,negative,neutral
gb839j8,[G Babji](https://www.reddit.com/r/india/comments/joh0pa/hyderabad_cop_running_for_2_km_to_help_ambulance/gb837ve?utm_medium=android_app&utm_source=share&context=3),7,1,1604582164.0,Mayatsar,False,neutral,neutral,neutral,neutral
gb86xbn,"We do have protocols to follow when there is an emergency vehicle with a siren on is passing by but the majority of the people don't bother to know/follow them. These questions will eve come up during learner's test but, you know, who takes their license tests the genuine way these days?",4,1,1604584424.0,RedHawX,False,negative,negative,neutral,negative
gb89n6p,May be attach a camera in front of an ambulance and start penalising people who don't give way.,5,1,1604585973.0,crackedskull249,False,negative,negative,negative,negative
gbb3wnm,He just did his fucking job,1,1,1604634293.0,pentagram87,False,negative,negative,negative,negative
gbbyq1j,Should feel ashamed mana kada ambulance ni dekakunda undadatam valle ayana ala cheyalsi occhindi..,1,1,1604657912.0,,False,negative,negative,negative,negative
gb8u86f,"Nothing new about the police in hyd, they are the same everywhere in our country.  Here in Bangalore, they are more keen to stop vehicles & harass to collect fines (majorly bribes) instead of managing traffic.",2,1,1604595939.0,sanwfa,False,negative,negative,negative,negative
gb8x6mt,"Why the fuck don't you ask for receipts ? If a cop uses money to put in his pocket he wont give you a receipt. Ask for a fucking receipt , if the price mentioned in receipt is less than what you paid , you have proof of the fact that this guy was taking money for his own benefit.",1,1,1604597264.0,high_dro18,False,negative,negative,negative,negative
gb8fq2w,that will come in the way of becoming careless na!,3,1,1604589157.0,Step_Brother69,False,negative,negative,negative,negative
gb8hleq,"This should ideally be on r/nottheonion

The fact that a cop had to run clearing vehicles to allow for an emergency vehicle to move through it is just sad.",3,1,1604590089.0,cheesz,False,negative,negative,negative,negative
gbb3zy1,"Yes, I want to see what it looks like.",1,1,1604634338.0,Phate1989,False,neutral,positive,neutral,neutral
gb8twnk,His designation? Any idea?,1,1,1604595793.0,sanwfa,False,neutral,neutral,neutral,neutral
gb8dst4,Indian penal code should have left india with britishers,1,1,1604588180.0,Haggerstonian,False,negative,neutral,negative,negative
gb87k65,We are used to it now,2,1,1604584791.0,Igadok,False,neutral,neutral,neutral,neutral
gbcfyu7,There are other cops who are probably doing it but won't get recorded.,1,1,1604671337.0,,False,neutral,neutral,neutral,neutral
gb87jrj,[deleted],3,1,1604584785.0,,False,neutral,neutral,negative,neutral
gbcgbvy,Mr Gandhi /s,1,1,1604671532.0,,False,neutral,neutral,neutral,neutral
gb8r31l,"Yes, video. It's ready 
###[Download via redditsave.com](https://redditsave.com/info?url=/r/india/comments/joh0pa/hyderabad_cop_running_for_2_km_to_help_ambulance/)


 --- 
 [**Info**](https://np.reddit.com/user/SaveThisVIdeo/comments/iggmt9/info/)&#32;|&#32; [**Feedback**](https://np.reddit.com/message/compose/?to=Kryptonh&subject=Feedback for savethisvideo) &#32;|&#32; [**Donate**](https://ko-fi.com/getvideo)",1,1,1604594513.0,SaveThisVIdeo,False,neutral,positive,neutral,neutral
gbbeqrz,"Hey! Video is ready 
###[Download via redditsave.com](https://redditsave.com/info?url=/r/india/comments/joh0pa/hyderabad_cop_running_for_2_km_to_help_ambulance/)


 --- 
 [**Info**](https://np.reddit.com/user/SaveThisVIdeo/comments/iggmt9/info/)&#32;|&#32; [**Feedback**](https://np.reddit.com/message/compose/?to=Kryptonh&subject=Feedback for savethisvideo) &#32;|&#32; [**Donate**](https://ko-fi.com/getvideo)",1,1,1604640602.0,SaveThisVIdeo,False,neutral,neutral,neutral,neutral
gb8aiw2,"It is actually the system which breeds bad cops. The system gives cops near immunity for crimes. Cops should be held at the same (if not higher) standard for law and order...

But hats off to this guy. Also, why are people so stupid to not let an ambulance through?! SMH",130,2,1604586450.0,gaurangpanchal94,False,negative,negative,negative,negative
gb82pu6,True. Only few bad cops draw attention which lead to biased views towards police.,50,2,1604581794.0,,False,negative,negative,neutral,negative
gb8u4km,"Commenting from USA, you gave me a chuckle. I cannot comment in your country's conditions as I do not have first hand knowledge nor don't know the history of policing in India. But if the history of policing is similar to of my country, then we aren't much different.",4,2,1604595893.0,,False,neutral,neutral,neutral,neutral
gb9ciff,"/r/politics would call you a Nazi for saying that, lol.",3,2,1604604234.0,,False,negative,negative,negative,negative
gb8prob,"Most cops in America are. Other country bad cops just have a power trip. In America, it looks like they are encouraged to be the worst possible version",3,2,1604593910.0,,False,negative,negative,negative,negative
gb8xyy1,"Not all cops are bad, but ACAB still stands. The B stands for bastards. They all are aren't personally bastards though, its just the laws they operate under and the tactics used on citizens and the thin blue they don't cross to hold each other accountable... shit like that.",0,2,1604597614.0,RedxEyez,False,negative,negative,negative,negative
gbaf57b,"Also, cops generally do this in India if the person on ambulance is 'important'",1,2,1604622091.0,h_assasiNATE,False,neutral,neutral,neutral,neutral
gbbu9ro,Too many of them are bad,1,2,1604653476.0,TendarCoconut,False,negative,negative,negative,negative
gb83pds,"Lol the ambulance lanes would be full of vegetable vendors in like a week.

People in India don't give a fuck.",55,2,1604582450.0,JackDockz,False,negative,negative,negative,negative
gb83knj,"The kind of people who follow tight cleanliness on foreign vacation and drop shit n filth as free real estate when they come back live here. Don't expect much from Indians. 'Apun ich bhagwaan' mentality.

And getting learning license is easier than reciting alphabets. That is the real time to know about basic rules which they miss.",11,2,1604582364.0,VillsSkyTerror,False,negative,negative,negative,negative
gb84yjg,Please don't say the N word.,19,2,1604583245.0,Tomato_ketchup_,False,negative,negative,negative,negative
gb88ocb,"People always think about themselves. If it's not my problem then I don't care.

And this is with everyone no matter which country you live in. Even I'm victim of this mentality.",2,2,1604585431.0,,False,negative,negative,negative,negative
gb963ef,"Heroes, heros is a fish native to South America.",1,2,1604601234.0,haazzed,False,neutral,positive,neutral,neutral
gb9xn1p,"advertisement x100  


Hero should pay you for that comment lol",16,2,1604613911.0,Psg303,False,positive,neutral,positive,positive
gb8o1t8,Wtf?,3,2,1604593126.0,alizahir23,False,neutral,negative,negative,negative
gb95oia,I grew up in Tambaram!,5,2,1604601045.0,rang14,False,neutral,neutral,positive,neutral
gbb3roh,He did his fucking job,1,2,1604634224.0,pentagram87,False,negative,negative,negative,negative
gb8e3r8,"no, they can easily sacrifice 4-5 minutes a day to move to the side when there is an emergencyt vehecle behind. its the right thing to do besides a law too. maybe people will follow it when fined Rs500 for not moving to the side. or after they lose someone close to them who was stuck in an ambulance with a curable disease/ accident, just took 5x the time to reach hospital",23,2,1604588336.0,seventomatoes,False,neutral,neutral,negative,neutral
gb8olop,"If it were just the cars and bus, maybe. But you can clearly see a few bikes/scooters just following the cop tight because he's making a path and they are going to make use of it; there's no way they don't realize the ambulance is right behind them; they just don't care.",4,2,1604593375.0,Da_Anh,False,negative,neutral,negative,negative
gb8e3ma,"Ah yes, people like it when people do good things, and hate it when they do bad things. Who woulda thought?",20,2,1604588334.0,A_Damp_Tree,False,negative,neutral,neutral,neutral
gb8n955,"Figuring out secrets of the universe, aren't we.",6,2,1604592759.0,bbaahhaammuutt,False,neutral,neutral,neutral,neutral
gb8jpef,>I suppose that’s the price of being a ~~cop~~ person. People love it when ~~cops~~ people are good and we hate it when ~~cops~~ people are bad.,1,2,1604591104.0,nefariousbuddha,False,negative,neutral,neutral,neutral
gb8oebb,"People love it when i give them gifts but they hate me when i steal their stuff, why would they do that?",1,2,1604593282.0,dhruvbzw,False,negative,negative,neutral,negative
gb829su,Who is the cop? A link to an article? The callousness of the people on the road is horrifying though,26,2,1604581478.0,_niki,False,negative,negative,negative,negative
gbb71b9,patient,1,2,1604635933.0,parthamurmu,False,neutral,neutral,positive,neutral
gb8bhro,username checks out,5,2,1604586973.0,garlicgonegarbage,False,neutral,neutral,neutral,neutral
gb82p3d,I don't think that's meant to be taken seriously.,41,2,1604581779.0,PeterQuin,False,negative,negative,neutral,negative
gb8gl7y,"fine! then plush inflatable bumpers that make a squeaky-toy SQUEAK! when you bump them into things. 

/s",13,2,1604589591.0,FrustratingBears,False,positive,neutral,neutral,neutral
gb8ur8l,Yea they seem to be pretty strict to anything road related. My friend in mumbai had an actual driving test before getting his license. Which should be the norm everywhere but it's not.,5,2,1604596180.0,bbaahhaammuutt,False,neutral,negative,neutral,neutral
gb8h1m2,Driving test in my region for a woman is to sit on the bike and get down instantly. Done. License Home Delivery.,6,2,1604589818.0,sumedh0123,False,neutral,neutral,neutral,neutral
gb94kom,"Yeah...that's fair, sadly ambulances getting stuck in traffic is pretty common here :( I agree with what you're saying, but it's good on that cop for doing this!!",2,2,1604600547.0,impolite_cow,False,negative,negative,neutral,negative
gb8v39z,He is a traffic Constable,2,2,1604596329.0,,False,neutral,neutral,neutral,neutral
gb87or7,[removed],-8,2,1604584864.0,,False,neutral,neutral,negative,neutral
gb8uutw,I've noticed that ambulances in India don't have very loud sirens. In other countries the ambulance sirens are so loud they are heard for almost a km.,50,3,1604596223.0,greedymonk,False,neutral,neutral,neutral,neutral
gb95olj,"It's that not that the system creates bad cops but rather that the system is generally not that good at removing bad cops

Which while are a very small minority not as still a problem",7,3,1604601046.0,adriano_gunny,False,negative,negative,negative,negative
gbafc63,"WE are the 'system' you describe. Honestly, most of us will sell out our souls for money (most humans across the globe) so it's something we can't help until we transcend beyond GREED",1,3,1604622186.0,h_assasiNATE,False,negative,negative,neutral,negative
gb8esuj,"Genuine question, not trying to lead you on. Could I see some concrete instances of the judicial system going easier on cops?",0,3,1604588688.0,LFoure,False,neutral,neutral,neutral,neutral
gbb5rom,"Hyderabad is one of the cities in India where people are actually sensitive to giving way to ambulances (source - have seen it live without fail in Hitech City as well as Secunderabad). Only when it's really crazy, with literally no wiggle space, will you need something like this to help things along. Kudos to the cop.",1,3,1604635255.0,madguy000,False,positive,positive,positive,positive
gb82wcs,"Well, it's actually the other way round. Number of good cops < bad ones.",110,3,1604581916.0,Mayatsar,False,neutral,neutral,neutral,neutral
gb87jx4,"Well it’s a fair opinion. As Chris rock says, some jobs cannot have a few bad apples. Tomorrow if an airline comes in and says almost all of our pilots can land but there are a few bad apples who can’t land. Would you overlook that?",15,3,1604584787.0,sonaldofds,False,negative,neutral,neutral,neutral
gb8f12a,Such an elementary take on the problem of policing lmao,1,3,1604588806.0,ricemakesmehorni,False,negative,neutral,neutral,neutral
gb85f7r,That's what mann.. many problems with the citizens itself.. and we can't say that citizens are bad... Everyone is used to not giving a fuck to anything else... So sad,12,3,1604583530.0,vishwas_gajawada,False,negative,negative,negative,negative
gb885vl,[deleted],-10,3,1604585140.0,,False,neutral,neutral,negative,neutral
gb98x2l,Aw fuck I messed up 🤮,1,3,1604602561.0,here_for_the_meems,False,negative,negative,negative,negative
gb9yhrr,"You can cash the check in my name. 
#Hero4AHero",2,3,1604614310.0,kwonza,False,positive,positive,positive,positive
glcx2bk,"IMO a little above and beyond. 
His job by definition is enforcing the traffic rules, not running in traffic asking others to get out of the way.",1,3,1612005893.0,torchaj,False,neutral,negative,neutral,neutral
gb8sxlr,Dude's a hundred light years ahead,1,3,1604595353.0,legend_noob,False,positive,neutral,neutral,neutral
gb837ve,[His name is G Babji](https://www.moneycontrol.com/news/trends/watch-hyderabad-police-constable-runs-2-km-to-clear-way-for-ambulance-6071081.html),38,3,1604582134.0,Mayatsar,False,neutral,neutral,neutral,neutral
gb8c1gd,Ig I should've added that /s,5,3,1604587264.0,dudeimconfused,False,negative,neutral,neutral,neutral
gb8x1hr,Kalyan RTO??,3,3,1604597200.0,,False,neutral,neutral,neutral,neutral
gbb30f4,Not at all discounting what he did. He saved a life and he will forever remain a hero for that.,1,3,1604633845.0,cheesz,False,positive,positive,positive,positive
gb87zmy,[deleted],1,3,1604585039.0,,False,neutral,neutral,negative,neutral
gb93tvq,"Let's also talk about these people who are right in front of the ambulance, but continue to hold their place ahead. There is a person dying, and I am sure they can hear the siren right behind them, they do not move over and wait for the ambulance to pass, this is abysmal & callous human behavior.",14,4,1604600213.0,GutsyGoofy,False,negative,negative,negative,negative
gb8zixt,[deleted],46,4,1604598302.0,,1613388095.0,neutral,neutral,negative,neutral
gbblkh4,"> I've noticed that ambulances in India don't have very loud sirens

The siren is pretty loud in this video. Maybe it's all the honking and other constant commotion on the road that prevents people up ahead realize what's going on.",1,4,1604645629.0,chamanao_man,False,neutral,negative,neutral,neutral
gb9ajgn,You hit it on the head! Thanks for correcting my point by adding more nuance,1,4,1604603313.0,gaurangpanchal94,False,neutral,positive,positive,positive
gbb35j2,There’s no such thing as a good cop. They are all corrupt AH,0,4,1604633915.0,pentagram87,False,negative,negative,negative,negative
gbamgnm,If that was the case then most human societies would be built on autocratic markets. Instead most societies lean towards a form of socialist capitalism. Humans default to truth when dealing with strangers (Quote from Talking to Strangers by Malcolm Gladwell),-1,4,1604625697.0,gaurangpanchal94,False,negative,neutral,neutral,neutral
gb8jaj0,"https://www.telegraphindia.com/opinion/police-immunity-can-have-serious-repercussions-on-civil-liberties/cid/1687204


Quote:
Although these provisions of the law are there through which cases can be filed against the police, there are also, at the same time, various immunities they enjoy by virtue of several laws. One such provision is Section 132 of Criminal Procedure Code 1973 which bars the filing of a criminal case against police officers in certain circumstances. Similarly, under Section 197 of the Criminal Procedure Code, a person requires permission of the Central Government for instituting criminal proceedings against a police officer who is accused of committing a crime while on duty.

In addition to these provisions in the Criminal Procedure Code, there are also state-specific laws, since law and order is a state subject and high court rules which require special procedures to file cases against the Police officials.",6,4,1604590909.0,gaurangpanchal94,False,neutral,neutral,negative,neutral
gb8v8jc,"You have a point. If I'm not wrong, I remember reading a PRS Legislative article which gives numbers on convictions in the police force. The structural makeup of the force is also a contributing factor among other causes. Lemme find and link it here.",1,4,1604596393.0,mamaa_oo_ooo_oo_oooh,False,neutral,neutral,negative,neutral
gb85x2x,Just like people? Because they are?,21,4,1604583829.0,exzeroex,False,neutral,neutral,positive,neutral
gb8e4nd,"Uhhh, got any proof to back this up?

You do realize the US has 700,000 cops, with millions of encounters per day.

The fact that the few fuckups are so highly scrutinized shows how well run our police forces are.

Not saying there isn't room for improvement, there always is.",2,4,1604588347.0,LFoure,False,negative,neutral,negative,negative
gb8hm5g,"At least in here thats not even close to being the case. Yet people are just spamming ACAB in social media even though they have never interacted with the police and the only people that they know that have, have been their friends doing dumb shit...",1,4,1604590100.0,thesoutherzZz,False,negative,negative,negative,negative
gb8yez6,"Well guess how awesome Indian citizens are : good citizen < bad ones. Also let me correct you , your notion of many comes from few. Indian Media shows their failures & bad practices on 1st page while their hard work attracts a measly 2 liner on 7-8 page of newspapers. It is a game of TRP for news channels while it is highly demotivating for the honest serving personnels.",0,4,1604597811.0,high_dro18,False,positive,negative,neutral,neutral
grbrkvm,Define good and bad cop? It is relative.,0,4,1616048681.0,,False,neutral,neutral,neutral,neutral
gb86cu0,Does it matter tho?,-2,4,1604584087.0,Ren_kurusu,False,neutral,neutral,neutral,neutral
gb8emgi,"They do have a few bad apples though, so do the police. There will always be a few bad apples.

There is defenitly more that can and should be done, but the idea that the majority of cops are out to shoot blacks is completely false, and a dangerous lie.",6,4,1604588598.0,LFoure,False,negative,negative,negative,negative
gb9hok5,"Fair point but airline pilots get exponentially better training than police. Most precincts are underfunded without the ability to properly train their officers, which is why I’ve personally never understood the defund the police thing.",2,4,1604606588.0,Beanheaderry,False,negative,negative,neutral,negative
gbb3gvk,No sweat. We have some terrible doctors coming out into the system due to low cutoff marks they are entitled to. Kill a few and they’ll be better doctors. Bad apples are acceptable you see! Mera bharat mahaan,1,4,1604634075.0,pentagram87,False,negative,negative,neutral,negative
gbb3pe4,"It again comes down to cops. Put in strict road rules, doesn’t matter. You can buy a cop with a small % of that fine",1,4,1604634193.0,pentagram87,False,negative,neutral,neutral,neutral
gb8awuw,Lol. we're all brown here. Not an excuse my man.,10,4,1604586658.0,aWildAnonAppeared,False,neutral,negative,neutral,neutral
gb8bphl,That's still not a reason for you to use it,3,4,1604587088.0,firebreather30,False,negative,negative,negative,negative
gb8cwba,"If you're not black you're not allowed to use it. Being brown isn't an excuse, since it's not your word to reclaim.",3,4,1604587715.0,justahalfling,False,negative,negative,neutral,negative
gb89qy1,It's the other word with -er that might get you banned,-2,4,1604586030.0,AkatsukiKojou,False,negative,negative,neutral,negative
gb8tqt0,"Thank you all for your kind words. It’s true, I know it. Lol

But seriously, I’m just saying the stakes are raised for cops.",1,4,1604595719.0,DifferentHelp1,False,positive,positive,positive,positive
gb83s5e,Thank you! That's nice to know,10,4,1604582500.0,_niki,False,positive,positive,positive,positive
gb8gzkz,"/s doesn't work like that. Yours was an attempted joke. Not sarcasm.

And people should have got it without the /s.",1,4,1604589789.0,cheesz,False,negative,negative,negative,negative
gb8xk0r,Hahaha. No. Wadala. Does this happen at kalyan too?,1,4,1604597429.0,sumedh0123,False,neutral,neutral,neutral,neutral
gb89f0i,[removed],-8,4,1604585848.0,,False,neutral,neutral,negative,neutral
gbbucqf,Where? I only see the auto driver do that here. In fact most of the vehicles are trying to make way for the ambulance,1,5,1604653560.0,beer-feet,False,neutral,neutral,neutral,neutral
gb93rkl,Right of way is reserved for the cow. You drive on the part of the road it isnt standing on.,30,5,1604600185.0,throwawayaccyaboi223,False,neutral,neutral,neutral,neutral
gbba799,[deleted],1,5,1604637731.0,,False,neutral,neutral,negative,neutral
gbanupf,"Ok, reading books is good. Not being honest about yourself is being ignorant. Don't tell me WE are not a greedy society coz then you sound like an idiot to me. Humans default to moral dilemma everyday in this age but nobody actually does something until shit hits them in the ass instead of thy neighbor. We have sold our souls to the promise of 'peaceful, progressive, developing lives' while ALMOST ALL businesses fuck our planet.",2,5,1604626369.0,h_assasiNATE,False,negative,negative,negative,negative
gb864w2,"People are usually governed by laws and face punishment for gross over reactions and violence.

Police are generally immune to prosecution and just might sue you for the emotional damage they got while murdering your loved one.",42,5,1604583956.0,BrockManstrong,False,negative,negative,negative,negative
gb8erfw,You’re on r/India,12,5,1604588669.0,AshTreex3,False,neutral,neutral,neutral,neutral
gb8je0e,"[Police Brutality is Widespread and Celebrated in India](https://www.freedomgazette.in/2020/06/police-brutality-is-widespread-and-celebrated-in-india/)

[Police brutality: No functioning redressal system](https://www.deccanherald.com/specials/insight/police-brutality-no-functioning-redressal-system-871190.html)

[Lockdown deaths in India ignite debate on police brutality](https://apnews.com/article/virus-outbreak-police-international-news-india-police-brutality-434547757272fecb25777597c8cb333c)

[Former tennis player Somdev Devvarman shares his experiences with racism and social injustice in India](https://indianexpress.com/article/sports/tennis/somdev-devvarman-why-are-we-comfortably-numb-6501738/)

[AN AVERAGE OF FIVE PEOPLE DIE IN POLICE OR JUDICIAL CUSTODY DAILY, WITH 74.4% SUCCUMBING TO INJURIES FROM TORTURE AND 19.2% SUPPOSEDLY ‘COMMITING SUICIDE](https://dailycampus.com/2020/10/28/the-indian-police-brutality-pandemic/)

[Fair and Unbiased Policing Still a Far Cry in India](https://m.thewire.in/article/society/fair-and-unbiased-policing-still-a-far-cry-in-india)

[Police Study Finds 'Significant Bias Against Muslims' in India](https://www.albawaba.com/news/study-found-significant-bias-against-muslims-india-1306752)

[Visible police bias in probe into Delhi anti-CAA riots
](https://www.newindianexpress.com/opinions/editorials/2020/sep/17/visible-police-biasin-probe-into-delhi-anti-caa-riots-2197922.html)

[Bias and the police
](https://frontline.thehindu.com/cover-story/article30211828.ece)

[Women police personnel face bias
](https://www.thehindu.com/data/women-police-personnel-face-bias-says-report/article7554550.ece)

[Police & Prejudice: 10 Hard-Hitting Stats That Show The Bias That Runs In Indian Cops
](https://www.scoopwhoop.com/news/police-prejudice-hard-hitting-stats/)

[For Rape Victims in India, Police Are Often Part of the Problem](https://www.nytimes.com/2013/01/23/world/asia/for-rape-victims-in-india-police-are-often-part-of-the-problem.html)

[Incompetency and Challenges of Police in Rape Cases](https://www.researchgate.net/publication/326994587_Incompetency_and_Challenges_of_Police_in_Rape_Cases)

[Hathras case: A woman repeatedly reported rape. Why are police denying it?](https://www.bbc.com/news/world-asia-india-54444939)

[Indian police accused of mass rape during operation](https://www.google.com/amp/s/www.aljazeera.com/amp/news/2017/1/8/indian-police-accused-of-mass-rape-during-operation)

[Five police suspended over India gang-rape](https://www.bangkokpost.com/world/1995979/five-police-suspended-over-india-gang-rape)

[Indian police killing rape suspects is not justice
](https://www.theguardian.com/commentisfree/2019/dec/10/indian-police-killing-rape-suspects-shootings)

[Go Hunting](https://www.qwant.com/?q=Indian%20Police%20reforms&t=web&client=brz-brave)",17,5,1604590954.0,Mayatsar,False,negative,negative,negative,negative
gbb3jua,"Imagine you get an eye operation done with one of those “bad apple” surgeons. Happens, you know!! If that’s not acceptable, why is this acceptable?",1,5,1604634117.0,pentagram87,False,negative,negative,negative,negative
gb8k6j9,Yeah but nowadays people just use it show something isn't supposed to be taken seriously,2,5,1604591328.0,dudeimconfused,1604606272.0,negative,negative,neutral,negative
gb93osr,Kalyan is famous for it 😁,1,5,1604600151.0,,False,positive,positive,positive,positive
gb8a41w,[deleted],4,5,1604586229.0,,False,neutral,neutral,negative,neutral
gbcv5jq,"Look at time stamp 00:57 onwards, the guy on the scooter - Activa/Access is constantly weaving into the middle of the road. Opposite of what he needs to do. Move to the extreme side and wait for ambulance to pass.",1,6,1604678773.0,GutsyGoofy,False,negative,neutral,neutral,neutral
gbb61ko,Lol they worship cows so much they made a law?,1,6,1604635401.0,SidJDuffy,False,negative,neutral,neutral,neutral
gbbb2mh,"In a fucked up country where people don’t give way to ambulance, corrupt cops are angels",0,6,1604638261.0,pentagram87,False,negative,negative,negative,negative
gb87ueh,In India you can't do much against any government institution. Suppose if police falsely arrest me for 2 years for a crime I didn't committed and then release me. What can I do?,14,6,1604584955.0,,False,negative,negative,negative,negative
gb86o0h,[deleted],12,6,1604584271.0,,False,neutral,neutral,negative,neutral
gb93x41,"Stop generalising from just america. I'm happy with our cops here and the system. One cop shot at someone and had a 2 year trial as to whether it was justified. It was in the end, and even the suspect/convict by then admitted he wouldnt have stopped otherwise.",-1,6,1604600254.0,throwawayaccyaboi223,False,neutral,neutral,positive,neutral
gb8yadh,"Nothing new , it's a shame that police have to still answer to politicians. We need to remove them from political clutches , while at the same time initiating reforms. We need better transparency . The police don't register a rape case & bias against muslims because of the fact that the politicians controlling them don't give a flying fuck about muslims or Dalits.",1,6,1604597755.0,high_dro18,False,negative,negative,negative,negative
gbf5w9s,That's just on this sub unfortunately.,1,6,1604721035.0,cheesz,False,negative,negative,negative,negative
gb8c733,[removed],-1,6,1604587348.0,,False,neutral,neutral,negative,neutral
gbbnncv,It's a joke but pretty true,2,7,1604647379.0,throwawayaccyaboi223,False,neutral,neutral,neutral,neutral
gbbb6o0,[deleted],2,7,1604638330.0,,False,neutral,neutral,negative,neutral
gb8a2td,"you could curse them to ""go to hell"" is all I could think of :/",14,7,1604586210.0,Liberal__af,False,negative,negative,negative,negative
gb86ras,Just realized I'm on r/india.  American cops will murder your family then sue you for emotional distress .,14,7,1604584325.0,BrockManstrong,False,negative,negative,negative,negative
gb95fas,"Mmm yes, so in this anecdote the cop fired their weapon at someone as a means of forcing compliance and not in self defense?

Here's another anecdote: my father-in-law was shot dead in February by police.  They were there for a mental health check called in by his brother.  The officers on scene shot him 7 times in the gut.  He lived for a week minus his intestines, liver, one kidney, and his stomach.  They were called to help a 68 year old man having a manic episode.  They splattered his insides on my son's playset in the yard.

Still no body camera footage, still don't even know the officers name.  No apologies, no reasoning, no statement.",2,7,1604600931.0,BrockManstrong,False,negative,negative,negative,negative
gb8dz3e,"Racist .

Anyway , be careful or else you wont get any job in future . No one would like a racist in their company for working.",4,7,1604588270.0,Pathethic_girl,False,negative,negative,negative,negative
gb8ec7m,[deleted],4,7,1604588453.0,,1604588903.0,neutral,neutral,negative,neutral
gbbb9k8,Exactly. His duty. Nothing more nothing less. No need to make him a fucking angel,0,8,1604638378.0,pentagram87,False,negative,negative,negative,negative
gb8aftf,"Well hell doesn't exist. Best you can do is bitch about them for few days.

But it's very bad how people get away with such things.",7,8,1604586403.0,,False,negative,negative,negative,negative
gb8ch22,I don’t think every single cop needs a gun. They already have us technologically fucked in the ass. They have radios; that is some of the greatest tech we have ever invented. Just call for backup if there’s some maniac with a gun.,3,8,1604587493.0,DifferentHelp1,False,negative,negative,negative,negative
gbb39s3,Indian cops simply murder you / rape without any consequences,1,8,1604633975.0,pentagram87,False,negative,negative,negative,negative
gb9it32,"When did you say any of these anecdotes?


Of course theres some bad cops but they're the only ones you'll ever hear about. Also I'd assume you're on about the USA/Canada, where police training is 6 months, not like Europe where it's 2-3years and counts as a degree.",0,8,1604607111.0,throwawayaccyaboi223,False,negative,negative,negative,negative
gb8otog,"My troll signals are beeping on that guy, be careful",3,8,1604593478.0,dhruvbzw,False,negative,negative,neutral,negative
gb8etgm,[removed],0,8,1604588697.0,,False,neutral,neutral,negative,neutral
gb8xpy5,Leave it dude. He seems to be a troll.,1,8,1604597502.0,,False,negative,negative,negative,negative
gb8e9px,"I would feel safer if every cop around me were educated enough to know when it was appropriate to use a gun. But if it can't happen in a relatively developed country like America, I don't think Indian cops are going to learn either",7,9,1604588419.0,Giraffe_Dude,False,negative,negative,negative,negative
gb8eedx,"What if that maniac is chasing you, what if you're in a rural area, what if it's 3am and the other units are far away, what is the suspect shoots you before you get a chance to call for help.

Backup isn't an invincibility shied, I'd much rather see 100 criminals get shot than 1 cop get killed. Stop these mental gymnastics.

Especially in the US, where a gun isn't some rare, contraband item...",1,9,1604588483.0,LFoure,False,negative,negative,negative,negative
gb8f3oe,"Why are you here ? You dont like being in a place then leave it and stop talking about it if it gives you bad experience.

Nobody is waiting for junkie and obnoxious person like you in here . Go away",4,9,1604588843.0,Pathethic_girl,False,negative,negative,negative,negative
gb8n4nq,[removed],-3,9,1604592701.0,,False,neutral,neutral,negative,neutral
gb8rq0r,"Call for backup. Call for backup. Keep calling for backup. Have better response times. Work in pairs. I’d rather see 100 cops get shot than one innocent civilian get killed. The cops know what they’re signing up for at least. 

There are no gymnastics needed. Cops have overwhelming force even without every single individual packing heat. 

America having tons of guns is an even bigger reason for our triggermen police officers to not have their own guns. That way, they won’t shoot a law abiding citizens because of fear.",3,1,1604594807.0,DifferentHelp1,False,negative,negative,negative,negative
gb8yllf,"Okay first off we are nowhere near the target of 1 police station for every 10000 people and even in many rural parts of America there are no ""units"" coming in at 3 am or even during the daytime. There are counties counties with just a sherriff  and a couple of other people. There's no 5 min response time in any remote mountain either.

>Backup isn't an invincibility shied

Well England managed. You don't see them running around pulling a gun on people because they got ""scared""",1,1,1604597892.0,damaged_and_confused,False,negative,negative,negative,negative
gb8fc5z,[deleted],4,1,1604588961.0,,False,neutral,neutral,negative,neutral
gb8glgy,[removed],0,1,1604589595.0,,False,neutral,neutral,negative,neutral
gb8fto1,"Its cool if he dont get a job. His personality radiates a big red flag .

He needs to be a decent human first and put his ego aside.",4,2,1604589208.0,Pathethic_girl,False,negative,negative,neutral,negative
gb8gxt3,"You are basically like Arnab.

"" its ok if bad words are used to hurt other as long as it does not affect me in anyway"".

For now , feel the pain just like Arnab did . Just karma",2,2,1604589763.0,Pathethic_girl,False,negative,negative,negative,negative
