Comment ID,Comment Text,Comment Score,Comment Depth,Created Timestamp,Author,Edited,Semantic Label,Semantic Label 2,Semantic Label 3,Major_Semantic
gggcng9,“Tum Amit ke bete ho na “,402,0,1608450727.0,,False,neutral,neutral,neutral,neutral
gggfflk,"""Ee lo, angoor khao."" – Laloo.",185,0,1608453571.0,,False,neutral,neutral,positive,neutral
ggghl0c,"*refuses to eat* ""arey khaa ke to dekh bohot accha hai""",432,0,1608455910.0,harsshvvardhan,False,neutral,negative,negative,negative
gggepgy,I like it that even the expression is the same,123,0,1608452804.0,reactivespider,False,positive,positive,positive,positive
ggghxhb,"Either that, or sweets or a pat on the head

Perks if you're below 13

But heck I'm 17 and I still get a lot of this sweetness",90,0,1608456302.0,,False,positive,positive,positive,positive
gggi0bn,My manager does that. To be honest it is kind of nice lol.,79,0,1608456392.0,ParthKal,False,positive,positive,positive,positive
gggmj6x,"Parents: Wo sharma ji ka beta to sab kha leta hai. Daal , chawal, roti, aata, gehu, steel, car ka fiber, hathi ki poooch...... Tumhe kya huwa?",46,0,1608461457.0,n00neperfect,1608476716.0,neutral,neutral,negative,neutral
ggghock,Fruits is an excuse. They want to know about shaadi/marks.,120,0,1608456016.0,amitnagpal1985,False,neutral,neutral,negative,neutral
ggglr6v,"“Are itna bada ho gya” 
Me in my mind- “aapne dekha hai kya”",38,0,1608460581.0,Yourboi69xx,False,neutral,neutral,negative,neutral
gggjkxy,"OMG. My mother in law. I live 5000 miles away but when the wind is right I can hear her cry echoing over the hills, ""kheyechish...""",32,0,1608458137.0,ebriose,False,negative,negative,neutral,negative
gggiuxc,"Ho gaya tumhara?
Yeh lo, jamun Khao.",22,0,1608457338.0,thefluffypowtato,False,neutral,neutral,positive,neutral
ggglzf7,You forgot the part where you say no thanks 9 times and then finally say okay haha.,40,0,1608460837.0,,False,neutral,negative,neutral,neutral
gggl0hw,"It happened to me yesterday only lol

Even after you just had lunch in front of them, they will stuff you with snacks after 5 min.

It is wholesome to some extent, but kinda annoying",19,0,1608459730.0,aforakshit,False,negative,negative,neutral,negative
gggkx9e,And then conversation begins. Same set of questions are asked by every relative just to cross verify! :D,13,0,1608459628.0,sandyaquarius90,False,positive,neutral,neutral,neutral
gggj5bu,That's just love. Lol.,14,0,1608457662.0,Silverpool2018,False,positive,positive,positive,positive
gggescp,Arey bhai sahi me kya dimag kharab hota hai kate seb ka thaali dekh kar!,49,0,1608452888.0,,False,neutral,neutral,positive,neutral
gggzirl,"My neighbor was just the sweetest woman, she pretty much raised me along with my mom and she'd get me a different fruit every single day. They were always delicious! 

 Every. Day. No exceptions.

She's the reason why I love all types of fruits today lol",12,0,1608469655.0,whatisthisicantodd,False,positive,positive,positive,positive
ggghtnq,Bless,10,0,1608456180.0,theparadoxicalsoul,False,positive,positive,positive,positive
ggh4k3s,jesus christ this happened to me 20 minutes ago wtf,9,0,1608472196.0,,False,negative,negative,negative,negative
gggjz1g,Marie biscuit,9,0,1608458567.0,enfl4me,False,neutral,neutral,neutral,neutral
gggip6i,I didn't know that it is this common. And it is always apple. I hate apples.,14,0,1608457160.0,Bori5TheBlade,False,negative,negative,negative,negative
ggh8ear,i'm not indian but this hits truth LOL,7,0,1608473971.0,Harukkai,False,neutral,positive,positive,positive
gghtxx5,Is this a thing in Indian culture? Sorry just seeing what you guys are up to,5,0,1608483774.0,adrianmesc,False,negative,neutral,negative,negative
ggh8skg,My daughter does that to me whatever her mom gave her to Eat she finishes half and give half to me,5,0,1608474148.0,,False,neutral,neutral,neutral,neutral
ggh7zii,As someone with Italian relatives that still hits home.,4,0,1608473788.0,the6thReplicant,1608481390.0,neutral,neutral,positive,neutral
ggh8m80,"This happens every single day with me and both my parents. In fact, multiple times a day

If they eat fruit, then I have to eat fruit as well.",4,0,1608474071.0,manoj_mm,False,neutral,neutral,neutral,neutral
gghfiqy,"""Aur beta good news kabb de rahe ho?""

I'm like wtf.",4,0,1608477217.0,CBizCool,False,neutral,neutral,positive,neutral
gghbc0i,That's the kindest thing anyone can do,3,0,1608475357.0,Difficult-Economy126,False,positive,positive,positive,positive
ggheqgp,Stealing this one,3,0,1608476897.0,CoffeeHead047,False,neutral,neutral,negative,neutral
gggx607,Offering cold apple should be a crime,4,0,1608468299.0,,False,negative,negative,neutral,negative
gggerp7,Hahaha,3,0,1608452869.0,21022018,False,positive,positive,positive,positive
ggi5mv2,Idk about other people but I feel gross when people touch the wet part of the fruit,-1,0,1608489607.0,,False,negative,negative,negative,negative
ggh7ii0,lucky to have such relative,1,0,1608473575.0,the_greatest_MF,False,positive,positive,positive,positive
gghu607,Best and most relatable meme of 2020.,1,0,1608483893.0,Kratos3301,False,positive,positive,positive,positive
ggi76h9,r/wholesome,1,0,1608490350.0,Dollar_SPD,False,neutral,neutral,positive,neutral
ggie3ht,Hahaha so typical and sweet,1,0,1608493771.0,The_WarriorPriest,False,positive,positive,positive,positive
ggikq5m,\^This,1,0,1608497005.0,KnowbodyGneiss,False,neutral,neutral,neutral,neutral
ggjkogh,I swear that happened to me today. 😅,1,0,1608515654.0,,False,neutral,neutral,negative,neutral
ggjwzcr,RELATBLE!!,1,0,1608522583.0,Mixer4Eva,False,positive,neutral,positive,positive
ggjxwmh,I find the meme cute.,1,0,1608523138.0,Zeeking99,False,positive,neutral,positive,positive
ggk3ka3,"🤣🤣🤣

This is literally my friends grandmother, whenever I'm at their home.",1,0,1608526820.0,David0C,False,neutral,neutral,neutral,neutral
ggk4827,truuu,1,0,1608527272.0,siddude11,False,neutral,neutral,negative,neutral
ggkqg0a,Especially that fruit which you don’t like.,1,0,1608547576.0,FloorAccomplished635,False,negative,negative,neutral,negative
ggl8mj0,Awesome!!,1,0,1608562159.0,Azqaadesigns,False,positive,positive,positive,positive
ggylwe8,Animal taming tactics,1,0,1608869049.0,SirTitan1,False,negative,neutral,negative,negative
gh9w4gi,It's so much relatable.,1,0,1609146506.0,,False,positive,positive,positive,positive
ghtshix,Every time,1,0,1609596456.0,,False,neutral,neutral,neutral,neutral
gi2jotn,So. Hecking. Relatable. 🙂,1,0,1609771083.0,Lemonandblu,False,positive,neutral,neutral,neutral
ggge4d1,Job wagira karte ho  ya nahi😂,209,1,1608452204.0,,1608465806.0,neutral,neutral,positive,neutral
gggh0ag,"""Kitna kama lete ho??""",94,1,1608455272.0,Triplobasic,False,neutral,neutral,neutral,neutral
gggmyit,That's why I don't attend family functions (although i am not that much introvert)  days 😞 they raise my anxiety levels,10,1,1608461933.0,,False,negative,negative,negative,negative
ggjlmyv,Infosys TCS mein naukari nahi mili?,3,1,1608516186.0,nullvoider,False,neutral,neutral,neutral,neutral
gggkcid,TRANSLATE,6,1,1608458984.0,richard_fredrick,False,neutral,neutral,neutral,neutral
gggfiem,[deleted],-12,1,1608453654.0,,False,neutral,neutral,negative,neutral
gggjf6r,"""bohot meetha hai""",201,1,1608457961.0,Noobcake96,False,neutral,neutral,neutral,neutral
gggkh6z,"""Mujhe Bookh nahin hai""

...

""Jab bade kuch de rahein ho to le lena chahie"".",154,1,1608459127.0,spikyraccoon,False,neutral,neutral,negative,neutral
gggtyqm,“haddian majboot hongi isse”,23,1,1608466573.0,Bohrapar,False,neutral,neutral,neutral,neutral
gggjwxf,Ghar me sabse chhote ho kya? - Deepak (Vicky Kaushal in Masaan),30,1,1608458504.0,PehleAap,False,neutral,neutral,negative,neutral
gggum7v,I have so many questions.,42,1,1608466916.0,affanahmed1202,False,neutral,negative,negative,negative
gghaqao,Your manager is serving you sliced fruit?,12,1,1608475045.0,IndianBureaucrat,False,negative,neutral,neutral,neutral
ggzp3sk,You should act more friendly to them so that they don't lose that wholesomeness,1,1,1608908468.0,Rowl8,False,positive,neutral,positive,positive
gggq320,Sharam nhi aati use?,14,1,1608464334.0,,False,neutral,neutral,positive,neutral
gggw8n6,Woh kya nahi khata,6,1,1608467823.0,AayanHashmi,False,neutral,neutral,negative,neutral
ggh1kek,"Accha to wo sharma ji ka beta hai to ""lohe ke chane"" chabata hai.",3,1,1608470630.0,yummy_butter,False,neutral,neutral,neutral,neutral
gghbiq0,Insaan bhi khata hoga,2,1,1608475452.0,AayanHashmi,False,neutral,neutral,negative,neutral
gggkcod,Forty two. The answer is always 42.,68,1,1608458990.0,charavaka,False,neutral,neutral,neutral,neutral
gggltsl,"""What is the size of your penis, Amit?""

""42""",21,1,1608460660.0,Ak-shay,1608462243.0,neutral,neutral,neutral,neutral
gggq5aa,( ͡° ͜ʖ ͡°),27,1,1608464369.0,,False,neutral,neutral,neutral,neutral
gggsnw7,Ashleel londa hai ye -,21,1,1608465747.0,UselessJJ,False,neutral,neutral,neutral,neutral
gghasbu,Bade harami ho beta.,14,1,1608475071.0,buggs_bunnee,False,neutral,neutral,negative,neutral
ggh1qti,PHub music plays in the background.,6,1,1608470719.0,yummy_butter,False,neutral,neutral,neutral,neutral
gggswfc,This guy fucks.,6,1,1608465900.0,Huss0903,False,negative,negative,negative,negative
gggxl6i,What does that word mean?,12,1,1608468520.0,kokroo,False,neutral,neutral,neutral,neutral
gggmfuz,But what does she let you eat?,5,1,1608461354.0,,False,neutral,neutral,neutral,neutral
ggh1mur,Muh kholo.. Aaaaaaaaaaaa. Gulp!,6,1,1608470666.0,yummy_butter,False,neutral,neutral,neutral,neutral
ggh19l6,Arre khalo beta.. kha lo.. mera maan rakh lo.. aaj to khana hi padega.. mere liye nahi to apni behen ke liye kha lo.. itna bhav mat khao.,22,1,1608470483.0,yummy_butter,False,neutral,neutral,neutral,neutral
ggh1z8h,They are doing your background check to find a sushil kanya.,7,1,1608470835.0,yummy_butter,False,neutral,neutral,neutral,neutral
gghphv4,[deleted],13,1,1608481412.0,,False,neutral,neutral,negative,neutral
gggqs57,Only if you are in medical stream?,19,1,1608464715.0,gaurav_lm,False,neutral,neutral,neutral,neutral
ggh1udf,Ask them to get an apple phone or laptop instead.,4,1,1608470766.0,yummy_butter,False,neutral,neutral,neutral,neutral
gghwbx3,Question. Does she have two moms or what-,2,1,1608485013.0,Icy_Fortune_9915,False,neutral,neutral,neutral,neutral
gggf9j7,"If it’s a girl. 

“Kitne saal ki ho gayi. Kya karti ho.” And indirectly hinting marriage by saying someone else that age got married",196,2,1608453393.0,,False,neutral,neutral,neutral,neutral
gggo0ln,This is a universal Indian question. Not just limited to your distant relative but also your Uber driver.,53,2,1608463009.0,Bhosdi_Waala,False,neutral,neutral,positive,neutral
gggkf4w,Aren't you amit's son?,7,2,1608459063.0,,False,neutral,neutral,neutral,neutral
gggktuq,Dont shout bro.,10,2,1608459521.0,,False,neutral,neutral,neutral,neutral
ggggdv0,[deleted],10,2,1608454598.0,,False,neutral,neutral,negative,neutral
gggrcky,"""raseela hai""",113,2,1608465026.0,gaurav_lm,False,neutral,neutral,neutral,neutral
gggsn90,"That's why I ate a chocolate from a elder in a van.

Sooo ummm do you have any tips how to get out of a room.",81,2,1608465736.0,Lone-organism,False,neutral,neutral,neutral,neutral
gggmblp,Ugh. I absolutely loathe this.,35,2,1608461220.0,Worldwideforeigner,False,negative,negative,negative,negative
gggwjmq,( ͡° ͜ʖ ͡°),14,2,1608467983.0,trololololololol9,False,neutral,neutral,neutral,neutral
gghjlc9,"Jeez, this is too close to home. Glad to see this is a thing in India too..",6,2,1608478858.0,jokersleuth,False,positive,positive,positive,positive
gghiphv,bhai sab kuch mat le lena,2,2,1608478514.0,mrflyod,False,neutral,neutral,negative,neutral
gght8y4,Paise do. Nahi chahiye kehte hur bhi khushi se le lenge 😆,1,2,1608483410.0,georgebool0101,False,neutral,neutral,neutral,neutral
ghlv4df,Chahe vo lund bhi ho beta,1,2,1609424268.0,Far_Membership_7735,False,neutral,neutral,neutral,neutral
gghu7v5,*mazboot. Sorry someone had to. ; - ;,1,2,1608483920.0,Icy_Fortune_9915,False,negative,negative,negative,negative
ggglqw9,"Nahi ...I've got a younger brother who is 9 


And yes he gets a load more sweets than I do",7,2,1608460572.0,,False,neutral,neutral,neutral,neutral
gghbizm,"No he offers all of us freshers fruits every evening, that he brings from his home. 

Feels nice since being away from home and all I don't necessarily East all that many fruits",33,2,1608475456.0,ParthKal,False,neutral,positive,positive,positive
ggi0afk,Mera dimaag. Ab niklo yaha se bsdk,3,2,1608487012.0,KryptoniteDong,False,neutral,neutral,neutral,neutral
gggkk0b,"""are you married?""

""42""",40,2,1608459214.0,hurricane_news,False,neutral,neutral,neutral,neutral
gggxa5t,"Ah.. the answer to the life, the universe and everything",6,2,1608468360.0,silverfuryK,False,positive,positive,neutral,positive
ggha9no,A fellow hitchhiker i see.,2,2,1608474825.0,georgeorwellroxx,False,neutral,neutral,neutral,neutral
gggmgj6,"Relative: 42cm hah, kam ho jayaga?",12,2,1608461377.0,,False,neutral,neutral,neutral,neutral
ggh11ox,Did step mom ask this question?,1,2,1608470385.0,yummy_butter,False,neutral,neutral,neutral,neutral
gghjnts,"It means ""when are you going to make me a grandma?""",12,2,1608478886.0,abhijitd,False,neutral,neutral,neutral,neutral
gghrbup,"It's in Bengali the 2nd person informal perfective of ""khao"", ""eat"". So, ""have you eaten""? The Hindi equivalent would be क्या खा लिया (if I remember my Hindi tenses correctly; sorry). (Also I don't remember if Hindi requires the क्या to form a question or if you can just do it with tone and context like in Bangla.)

It's weird for such closely related languages how different Hindi and Bengali are on food words. Like in Hindi for some reason you ""drink"" a cigarette (I assume because of the old water pipes?) but in Bengali you ""eat"" it; you even ""eat"" water in Bengali.",3,2,1608482390.0,ebriose,1608483041.0,neutral,neutral,negative,neutral
ggij97t,"""have you had food?""",1,2,1608496284.0,tumseNaHoPayega,False,neutral,neutral,neutral,neutral
gggplv1,Someday you'll know the forbidden fruit,14,2,1608464069.0,Reddittor2077,False,neutral,neutral,neutral,neutral
gghg3xi,This legit made me laugh out loud.,5,2,1608477465.0,thedevilcalls,False,positive,positive,neutral,positive
ggibj2p,Deadass,6,2,1608492479.0,deejay_72003,False,neutral,neutral,neutral,neutral
gghwfpr,Ain't that lucky me,3,2,1608485065.0,,False,negative,positive,neutral,neutral
gggh1az,"Same happens with boys too if you say i do job then they say ab shadii karlo 
When you say i don't do job they say jaldi se ekhad job dhundo 
Aur shadii ke bad bhi..,🤦",103,3,1608455303.0,,False,negative,neutral,negative,negative
gggo3f7,Girl or boy parental pressure of getting married increase year by year  til you give up,16,3,1608463072.0,,False,neutral,negative,negative,negative
ggglbfv,"*If it's a girl: 

""itna bada ho gayi ho, abhi tak biyah nahin hua?""",29,3,1608460078.0,SnowdenIsALegend,False,neutral,neutral,negative,neutral
ggig218,'byah ho gya tumhara?',3,3,1608494720.0,underoot_iota,False,neutral,neutral,neutral,neutral
gggfntm,[removed],-51,3,1608453817.0,,False,neutral,neutral,negative,neutral
ggh4kqc,Nice username :^),16,3,1608472207.0,nemo_noboby,False,positive,positive,positive,positive
ggggewj,Yep.,3,3,1608454631.0,,False,neutral,neutral,neutral,neutral
gggwatf,Turns out its khatta santra,113,3,1608467854.0,redCROSSHAIR,False,neutral,neutral,neutral,neutral
gghh8la,"""Sehat banegi""",37,3,1608477922.0,nakdsecrets,False,neutral,neutral,neutral,neutral
ghlv31w,healthy bhi h beta khun bnega,1,3,1609424243.0,Far_Membership_7735,False,neutral,neutral,positive,neutral
gghp1sm,What are you doing stepdriver,21,3,1608481168.0,nummakayne,False,neutral,neutral,neutral,neutral
gghnyms,How do you understand Hinglish,7,3,1608480604.0,clumsyninja3086,False,neutral,neutral,neutral,neutral
gghhgyx,"Wow my manager gives me fresh jira stories when i'm about to log off in the evening. 

But on a serious note it's really wholesome that your manager takes care of you guys like that .",35,3,1608478020.0,affanahmed1202,False,positive,positive,positive,positive
ggi18af,"You may not East them, but atleast I hope you don't West them",11,3,1608487476.0,iamareebjamal,False,neutral,neutral,neutral,neutral
gggn5tv,"""Bacho ka koi plan hai? ""

""42""",38,3,1608462157.0,illuminaughty1902,False,neutral,neutral,neutral,neutral
gggmfas,"42 pa shaadi karoge toh baccha nahi hoga, jaldi karlo.",14,3,1608461337.0,,1608474240.0,neutral,neutral,neutral,neutral
gghuu9m,"A fellow hoopy frood, if you will. With a towel always handy.",2,3,1608484242.0,charavaka,False,neutral,neutral,positive,neutral
gghjfyc,"""Yeh kya kar rahe ho, step bro""",5,3,1608478797.0,SuicidalTorrent,False,neutral,neutral,neutral,neutral
gghvp9c,Alright....I'm gonna grab a bite of water brb. ( no offense...! ),5,3,1608484689.0,Icy_Fortune_9915,False,neutral,neutral,neutral,neutral
gggnx6m,I am kinda proud that my peer group is still holding on for dear life :) some 5-10 % are married (I am 29),36,4,1608462919.0,Pillarsofcreation99,False,positive,positive,positive,positive
ggh3utz,Amit ka beta: “Nahi. Aap chronology samajhiye.”,7,4,1608471769.0,TenaciousDumpling,False,neutral,neutral,neutral,neutral
gggmgse,"Aur fir vo ladki uski kehke leti hai

ᵗʰᵉ ᵉⁿᵈ.",15,4,1608461386.0,LennyGuy69,False,neutral,neutral,neutral,neutral
gggh96n,"Bhenchod tu idhar bhi aagaya 



r/stopanusfungi",38,4,1608455544.0,BrownBandit02,False,negative,neutral,negative,negative
gghrs14,Happy Cake day :),2,4,1608482630.0,,False,positive,positive,positive,positive
gggicwb,Bruh I was not serious. Tum log toh karma kam kara doge 😑,10,4,1608456785.0,rohankumar2002,False,negative,neutral,negative,negative
ggh49gy,Every frickin time....,48,4,1608471993.0,akira2218,False,negative,negative,neutral,negative
ggi0g79,im Pakistani,12,4,1608487092.0,jokersleuth,False,neutral,neutral,neutral,neutral
gghousf,[deleted],11,4,1608481059.0,,False,neutral,neutral,negative,neutral
gght38v,Hahaha we must have the same manager,5,4,1608483327.0,xxl_longjohns,False,neutral,positive,positive,positive
gggpyiz,"""Binod ko jaante ho?""

""42""",29,4,1608464264.0,,False,neutral,neutral,neutral,neutral
ggh8uo5,“Are chacha baccha banane ke lie shaadi karne ki kya zarurat hai?” Add “aapki beti/bete ko hi dekh lo” for extra surprise,12,4,1608474175.0,protoncious,False,neutral,neutral,positive,neutral
gggo08w,Wow,18,5,1608463000.0,,False,positive,positive,positive,positive
ggh0ges,And a girl from my batch got married at 22. Another boy would be within a year or so.,6,5,1608470109.0,yummy_butter,False,neutral,neutral,neutral,neutral
ggiquud,"Plan was 30, got at 33, kid at 35, now think I will not enjoy my grandkids much. There is some sense to marry by 26...",-4,5,1608499994.0,IcyEngineering4014,False,negative,negative,neutral,negative
ggk09by,Ha pahley school phir job phir shadi phir ye karo phir wo karo,1,5,1608524616.0,,False,neutral,neutral,neutral,neutral
ggh1xp5,"Faizal khan ne bheja hay mujhe


Badla lene...",4,5,1608470813.0,Razzzorr,False,neutral,neutral,negative,neutral
gghes8k,I love the hate surrounding this bot XD,6,5,1608476917.0,Plastic-Season,False,negative,positive,neutral,neutral
gggmefr,"Kitne dukh ki baat haii, karma bech ke hi to ghar chalta tha na",6,5,1608461309.0,Dhruv_Kataria,1608520335.0,negative,neutral,negative,negative
gggonpo,Yeh bolkar karma le liye aap.,6,5,1608463504.0,RateeshT,False,neutral,neutral,neutral,neutral
gggievl,"Nahi, yaar. I don't downvote.",3,5,1608456844.0,,False,neutral,neutral,neutral,neutral
ggi54mq,"If you're lucky, stories of Jira Masala Soda from many roadside stalls. If you're unlucky, your next set of tasks.",20,5,1608489360.0,stdiodoth,False,neutral,neutral,neutral,neutral
ggiqkks,Jira is a software many companies buse to track work tasks...,6,5,1608499849.0,IcyEngineering4014,False,neutral,neutral,neutral,neutral
ggh0qz2,"""Sharab pite ho?""

""42""",21,5,1608470250.0,yummy_butter,False,neutral,neutral,negative,neutral
ggh90pr,Get rekt chacha.,8,5,1608474254.0,,False,neutral,neutral,neutral,neutral
ggjw2dc,"Yeah, it would feel like that when looking at the age and logistics but really don't bother.

Under 30's who got married, think oh I didn't get to enjoy my life the way I wanted. 


You are good where you are. Life is not a coincidence",1,6,1608522033.0,nikditt,False,negative,neutral,neutral,neutral
ggom5r8,">buse

You mean abuse, right?",2,6,1608636866.0,asbisht789,False,negative,negative,negative,negative
ggh51up,"""Kitni acchi Hindi bol lete ho?""


""Bayalees""",31,6,1608472464.0,Fraser_vk,False,neutral,neutral,negative,neutral
gghcxgu,"""Virgin ho?""

""42""",16,6,1608476151.0,,False,neutral,neutral,neutral,neutral
gghp3xj,"""20 aur 22 ?""
""Bayalees""",9,7,1608481200.0,,False,neutral,neutral,neutral,neutral
gghoyia,"""Girlfriend hai ?""

""4--- nikal laude""",13,7,1608481117.0,Bazzingatime,False,neutral,neutral,neutral,neutral
