Comment ID,Comment Text,Comment Score,Comment Depth,Created Timestamp,Author,Edited,Semantic Label,Semantic Label 2,Semantic Label 3,Major_Semantic
giju2r2,https://www.hindustantimes.com/fashion-and-trends/watch-vidya-balan-appaluds-saree-clad-gymnast-parul-arora-after-her-flawless-triple-flip-goes-viral/story-q2pRJKJvOQqN2DMQFd53uO.html,1,0,1610121029.0,msquarea,False,neutral,neutral,positive,neutral
gik57wc,If someone told me they back flipped in a saree I'd laugh and imagine them getting tangled in a knot.. but this..woah,593,0,1610126147.0,lemon_zest278,False,negative,negative,neutral,negative
gikbd8t,"Me: Babe, please don’t jump to any conclusions

My GF:",708,0,1610128816.0,npjobs,False,neutral,neutral,neutral,neutral
gik6nca,Matlab kaise? Next level talent hai ladki ka!,49,0,1610126780.0,,False,positive,positive,positive,positive
gikityl,Meanwhile me : trips on saree after every 7 steps,48,0,1610132062.0,NandiniN,False,neutral,neutral,neutral,neutral
gikcmpz,r/UNBGBBIIVCHIDCTIICBG,152,0,1610129374.0,,False,neutral,neutral,neutral,neutral
gijusde,"And people are already commenting in her twitter like ""If People can do this in traditional attire why don't they feel comfortable wearing these and always wear western clothes?""  

Damn you Indians on Twitter..",489,0,1610121366.0,superxboy11,False,negative,negative,negative,negative
gikc9s6,When u wanna practise but u gotta meet in-laws later!!!,62,0,1610129215.0,shaubham_pan97,False,neutral,neutral,neutral,neutral
giki0lb,"Bloody hell, I can't even walk around with a lungi always wondering if it will fall.",25,0,1610131711.0,Capt_unconscious,False,negative,negative,negative,negative
gikcyr0,[deleted],19,0,1610129523.0,,False,neutral,neutral,negative,neutral
gikhsd8,Le Sanskari jumps.,43,0,1610131614.0,profitmaker_tobe,False,neutral,neutral,neutral,neutral
gijjqyv,https://twitter.com/Aparna/status/1347195182484082695?s=20,24,0,1610115737.0,Logical-Inevitable46,False,neutral,neutral,neutral,neutral
gikfez7,"I'm imagining her reaction at the ""concerned"" commenters on here mansplaining how she's incapable of judging risk for herself. A middle finger followed by a backflip perhaps?",45,0,1610130588.0,chengiz,False,negative,negative,negative,negative
gilforg,"To anyone thinking that this is safe to do, it’s really not. Female gymnats aren’t even allowed to have their hair down in competitions because it can impede your view of the ground and cause distractions (which is incredibly dangerous). Gymnastics is already one of the most high risk and injury prone sports for a reason. Please don’t try this at home.",17,0,1610147081.0,,False,negative,negative,negative,negative
gijuddy,This deserves to be in r/nextfuckinglevel it’ll be some great Indian representation. OP please think about posting it there,88,0,1610121169.0,,False,positive,positive,positive,positive
gikt3me,"Aww, what a talented and sprightly young lady! Here's wishing for the best in her career..",7,0,1610136574.0,Mountain_Rat,False,positive,positive,positive,positive
gikjwg3, my sister can't even  walk on saree lol,6,0,1610132527.0,vr25,False,negative,negative,neutral,negative
giknba2,This is so gracefully done.,7,0,1610134031.0,PM_ME_YOUR_VIBES,False,positive,positive,positive,positive
gikuy92,Would be shocking for the groom to see these backflips during the wedding dance!,7,0,1610137383.0,invinciblemaven,False,negative,negative,negative,negative
gik3spk,Much Respect.,5,0,1610125507.0,Affectionate_Ruin303,False,positive,positive,positive,positive
gikhuyx,one word damnnnnnnnnnnnnnnnn,6,0,1610131643.0,,False,negative,negative,neutral,negative
gike6uu,She must be a professional gymnast.,8,0,1610130057.0,ApoorvWatsky,False,positive,neutral,positive,positive
gik0vmu,[removed],5,0,1610124187.0,,1610124851.0,neutral,neutral,negative,neutral
gikgh9d,Okay but where can I get that saree,4,0,1610131050.0,mentalmanadhil,False,neutral,neutral,neutral,neutral
gilbv5u,How do you do that in a saree? I can barely go past a light jog when I wear a mundu.,3,0,1610145204.0,Reaperdude97,False,negative,negative,neutral,negative
gilnrjl,saree-not-saree,4,0,1610151035.0,Teledelo,False,neutral,neutral,positive,neutral
gin9kh5,"Can I upvote 10-15 times?  
Kudos!!!",5,0,1610190134.0,marathi_mulgaa,False,positive,neutral,neutral,neutral
gikbmk7,I thought it was impossible in a saree... Hats off to her,7,0,1610128930.0,Sirilreddy,False,positive,positive,neutral,positive
gik8f8n,"Phew! All the while I felt like she would trip over the drape, glad she didn’t. 10/10",10,0,1610127554.0,,False,positive,positive,positive,positive
gikdmv5,Wahh I guess I know what My next artwork is gonna be 😆👍,3,0,1610129813.0,Roznick,False,positive,positive,neutral,positive
giket2a,So nice,3,0,1610130326.0,philzard224,False,positive,positive,positive,positive
gikg4o0,Good clip.,3,0,1610130897.0,DrMrJekyll,False,positive,positive,positive,positive
gikikif,u/savevideo,3,0,1610131949.0,itsmeirsse,False,neutral,neutral,neutral,neutral
gikiy6i,What do u call the style she has wore that saree ?,3,0,1610132112.0,OGcoper_420,False,neutral,neutral,neutral,neutral
giknt02,"damn that flip with untied hair and the swag.

***Hot.*** hands down best I watched today on reddit, nope scratch it best I watched in a month.",3,0,1610134243.0,blitzkreig31,1610136967.0,positive,positive,positive,positive
gikwq56,"And here I am, constantly falling down the stairs",3,0,1610138169.0,I_have_a_life1,False,negative,negative,neutral,negative
gilw75t,"wow, that was amazing... So good to see this was performed flawlessly in a saree... And ending that flip with that vibrant smile ... awesome!!!",3,0,1610155270.0,ramksrid,False,positive,positive,positive,positive
gim12n3,that slow-mo flex!,3,0,1610157799.0,MikhXee,False,positive,neutral,neutral,neutral
gim877z,I could watch this all day! She really is beauty and grace.,3,0,1610161480.0,wahivali,False,positive,positive,positive,positive
gimsxe1,"In my humble opinion this will be a worthy edition in r/UNBGBBIIVCHIDCTIICBG

Edit: typo",3,0,1610174179.0,delta_australis_83,False,positive,positive,positive,positive
ginctqv,"Bruh I can't even walk properly, always fearing that it might open.",3,0,1610193362.0,ivyzim,False,negative,negative,negative,negative
gikg2hd,u/savevideo,2,0,1610130871.0,georgebool0101,False,neutral,neutral,neutral,neutral
gikxnhp,RIP Headphone users.,2,0,1610138588.0,whtisthis,False,negative,negative,negative,negative
gimg4kc,Elegance!,2,0,1610165838.0,maazkazi,False,positive,positive,positive,positive
gimgo0u,Beautiful! Elegant!,2,0,1610166153.0,jayvpagnis,False,positive,positive,positive,positive
gimzjex,"Gymnast: With this demonstration, we have conclusively proven that saris defy gravity.

&#x200B;

Harvard:Take PhD and go.",2,0,1610179927.0,rebelioustomboy,False,positive,positive,positive,positive
gink5io,And there are some girls who wear Sharee can't walk properly.,2,0,1610199673.0,amartya0099,False,negative,negative,neutral,negative
gikrczt,some even failed while in sportwears,4,0,1610135805.0,the_vikcas,False,negative,negative,negative,negative
gikh34d,She'll be disabled for life the moment any thing goes wrong. There's a reason gymnastics wear those clothes. Please stop celebrating stupidity in the name of Indian pride.,5,0,1610131311.0,Jinkazama21,False,negative,negative,negative,negative
gikbigi,That's impressive. But she could have slipped. When the saree goes under her feet.,3,0,1610128880.0,dhilsiva85,False,positive,neutral,positive,positive
gikc6cr,It's superb😮😮🔥🔥,2,0,1610129173.0,Civil_Money4163,False,positive,positive,neutral,positive
gik5ta9,Am I the only one thinking that she could have injured herself badly and destroyed her career?,0,0,1610126412.0,,False,negative,negative,negative,negative
gimxbp9,What the fuck how is this wholesome,1,0,1610177871.0,,False,negative,negative,negative,negative
gikikiu,"Great! But she could have draped the saree in a manner, that would have been appropriate to do this stunt safely and promoted it as well maybe.",1,0,1610131949.0,awwkwardperson,False,positive,positive,positive,positive
gim6rnu,Awesome flip .....tune indian woman ko bata diya ki wo chahe to kisi v dress me confidence dikha skti hai. Saree inke hoslo ke baandh nahi sakti.....God bless you sister,1,0,1610160739.0,Infamous_Nature4971,False,positive,positive,positive,positive
gilc67o,Does she?,1,0,1610145355.0,juvurson,False,neutral,neutral,neutral,neutral
gik9k3d,"Stupid , and really really unsafe. Two of my coaches had heartache looking at this video. I hope no one follows this example and only practices in a proper gear.",-9,0,1610128040.0,zafar_bull,False,negative,negative,negative,negative
gikqh8l,bro everyone mention she is a pro or else sanghis would make everyone were saree and dhoti thb justify by showing this she can do flips and u cant even walk or be comfy 🎈🎈🎈🎈🎈🎈🎈,-1,0,1610135419.0,none_to,False,neutral,neutral,negative,neutral
gikaqtr,Aunty national activities :-),-4,0,1610128549.0,waynerooney501,False,positive,positive,neutral,positive
gil4q98,If 2021 was a person.^🤯,-1,0,1610141785.0,AsurA202,False,neutral,neutral,neutral,neutral
gil7xnb,Holy Bharat Mata.... this is awesome!,-1,0,1610143301.0,mathakoot,False,positive,positive,positive,positive
gin7tpx,"I’ve Been trying to convince my Elderly relatives to stop wearing the saree on grounds of risk of injury and modesty. 

Not sure if I should send them this video - well, convince my cousins to show it to them...",-1,0,1610188361.0,vbfx,False,neutral,neutral,neutral,neutral
gijx15j,Great but can we like not upvote such shitty music and shitty slow motion thingy? I can see a woman backflipping. No need to slow it down for me.,-39,0,1610122419.0,throwreddit69420,False,negative,negative,neutral,negative
ginqh1g,"Waiting for Chaddi gang to feel ""proud"" over something they have nothing to do 🤣🤣",0,0,1610203932.0,TendarCoconut,False,negative,negative,positive,negative
ginuvp5,"i dont mean to be negative, but people applauding this are stupid. ofc, it looks awesome buts extremely dangerous doing gymnastics with clothing that can interfere.

Human body is tremendously random. Sometimes it can withstand a fall from 3 storeys, sometimes people die while falling from standing position.

This is no less than squids performing stunts on highway without any protection.

that being said, her performance was awesome :P",0,0,1610206536.0,d0aflamingo,False,negative,negative,positive,negative
gipmxw3,"This is quite dangerous. The possibility of tripping is high.

Would not recommend.",0,0,1610238600.0,ranon20,False,negative,negative,negative,negative
gjuwx8m,kya mast karara maal hai..,0,0,1611082246.0,Vanilla_Sensitive,False,neutral,neutral,negative,neutral
gikfb9l,"Nigga how, I can't even do a backflip",-6,0,1610130544.0,TUNAKTUNAKLOL69420,False,negative,negative,negative,negative
gik1nc3,[deleted],-29,0,1610124536.0,,False,neutral,neutral,negative,neutral
gim6tbm,Awesome flip .....tune indian woman ko bata diya ki wo chahe to kisi v dress me confidence dikha skti hai. Saree inke hoslo ke baandh nahi sakti.....God bless you sister,-1,0,1610160762.0,Infamous_Nature4971,False,positive,positive,positive,positive
gim8ir3,Put a high heels also and do it.,-1,0,1610161649.0,tor5822,False,neutral,neutral,neutral,neutral
gime4ch,Holy crap that was turned me on!,-1,0,1610164702.0,dextroz,False,positive,positive,negative,positive
gikjmga,Saree obsessed janta,-3,0,1610132406.0,boozefella,False,neutral,neutral,positive,neutral
gilqo4n,I always liked watching Pakistani women do flips!,-9,0,1610152494.0,rabidapplepie,False,positive,positive,positive,positive
gil7u35,"Now that's the kind of shit you should be able to learn instead of useless subjects in schools and shit.

That was fucking dope.",-6,0,1610143255.0,AsquareM35,False,positive,negative,negative,negative
gikvn70,Your whole nation is cringy omfg,-20,0,1610137692.0,,False,negative,negative,negative,negative
giklce2,Heavy🔥🔥🔥,1,0,1610133170.0,pat_x_rick,False,positive,neutral,neutral,neutral
giklq4q,Op,1,0,1610133337.0,Tedx11,False,neutral,neutral,neutral,neutral
giknlai,Yeah I like Indians,1,0,1610134152.0,adilsyk,False,positive,positive,neutral,positive
gikpdy6,Holy shit.,1,0,1610134942.0,PaleHorseRiderX,False,negative,neutral,negative,negative
gikulth,Imagine the possibilities,1,0,1610137235.0,,False,positive,neutral,neutral,neutral
gikwzu1,This is metal !!! Whowww !!!,1,0,1610138292.0,phizool,False,positive,positive,neutral,positive
gikyc3y,Wah wah...,1,0,1610138892.0,ManhoodsThought,False,neutral,negative,negative,negative
gil0g0u,"nice video, awful music.",1,0,1610139813.0,rohithkumarsp,False,negative,negative,neutral,negative
gil1e5b,Legend,1,0,1610140239.0,dorkmotter,False,positive,positive,positive,positive
gil2zg6,Holy smokes,1,0,1610140970.0,,False,neutral,neutral,neutral,neutral
gil4iqt,I love you,1,0,1610141688.0,RavingBlueDevil,False,positive,positive,positive,positive
gil6w8y,That was beautiful,1,0,1610142806.0,Holymist69,False,positive,positive,positive,positive
giltcvg,...is not a complete sentence.,1,0,1610153837.0,-BigDaddyYeet-,False,neutral,negative,negative,negative
gilurvi,u/savevideo,1,0,1610154549.0,aqan,False,neutral,neutral,neutral,neutral
gilyusy,U/savethevideo,1,0,1610156640.0,permanentlurker69,False,neutral,neutral,neutral,neutral
gilz2i4,U/downloadvideo,1,0,1610156752.0,permanentlurker69,False,neutral,neutral,neutral,neutral
gim1dhk,Are you fucking saree?,1,0,1610157956.0,Robots_Never_Die,False,negative,negative,negative,negative
gim4kmh,Cool,1,0,1610159616.0,LogangYeddu,False,positive,positive,positive,positive
gimi5x5,r/nextfuckinglevel,1,0,1610167020.0,,False,negative,neutral,neutral,neutral
gimlwtq,u/SaveVideo I'll be posting this on r/nextfuckinglevel,1,0,1610169295.0,WillStealUrGirl69,1610169734.0,neutral,neutral,neutral,neutral
gimlzwk, r/UNBGBBIIVCHIDCTIICBG,1,0,1610169352.0,Adhi_Sekar,False,neutral,neutral,neutral,neutral
gimmfbb,That's really amazing and unbeliveable,1,0,1610169626.0,Altruistic_Sky1866,False,positive,positive,positive,positive
gimneaw,/r/UNBGBBIIVCHIDCTIICBG,1,0,1610170244.0,OptimumWaste,False,neutral,neutral,neutral,neutral
gimo8ad,omfggg i cant even walk straight in a saree.!!!!!!!!,1,0,1610170788.0,elixirfloralsweet,False,negative,negative,neutral,negative
gimogdm,Do anything in a saree and the crowd is yours. This is now a gimmick.,1,0,1610170938.0,,False,neutral,neutral,positive,neutral
gimp5jq,India's official gymnastics uniform for next olympics,1,0,1610171412.0,redeviilfreak,False,neutral,neutral,neutral,neutral
gimq5ox,"Wow, amazing! well shot, amazing talented gymnast and cute too :D",1,0,1610172111.0,nikditt,False,positive,positive,positive,positive
gimtogm,her pleating game is so strong all her pleats stayed intact after doing THAT,1,0,1610174766.0,okdevil_,False,positive,positive,positive,positive
gin2ka0,Wow,1,0,1610182914.0,Oldduderm31,False,positive,positive,positive,positive
gin2mo2,Doesn't she look like tracy McConnell from himym 😍,1,0,1610182981.0,Weebaasur,False,positive,neutral,neutral,neutral
gin4kri,Wow !!!! Hats off !!!!😊😊,1,0,1610184982.0,Purple_Resist_5808,False,positive,positive,neutral,positive
gin9t8s,"Doing a backflip in saree   
Such a forward thought   
They why so backward old age song :(",1,0,1610190383.0,Azuranilesh,False,negative,negative,neutral,negative
gind17g,"I-  
How",1,0,1610193564.0,Bhoduk,False,neutral,neutral,negative,neutral
ginfp92,Fucking badass,1,0,1610196012.0,bbigbrother,False,positive,positive,negative,positive
ginfpji,Fucking badass,1,0,1610196020.0,bbigbrother,False,positive,positive,negative,positive
gingosp,Great girl ...sometimes happens in India,1,0,1610196872.0,Ok_Plan5749,False,positive,positive,positive,positive
ginrf89,Awesome!!,1,0,1610204516.0,Azqaadesigns,False,positive,positive,positive,positive
gio590c,"“Marry that girl, yea no matter what you say”",1,0,1610212001.0,momsfavoritesoninlaw,False,neutral,positive,neutral,neutral
gioadtd,u/savevideo,1,0,1610214615.0,Raz0612,False,neutral,neutral,neutral,neutral
giofpt7,And here I thought sarees were restrictive.,1,0,1610217248.0,sleeping_bananas,False,negative,negative,negative,negative
gioq05f,Marry me,1,0,1610222137.0,chinchila5,False,neutral,neutral,neutral,neutral
givrsb6,Just learning to walk in Saree,1,0,1610374406.0,AgentW0LF,False,neutral,neutral,neutral,neutral
gllbj1j,u/savevideo,1,0,1612182994.0,noctua9,False,neutral,neutral,neutral,neutral
gn1ugzn,do not u know saree is more sexy and cute than western dress,1,0,1613132117.0,memes_are_matter,False,positive,positive,positive,positive
gikitr5,You can see more of her amazing videos in saree on [twitter](https://mobile.twitter.com/parul_cutearora).,5,1,1610132059.0,Logical-Inevitable46,False,positive,positive,positive,positive
gimzb5v,behind ad block blocker!,1,1,1610179709.0,s4ndzz,False,neutral,negative,neutral,neutral
gikfmdf,I am talented enough to get tangled in sari while standing. Beat that!,278,1,1610130675.0,Ramgadhkewasi,False,positive,positive,positive,positive
gikmi6o,And to do that with your hair open like that? Mind blowing!! I literally can't do the anything with my hair open and not messing them up.,25,1,1610133679.0,bubblesnsprinkles,False,negative,negative,neutral,negative
gimsa06,Yup😍,2,1,1610173672.0,mrspeechless2003,False,positive,negative,neutral,neutral
gikmi6k,Nailed it,39,1,1610133679.0,snowyken,False,positive,positive,neutral,positive
gikhaur,I loled,55,1,1610131402.0,xxwranglerxx,False,positive,positive,neutral,positive
gikr8i0,jumping to conclusion is that you claim to have a babe,29,1,1610135750.0,soyboytits,False,neutral,neutral,neutral,neutral
gil3lla,Best comment!,3,1,1610141261.0,akkan,False,positive,positive,positive,positive
gilt26z,Please don't jump to...,2,1,1610153689.0,Garrysin,False,neutral,neutral,negative,neutral
giknnhq,U ain’t got no girlfriend pls,7,1,1610134177.0,adilsyk,False,negative,neutral,negative,negative
gikpscy,Professional bro. She is,21,1,1610135119.0,none_to,False,positive,positive,positive,positive
giklaff,"BRUH, what a portal",17,1,1610133145.0,AJGILL03,False,negative,neutral,positive,neutral
gikdj2q,Laughed so hard at this! Epic!,17,1,1610129767.0,firesword14,False,positive,positive,neutral,positive
gikrn52,"crosspost it there, you might gain lots of karma",8,1,1610135929.0,tumseNaHoPayega,False,negative,neutral,neutral,neutral
gimq28n,"Omg, I had no idea about this sub.. discovery of the year.. (so far)",3,1,1610172044.0,MarquizMilton,False,positive,positive,neutral,positive
gikcaam,"Maybe no one disclosed them that wearing and undoing it everytime is a fucking hassle. Not to mention visiting washroom. I'm not a woman but damn I find it difficult to comprehend how do women manage to do this on a daily basis wearing an ethnic wear. More so thinking about the women in conservative and orthodox households. I mean, damn do I appreciate my default home attire that is my sweatpants and t-shirts even more.",94,1,1610129222.0,Dex_Lionhart,False,negative,negative,negative,negative
gijzelq,Tell those fuckers to wear dhoti every day or keep their mouth shut.,259,1,1610123513.0,witchy_cheetah,False,negative,negative,negative,negative
gijvhni,What This video and wearing western dresses have in common.,63,1,1610121694.0,Logical-Inevitable46,False,neutral,neutral,neutral,neutral
gikijx0,"It's not like I have anything against wearing sarees. But, I feel more comfortable in trousers, pyjamas, etc., paired with a comfy tee, then strut around being extra cautious all day, fearing I'll reveal too much.",19,1,1610131942.0,profitmaker_tobe,False,neutral,neutral,neutral,neutral
gikefpg,can I get the link?,8,1,1610130164.0,TUNAKTUNAKLOL69420,False,neutral,neutral,neutral,neutral
gimft8v,My grandmas and aunties may be comfortable showing their stomachs in saris but I'm not :I,7,1,1610165656.0,sassy-in-glasses,False,neutral,negative,neutral,neutral
gikbujh,Lol I’m sure none of them would be fit enough to touch their feet while standing straight because their tummies would get in the way,25,1,1610129029.0,avenger1005,False,negative,negative,neutral,negative
giko3jj,hahha fools are everywhere more so on twitter...,7,1,1610134374.0,blitzkreig31,False,negative,negative,neutral,negative
gimhdq7,"So the unkills have started their mental gymnastics?

The electrical engineers call the unkill's first move as the edge-triggered flip flop.",0,1,1610166567.0,,False,neutral,neutral,negative,neutral
gim7egk,And there's me who can't reach my feet in any sort of wear.,6,1,1610161065.0,,False,negative,negative,neutral,negative
gikiwvx,[removed],9,1,1610132097.0,,False,neutral,neutral,negative,neutral
gimivld,[deleted],2,1,1610167441.0,,False,neutral,neutral,negative,neutral
gijjtiv,This is gymnast Parul Arora for those wanting to know who she is.,43,1,1610115776.0,Logical-Inevitable46,False,neutral,neutral,neutral,neutral
giko9sl,Meh unkills being unkills. Can't do shite themselves but can comment.,12,1,1610134451.0,thecrowsays,False,negative,negative,negative,negative
gik6sqs,">it’ll be some great Indian representation

err cringe",-81,1,1610126846.0,JizzArtist,False,neutral,neutral,neutral,neutral
gil82su,I bet she just likes to flip in her free time.,0,1,1610143370.0,theuniversalguy,False,neutral,neutral,positive,neutral
gik1892,We would like to see that video..aao kabhi haveli pe!,6,1,1610124348.0,Logical-Inevitable46,False,neutral,positive,positive,positive
gikiu5l,"###[View link](https://redditsave.com/info?url=/r/india/comments/kt3cv6/when_a_gymnast_does_flips_in_a_saree/)


 --- 
 [**Info**](https://np.reddit.com/user/SaveVideo/comments/jv323v/info/)&#32;|&#32; [**Feedback**](https://np.reddit.com/message/compose/?to=Kryptonh&subject=Feedback for savevideo) &#32;|&#32; [**DMCA**](https://np.reddit.com/message/compose/?to=Kryptonh&subject=Content removal request for savevideo)&#32;|&#32;[**Donate**](https://ko-fi.com/getvideo)",2,1,1610132064.0,SaveVideo,False,neutral,neutral,neutral,neutral
gikgfla,"###[View link](https://redditsave.com/info?url=/r/india/comments/kt3cv6/when_a_gymnast_does_flips_in_a_saree/)


 --- 
 [**Info**](https://np.reddit.com/user/SaveVideo/comments/jv323v/info/)&#32;|&#32; [**Feedback**](https://np.reddit.com/message/compose/?to=Kryptonh&subject=Feedback for savevideo) &#32;|&#32; [**DMCA**](https://np.reddit.com/message/compose/?to=Kryptonh&subject=Content removal request for savevideo)&#32;|&#32;[**Donate**](https://ko-fi.com/getvideo)",1,1,1610131030.0,SaveVideo,False,neutral,neutral,neutral,neutral
gil8b6p,dude she's a professional gymnast. chill.,11,1,1610143482.0,short_of_good_length,False,neutral,neutral,neutral,neutral
gil8cls,"Take a chill pill bro, i'm sure she didn't do it to prove Indian pride.",7,1,1610143501.0,theuniversalguy,False,negative,neutral,neutral,neutral
gikbm9v,I think she has a much better idea of what can destroy her career or not. Acting like we know better than her about the risks involved is obnoxious.,32,1,1610128927.0,Williamsarethebest,False,neutral,negative,negative,negative
gikcfh9,Dude. This is not her only Attempt. She seems to be trained really well. She is a pro and hence I would assume she knows “well” :),14,1,1610129286.0,citizen_of_world,False,positive,positive,positive,positive
gik70s1,"Yes. The pride in Indian attire has blinded the people to notice the risk factors involved in such a maneuver. I don't know how serious, but I guess it's present.

[Comment in this thread](https://www.reddit.com/r/india/comments/kt3cv6/when_a_gymnast_does_flips_in_a_saree/gilforg/)

Edit: link",-13,1,1610126943.0,redinq,1610149689.0,neutral,neutral,neutral,neutral
gikj1ng,She has trained herself to perform in Saree. You can see more on [twitter](https://mobile.twitter.com/parul_cutearora).,7,1,1610132154.0,Logical-Inevitable46,False,neutral,neutral,neutral,neutral
gil9kxg,"Im sure you mean well. But she seemed pretty satisfied with her performance, let her have her glory. She seems to know what she is doing, let's not underestimate her wisdom about this.",3,1,1610144094.0,theuniversalguy,False,positive,positive,positive,positive
gikl78a,"Thanks for being the voice of sanity, never mind the downvotes.

> Two of my coaches had heartache looking at this video

Are you a sportsperson?",5,1,1610133106.0,,False,negative,positive,neutral,neutral
gin3iwt,"Why are you so triggered and crying?  There is nothing political in the post, but you are eager to make it such",1,1,1610183906.0,Nematoda_3009,False,negative,negative,negative,negative
gijzx8c,I just mute everything by default. So much nicer because many videos have shitty music anyway.,23,1,1610123751.0,ashtapadi,False,negative,negative,neutral,negative
gijxsmc,Hmm...that was not the intent.,9,1,1610122776.0,Logical-Inevitable46,False,neutral,negative,neutral,neutral
gikaagw,"lol Why is this getting downvoted? Its just a legit opinion, trend of all this overly glorified music and adding annoying slowmo every 3 seconds started by dumbass tiktokers.",13,1,1610128354.0,VillsSkyTerror,1610129208.0,negative,negative,negative,negative
gikzhg2,"The slow motion was actually good here, and correctly used. It didn't start too early, didn't end too late.",4,1,1610139382.0,El_Impresionante,False,positive,positive,positive,positive
gik1aoj,Dillon Francis and Dj snake - get low has about 660 million views on YouTube......,4,1,1610124379.0,R3A3,False,neutral,positive,neutral,neutral
gik3rso,Post your stomach size man.,2,1,1610125495.0,Affectionate_Ruin303,False,neutral,neutral,positive,neutral
gir823x,She is a professional gymnast,1,1,1610279185.0,Nematoda_3009,False,positive,neutral,neutral,neutral
gik9q21,Go back to quora,21,1,1610128111.0,Shraggus,False,neutral,neutral,neutral,neutral
gin3pqc,Is there any problem in liking a style of clothing?,4,1,1610184101.0,Nematoda_3009,False,neutral,neutral,neutral,neutral
gim3u6s,You on weeds?,3,1,1610159236.0,,False,neutral,neutral,neutral,neutral
gim3oto,Huh still better than yours,3,1,1610159158.0,,False,positive,positive,positive,positive
gima0vv,Looks like you like cringy stuff,1,1,1610162450.0,garlak63,False,negative,negative,negative,negative
gikltpx,Ha bol,1,1,1610133380.0,Logical-Inevitable46,False,neutral,neutral,neutral,neutral
gilv9r3,"###[View link](https://redditsave.com/info?url=/r/india/comments/kt3cv6/when_a_gymnast_does_flips_in_a_saree/)


 --- 
 [**Info**](https://np.reddit.com/user/SaveVideo/comments/jv323v/info/)&#32;|&#32; [**Feedback**](https://np.reddit.com/message/compose/?to=Kryptonh&subject=Feedback for savevideo) &#32;|&#32; [**DMCA**](https://np.reddit.com/message/compose/?to=Kryptonh&subject=Content removal request for savevideo)&#32;|&#32;[**Donate**](https://ko-fi.com/getvideo)",1,1,1610154801.0,SaveVideo,False,neutral,neutral,neutral,neutral
gimm3rq,"###[View link](https://redditsave.com/info?url=/r/india/comments/kt3cv6/when_a_gymnast_does_flips_in_a_saree/)


 --- 
 [**Info**](https://np.reddit.com/user/SaveVideo/comments/jv323v/info/)&#32;|&#32; [**Feedback**](https://np.reddit.com/message/compose/?to=Kryptonh&subject=Feedback for savevideo) &#32;|&#32; [**DMCA**](https://np.reddit.com/message/compose/?to=Kryptonh&subject=Content removal request for savevideo)&#32;|&#32;[**Donate**](https://ko-fi.com/getvideo)",1,1,1610169421.0,SaveVideo,False,neutral,neutral,neutral,neutral
gioamu0,"###[View link](https://redditsave.com/info?url=/r/india/comments/kt3cv6/when_a_gymnast_does_flips_in_a_saree/)


 --- 
 [**Info**](https://np.reddit.com/user/SaveVideo/comments/jv323v/info/)&#32;|&#32; [**Feedback**](https://np.reddit.com/message/compose/?to=Kryptonh&subject=Feedback for savevideo) &#32;|&#32; [**DMCA**](https://np.reddit.com/message/compose/?to=Kryptonh&subject=Content removal request for savevideo)&#32;|&#32;[**Donate**](https://ko-fi.com/getvideo)",1,1,1610214741.0,SaveVideo,False,neutral,neutral,neutral,neutral
gllbjkr,"###[View link](https://redditsave.com/info?url=/r/india/comments/kt3cv6/when_a_gymnast_does_flips_in_a_saree/)


 --- 
 [**Info**](https://np.reddit.com/user/SaveVideo/comments/jv323v/info/)&#32;|&#32; [**Feedback**](https://np.reddit.com/message/compose/?to=Kryptonh&subject=Feedback for savevideo)&#32;|&#32;[**Donate**](https://ko-fi.com/getvideo) &#32;|&#32; [**DMCA**](https://np.reddit.com/message/compose/?to=Kryptonh&subject=Content removal request for savevideo&message=https://np.reddit.com//r/india/comments/kt3cv6/when_a_gymnast_does_flips_in_a_saree/)",1,1,1612183004.0,SaveVideo,False,neutral,neutral,neutral,neutral
gikgxrl,Aunties would be disappointed,97,2,1610131246.0,lemon_zest278,False,negative,negative,negative,negative
gimhr2u,I tried to help my wife put her saree on once. Suffice to say we had to call the neighbouring aunty to help..,19,2,1610166782.0,Bingeljell,False,neutral,neutral,negative,neutral
gimjddr,I've tripped and fallen over my own dhoti several times just trying to walk lol,9,2,1610167734.0,Aditya1311,False,negative,neutral,negative,negative
gimttwu,Indian aunties being afraid of escalators must see this.,10,2,1610174889.0,manojlds,False,negative,neutral,neutral,neutral
gimphtb,hahahha funny,3,2,1610171647.0,Eksalar,False,positive,positive,positive,positive
giml7vb,or that you deny him having one because of you not having one :p (this could go on forever),4,2,1610168860.0,riotmaster256,False,neutral,neutral,negative,neutral
gikqfio,wah....kya original joke maara,34,2,1610135398.0,UserameChecksOut,False,neutral,neutral,negative,neutral
gim60c4,its a joke chill lol,4,2,1610160349.0,MaxKiller14200,False,neutral,neutral,neutral,neutral
gim5d5o,"Put the ""she is"" first followed by the rest of the sentence. Eg: ""She is professional bro.""",-9,2,1610160022.0,Ghost_Redditor_,False,neutral,neutral,positive,neutral
gimjx3o,what's the use of Karma is it tradeable with actual money or some shit in return like awards,-6,2,1610168067.0,Mockin_jay,False,negative,negative,negative,negative
gimwiih,"
>I find it difficult to comprehend how do women manage to do this on a daily basis wearing an ethnic wear.

Well, with practice comes expertise. U learn to do stuff when u do stuff for a long time.",-6,2,1610177144.0,cant_bother_me,False,negative,neutral,positive,neutral
gimhmuz,"Dude, my relatives from the south do wear dhotis the whole day... I'm not sure that argument would fly. Lol",28,2,1610166713.0,Bingeljell,False,negative,neutral,neutral,neutral
gilqj4z,Langots.,17,2,1610152424.0,arcygenzy,False,neutral,neutral,neutral,neutral
gimql17,"Yo, you can't compare sarees to dhotis... I wear mundu all the time at home. It is comfortable and convenient. But sarees, omg Wtf. What is that even.. I think sarees are good for like a wedding function or something, but for   daily wear it is bs. My mum would have to wear it everyday for work, and she was a saree Ninja. But even she would jump at the opportunity to not wear it.",10,2,1610172417.0,MarquizMilton,False,negative,neutral,positive,neutral
gimjjvq,actually dhoti is very comfortable if you know how to tie it to your hip instead of to your paunch.,5,2,1610167843.0,,False,positive,positive,positive,positive
gim4mlb,Hahaha,1,2,1610159644.0,LogangYeddu,False,positive,positive,positive,positive
gijwtix,"idk, maybe sanghis want Indian women to wear Saree everywhere.",80,2,1610122321.0,superxboy11,False,neutral,neutral,neutral,neutral
gikqkhv,[link to those comments](https://twitter.com/Kaliyugamaya/status/1347399982844809218?s=19),6,2,1610135459.0,Delese,False,neutral,neutral,neutral,neutral
gil02ag,"Areee tradion and culture first. This is very important otherwise our forefathers and Gods will be disappointed in us. From  tomorrow I will ride a bike in dhoti, instead of proper gear. Doesn't matter if I die or my dhoti opens up and floats like Kajal's dupatta in ddlj, I need culture first.",12,2,1610139641.0,duckmeatcurry,False,negative,neutral,positive,neutral
gio1zpn,are u mad??,1,2,1610210337.0,Maniac_Chillin123,False,negative,negative,negative,negative
gikjayl,Lol,4,2,1610132268.0,profitmaker_tobe,False,neutral,positive,neutral,neutral
gin6cxz,"Don't sweat. 'Le' is just French for 'The'. It makes memes sound more... well... Meme(ish) I guess. And, the trend probably started with memes.",2,2,1610186830.0,profitmaker_tobe,False,neutral,neutral,neutral,neutral
gik6wnz,How?,38,2,1610126893.0,,False,neutral,neutral,neutral,neutral
gikgh2d,Yes jizzartist,-10,2,1610131048.0,notandxorry,False,neutral,neutral,positive,neutral
gil5co5,Agreed,-6,2,1610142075.0,ItsAGeekGirl,False,neutral,positive,positive,positive
gikdtts,With you on that.,-14,2,1610129899.0,fatarabi,False,neutral,positive,neutral,neutral
gik3wbh,"Respect my aadhaarity. 
https://braindedindia.wordpress.com/2018/07/02/chandan-made-chaddis-and-aadhaar-bedtime-stories/",3,2,1610125552.0,,False,neutral,neutral,negative,neutral
gin79zm,[removed],0,2,1610187793.0,,False,neutral,neutral,negative,neutral
gik98oz,"Or maybe, she being a gymnast and far more qualified than us, knew exactly how much risk was involved and yet took the challenge and pulled it off",35,2,1610127905.0,RaideNGoDxD,False,neutral,positive,negative,neutral
gimie55,"I wasn't putting her down, but I was saying that this isn't normal and also not safe, that's all. Good for her for that landing",3,2,1610167155.0,zafar_bull,False,neutral,neutral,neutral,neutral
gikm1a6,"I work in sports federation. I am okay with downvotes, people don't get sports in India and I can understand why.",9,2,1610133472.0,zafar_bull,False,neutral,negative,positive,neutral
gin3y0f,Bruh 😂 u didn't get my point ........,2,2,1610184333.0,none_to,False,negative,negative,neutral,negative
gik1sxo,One man's music is another man's noise.,21,2,1610124607.0,throwreddit69420,False,neutral,neutral,neutral,neutral
gimc3j1,No I just think Pakistan has good gymnasts.,-6,2,1610163574.0,rabidapplepie,False,positive,positive,neutral,positive
giklwg0,Haha gg tho,1,2,1610133414.0,Tedx11,False,positive,positive,neutral,positive
gikiaae,I am an Aunty myself lol,95,3,1610131827.0,Ramgadhkewasi,False,neutral,positive,neutral,neutral
gikz5ga,When are they not lol,9,3,1610139233.0,chaotic-_-neutral,False,neutral,neutral,neutral,neutral
gimlqb3,pathetic..,0,3,1610169180.0,WillStealUrGirl69,False,negative,negative,negative,negative
gimyjim,That scare is not regarding getting stuck due to saree but more like being scared of the moving floor beneath.,6,3,1610178988.0,hsmhnwzn,False,negative,negative,negative,negative
gine038,username checks out,4,3,1610194469.0,soyboytits,False,neutral,neutral,neutral,neutral
gir647l,be a good sport come one,1,3,1610277221.0,adilsyk,False,positive,positive,positive,positive
gim7kl8,[removed],21,3,1610161152.0,,False,neutral,neutral,negative,neutral
gin054l,Bhai mazak chal rha hai correction kyu kar raha hai,2,3,1610180503.0,awhitesong,False,neutral,neutral,negative,neutral
gimqo9r,"Then they at least have some ground to stand on
 After that the personal preference argument can be started, how would the dhoti wearing person like to be told they have no culture, are too primitive to wear stitched clothes, and so on.",7,3,1610172481.0,witchy_cheetah,False,neutral,negative,negative,negative
gimlw0n,Lungis,4,3,1610169280.0,WillStealUrGirl69,False,neutral,neutral,neutral,neutral
gimriaa,"Mundu wearing is more akin to lungi than dhoti, I would say. I mean the north indian style which is tied similar to a saree. Saree can be surprisingly comfortable, but I dare say whether one is wearing a saree, dhoti, mundu or lungi, one would be hard put to do what she did. I guess kalaripayattu is the only place where you see something a bit similar",2,3,1610173095.0,witchy_cheetah,False,neutral,neutral,positive,neutral
gimqz06,"So is a saree once you get used to it. I couldn't do back flips in any kind of getup, so mad props to her. The issue of course is in people always trying to control others.",2,3,1610172697.0,witchy_cheetah,False,neutral,neutral,negative,neutral
giki4yz,Let's start with going to the gym in sarees. Or better still wrestling in sarees.,16,3,1610131763.0,profitmaker_tobe,False,neutral,neutral,neutral,neutral
gimzmqo,"Hello, Parsi women flew planes in Saris just a few decades ago.",2,3,1610180017.0,rebelioustomboy,False,neutral,neutral,neutral,neutral
gil6c7y,[removed],-14,3,1610142543.0,,False,neutral,neutral,negative,neutral
gikt0c6,"Twitter needs to stop, imagine if reddit got introduced to these kind of people",7,3,1610136534.0,TUNAKTUNAKLOL69420,False,negative,negative,negative,negative
gio6ny0,"A bit, yes.",1,3,1610212731.0,blitzkreig31,False,neutral,positive,neutral,neutral
gik9rkx,"Definitely. But I guess even professionals aren't immune to mistakes/accidents.The attire does increase its chances. Comment wasn't about doubting her abilities.

Edit: grammar",4,3,1610128129.0,redinq,1610128819.0,neutral,neutral,positive,neutral
gin6df6,Then what is your point? Elaborate,1,3,1610186844.0,Nematoda_3009,False,neutral,neutral,neutral,neutral
gik1xam,"So you can just mute by by default for the ""silent"" reddit experience",7,3,1610124662.0,R3A3,False,neutral,neutral,negative,neutral
gimga7j,It's an indian gymanst,4,3,1610165931.0,,False,neutral,neutral,neutral,neutral
gikiggt,Cue the grandmas,63,4,1610131900.0,lemon_zest278,False,neutral,neutral,neutral,neutral
gim5xiw,Aunties on reddit? Gen Z aunties damn.,53,4,1610160309.0,fauwara,False,negative,negative,negative,negative
gilyqm3,"Are you disappointed in yourself though, that's the question now.",18,4,1610156578.0,MissionStatistician,False,negative,negative,negative,negative
gimpkdw,savage hahaha,5,4,1610171698.0,Eksalar,False,positive,neutral,positive,positive
gime69s,"The way, this is.",12,4,1610164731.0,RedBeard695,False,neutral,neutral,positive,neutral
gim7pb5,😂😂😂😂,4,4,1610161220.0,Ghost_Redditor_,False,neutral,neutral,neutral,neutral
gimvkp1,Yoda 😂😂,2,4,1610176321.0,none_to,False,neutral,neutral,neutral,neutral
gin5c74,"But this happens all to often... Calling South Indians ""lungi"" is not out of love. It's meant to be an insult. We're a supremely racist country. 

My immediate family has married into different cultures, but I've heard lots of fun being made of different sides by each other. Some of us can laugh at our selves, but it's a pretty deep rooted issue.",3,4,1610185762.0,Bingeljell,False,negative,neutral,negative,negative
giys6ns,"Haha, that is true. But in my home town, I see people playing football wearing lungi... I guess the comfort level depends on the familiarity with the clothing.",1,4,1610424513.0,MarquizMilton,False,neutral,neutral,neutral,neutral
gin0n7g,">So is a saree once you get used to it.

No. That's debatable, unlike dhotis. You can ask these people shut up about sarees or start wearing dhotis instead of pants but you will get shutdown if you are gonna argue that dhotis are difficult to wear.",2,4,1610180992.0,,False,neutral,neutral,neutral,neutral
gvytdzp,"Indian women have fought duckin battles in sarees, precisely the Navari saree.",2,4,1619466004.0,Old_Bar_5203,False,neutral,neutral,neutral,neutral
gimfgy3,How? Burkas seem more comfortable than a Saree. Except for black absorbing heat.,1,4,1610165462.0,skilled_nihilist,False,neutral,neutral,neutral,neutral
gjbjyx3,i knew that,1,4,1610693278.0,Maniac_Chillin123,False,neutral,neutral,neutral,neutral
gikeesi,[removed],3,4,1610130154.0,,1629947111.0,neutral,neutral,negative,neutral
gin9aqf,Read all the comments you will get it  😅,0,4,1610189865.0,none_to,False,neutral,neutral,neutral,neutral
gimbqfi,Kya karein. Bachon pe nazar rakhni padti hai. Gen X though.,37,5,1610163376.0,Ramgadhkewasi,False,neutral,neutral,neutral,neutral
gingtt3,"I am sorry to have mentioned it then, being clueless. Will take more care later. Agree that pulling each other down is often our undoing.",3,5,1610196990.0,witchy_cheetah,False,negative,negative,negative,negative
gin2faf,"Dunno man, bengali style dhoti is pretty difficult to wear, going by cousins in weddings. Just wrapping it like a towel may be easier, but I doubt you could run without raising it above the knees.",2,5,1610182775.0,witchy_cheetah,False,negative,negative,positive,negative
gjbjzjq,"not even a bit, ur more than that",1,5,1610693293.0,Maniac_Chillin123,False,neutral,neutral,negative,neutral
gikf30w,"*""The best lack all conviction, while the worst are full of passionate intensity."" — WB Yeats*",3,5,1610130444.0,redinq,False,neutral,neutral,positive,neutral
gimlo54,You must be that cool aunty NOT every neighborhood has.,28,6,1610169142.0,WillStealUrGirl69,False,positive,neutral,positive,positive
giq84mx,True but are you saying raising above knee is no longer a fair comparison with sari?,1,6,1610249964.0,,False,neutral,neutral,neutral,neutral
gimz50s,You mean the extremely rare non CCTV aunty,7,7,1610179549.0,lemon_zest278,False,neutral,neutral,negative,neutral
gimnrot,Yeah we need more aunts like you. Anyways have a great day.,16,7,1610170480.0,fauwara,False,positive,positive,positive,positive
giqb5lk,Try raising sari above knee and see the sanskaris rush in. Only place where it might be tolerated might be in farmers or cleaners who they don't care about.,1,7,1610251654.0,witchy_cheetah,False,neutral,negative,neutral,neutral
