Comment ID,Comment Text,Comment Score,Comment Depth,Created Timestamp,Author,Edited,Semantic Label,Semantic Label 2,Semantic Label 3,Major_Semantic
gvjluo9,"This guy wanted to put his face on the vaccination certificates. 

They should put his face on the death certificates these days. More of them circulating around....",306,0,1619165154.0,sidvicc,False,negative,negative,neutral,negative
gvj87jn,"BJP folks will use the first picture, "" modiji visited hospitals every hour"".",538,0,1619154026.0,alienbloke,False,neutral,neutral,neutral,neutral
gvjsmrx,"I've never felt such a visceral dislike towards a politician. Like, seriously, what do people see in this fraud?",64,0,1619171656.0,willywonka24_1997,False,negative,negative,negative,negative
gvj2ame,*IT cell wale wants to have you in their team*,290,0,1619150116.0,ChowGamer123,False,positive,neutral,neutral,neutral
gvj9fb3,can you do the joker in front of the hospital ?,199,0,1619154905.0,parthamurmu,False,neutral,neutral,neutral,neutral
gvj3gyx,"The 1st picture looks like he's walking away from the doctors.

2nd One looks like he's smiling while ignoring the people dying.

3rd One looks like he is walking away from the suffering person to attend rallies.

4rth One looks like he is smiling at how people are dying in covid.",194,0,1619150859.0,Unnameda123,False,negative,negative,neutral,negative
gvj70cb,Make another series where he’s taking a selfie with morbid backdrops.,78,0,1619153180.0,_ashok_kumar,False,negative,neutral,negative,negative
gvj8kxx,I just hope you don't get charged with sedition 😂😂,74,0,1619154299.0,warlockdn,False,negative,neutral,neutral,neutral
gvj9n2h,I am almost certain that if he starts ‘helping’ the situation would be much worse.,117,0,1619155063.0,,False,negative,negative,negative,negative
gvjpqci,"This is 100% amazing, I just subbed to /r/India by chance. I see now it was worth it.",14,0,1619168855.0,Neatche,False,positive,positive,positive,positive
gvjcs8f,[deleted],51,0,1619157438.0,,1626514987.0,neutral,neutral,negative,neutral
gvja9nn,[removed],20,0,1619155518.0,,False,neutral,neutral,negative,neutral
gvjm9cw,I wish I had a free award thingy to give you....,6,0,1619165522.0,deepzpillai,False,neutral,positive,positive,positive
gvjq3m4,I love how in the last photo he looks positively thrilled by how many people are dying,6,0,1619169213.0,BigBrotato,False,positive,neutral,positive,positive
gvj1y0b,Good one bro,16,0,1619149906.0,G8191,False,positive,positive,positive,positive
gvjbcbi,The next level should be with that awful beard and long hair,10,0,1619156323.0,chai-means-tea,False,negative,negative,negative,negative
gvjvpux,"Dude, beleive me, there must be a team in BJP thats figuring out how to get out of this jam (using political means like data hiding, misinformation, use nehru, congress, do high visible projects etc.)

They will soon unleash these projects and aam janta will back to singing guun gaan for our beloved modiji.",8,0,1619174418.0,lance_klusener,False,neutral,neutral,neutral,neutral
gvjovw3,Amit Shah wants to know your location.,5,0,1619168023.0,Blunder-FTW,False,neutral,neutral,neutral,neutral
gvjx6ou,His fucking face pisses me off so much,3,0,1619175635.0,iamnobody331,False,negative,negative,negative,negative
gvjdqip,When reddit is doing a better job than our Opposition!!,14,0,1619158180.0,MrDv09,False,positive,positive,negative,positive
gvjavr0,"He's really serious about Pradhanmantri Swachh Bharat Abhiyan, as in genocidal level serious.",10,0,1619155975.0,ashvy,False,negative,neutral,positive,neutral
gvjbdeq,Superb editing 😍😍😍😍,8,0,1619156346.0,,False,positive,positive,positive,positive
gvjij97,Only if he had spine,3,0,1619162162.0,Niohzxs,False,neutral,neutral,positive,neutral
gvjofh8,Seriously the condition is really bad.,3,0,1619167580.0,,False,negative,negative,negative,negative
gvjpfl5,I should not see this. I'm covid positive.,3,0,1619168570.0,laurencetrishburn,False,negative,neutral,positive,neutral
gvjrsi9,"Modi looks at these

Modi to OP : Tera vikas kardunga.",3,0,1619170852.0,masterkanobi,False,neutral,neutral,neutral,neutral
gvjw14e,"Please let the resistance to the Gujju mafia grow. India is better than these things running the country. 

PLEASE STAY HOME AND TAKE MAX PRECAUTIONS WHOEVER CAN",3,0,1619174682.0,tileblues,False,neutral,negative,positive,neutral
gvjyqg6,"Do one in which he is wearing surgical apron and doing surgical strike on COVID patients, and bhakts chearing him up Dr Mody Dr Mody .. Fodi sala",3,0,1619176843.0,Honourable_Rambhau_G,False,negative,neutral,negative,negative
gvkpuhq,"FYI EC ordered to stop rallies and BJP did stop the rallies, and guess what Congress and TMC are still doing rallies",3,0,1619191166.0,Ritik_Arora__57,False,neutral,negative,neutral,neutral
gvj2yu3,Nicely done 👍👌👏,9,0,1619150540.0,ganesh248,False,positive,positive,positive,positive
gvjmkda,Unseen photos hidden in Area 51 that government doesn't want anyone to see,2,0,1619165806.0,PRTK_35,False,neutral,negative,neutral,neutral
gvjo7ge,In every pic it feels as if he is showing off what has hapened behind his back,2,0,1619167361.0,sbjr47,False,neutral,neutral,neutral,neutral
gvjoidj,I mean.. in all these places.. would he be of any use though?,2,0,1619167658.0,The_Dark_Ra,False,neutral,neutral,neutral,neutral
gvjp2om,Photoshop hai tohi mumkin hai,2,0,1619168209.0,mibe6163,False,neutral,neutral,neutral,neutral
gvjqx99,"You can add a phone in the hands, so it looks like he's taking selfies there. 😅",2,0,1619170020.0,gagzd,False,neutral,neutral,positive,neutral
gvjrfmj,Wasn't he a Warlock main??,2,0,1619170513.0,QuarantineSucksALot,False,neutral,neutral,neutral,neutral
gvjwr7w,Arree Bhai Bhai Bhai 😂🔥,2,0,1619175279.0,Odd-Book3616,False,neutral,neutral,negative,neutral
gvjxkv5,Bikas ke Khuni papa,2,0,1619175952.0,Honourable_Rambhau_G,False,neutral,neutral,positive,neutral
gvjym65,"Good work, adding a death certificate with his photo would be a good addition",2,0,1619176756.0,Altruistic_Sky1866,False,positive,positive,positive,positive
gvjzg0p,"\#4 is gonna be a meme template, I just know it",2,0,1619177369.0,Wellbeinghunter69,False,neutral,neutral,neutral,neutral
gvk17yd,चौकीदार मूर्ख है !,2,0,1619178627.0,Indianopolice,False,neutral,neutral,positive,neutral
gvkoqic,Is this our version of the Bernie meme ? (Except its dark humor),2,0,1619190686.0,,False,neutral,neutral,neutral,neutral
gvkoy0p,"Send this on you family WhatsApp group, they will think all of these pics are real.",2,0,1619190777.0,giga--niga,False,neutral,neutral,neutral,neutral
gvks1w9,I'm not Indian. What are those fires? I'm curious.,2,0,1619192118.0,akvit,False,neutral,neutral,neutral,neutral
gvksone,It's fascinating how people look cool leaving destruction in their wake...,2,0,1619192390.0,Mavoii,False,negative,negative,neutral,negative
gvkuoqo,Yasssss,2,0,1619193252.0,memeslover_26,False,positive,positive,neutral,positive
gvl0wf4,Idk why but picture 2 and 4 are like 2002 written allover again!,2,0,1619195940.0,jallikattu-protestu,False,negative,neutral,neutral,neutral
gvlnk0q,Asking for a friend… can this photo pop up or can we make this the trending photo when Google searches “Best PM” ???,2,0,1619205855.0,,False,neutral,neutral,neutral,neutral
gvmnzvq,Op best thing I've seen in the last 7- 8 years of his leadership summed in 4 pics can we get something on demonetisation pls,2,0,1619223708.0,lostinthoughts2021,False,positive,positive,positive,positive
gvjn3x2,This is soooo fake. Mudi uncle grew such a luscious beard since janata curfew uwu. But I don't see it here. Hence proven these are fake photos.,5,0,1619166311.0,-The-Bat-,False,negative,negative,negative,negative
gvj9owb,Death bed.,2,0,1619155101.0,Sucheng,False,negative,negative,negative,negative
gvjcxsm,Mitron,3,0,1619157559.0,LordRaghuvnsi,False,neutral,neutral,neutral,neutral
gvjds9b,"""waah kya scene he""",4,0,1619158218.0,Rice-Bag,False,neutral,neutral,neutral,neutral
gvjhw8u,"Atleast this way he's there. 
Pretty sure though his poojya bhakts would claim this to be real",2,0,1619161589.0,theclurker,False,neutral,neutral,neutral,neutral
gvk0n4f,Is Modi basically the Trump of India?,2,0,1619178227.0,nanormcfloyd,False,neutral,negative,negative,negative
gvjgmf5,"Dude DON'T, Bhakts will misuse this saying Godiji visited hospitals and all.",3,0,1619160519.0,that-fed-up-guy,False,negative,negative,negative,negative
gvja7yv,Bruh please let me know you like jail ka khana,3,0,1619155483.0,adork_filter,False,neutral,negative,neutral,neutral
gvje7z7,Him being smiling in those pictures makes it even more ironic.,2,0,1619158570.0,holey_shite,False,neutral,positive,negative,neutral
gvje9ce,"Of course, not wearing a PPE kit anywhere",2,0,1619158601.0,1701Person,False,neutral,negative,neutral,neutral
gvjgu26,WHY IS HE SMILING AT THE CREMATING BODIES,2,0,1619160691.0,Quarterhour420,False,neutral,neutral,neutral,neutral
gvjhcfc,Fucking Legend,2,0,1619161115.0,Legendary-69420,False,positive,positive,negative,positive
gvjtewa,[deleted],2,0,1619172391.0,,1626516670.0,neutral,neutral,negative,neutral
gvjbjab,This should be at all the petrol bunks. Tired of seeing that Fface there.,3,0,1619156470.0,dkinweb,False,negative,negative,negative,negative
gvjbnwt,Yikes.. really nails it,2,0,1619156569.0,jubbing,False,negative,negative,positive,negative
gvjqf3k,"I’m apolitical,but I hated seeing his photo on opening the Co-win platform,like wtf,he’s the prime minister of India,why is he being promoted like he is some rich candidate standing up for a district seat",3,0,1619169526.0,sea_weed75,False,negative,negative,negative,negative
gvk18st,[deleted],1,0,1619178644.0,,False,neutral,neutral,negative,neutral
gvjhrkj,Modi is such a cancer to the country smh,1,0,1619161477.0,ironmanqaray,False,negative,negative,positive,negative
gvjs1x3,"I wonder sometimes what happens after mann ki bhaat and photoshoot., the character of Ben Kingsley as Trevor slattery in iron man 3., 

once the shoot is over, he goes drinking, sleeping (not ofcourse with women), watching cricket, movies., I'd love to see this version., bloody hell bloody hell.,",1,0,1619171105.0,throwayway0038,False,neutral,neutral,negative,neutral
gvkyhiu,Do Indian people know how bad it is? Why not collectivize and make a government that cares half the country lives in shit covered streets.,1,0,1619194895.0,Ben_0828,False,negative,negative,negative,negative
gvj9tfy,is modi normal?,-3,0,1619155193.0,orostitute,False,neutral,neutral,neutral,neutral
gvk83eg,The Modi Variant is taking over,0,0,1619182813.0,broadened_news,False,negative,neutral,neutral,neutral
gvk933x,"On 2 and 3, put a camera in his outstretched hand like he is taking a selfie.",0,0,1619183349.0,ktka,False,neutral,neutral,neutral,neutral
gvka5sl,"Uff 6.3k seditious indians just on this one thread! 

/s",0,0,1619183919.0,EquivalentWestern,False,negative,negative,negative,negative
gvkc12g,these are going to be even more funny when modi/bjp gets elected again. They got reelected after all the bs on their first term and i don't see anything changing now.,0,0,1619184879.0,vizot,False,neutral,neutral,positive,neutral
gvjh773,[deleted],-12,0,1619160992.0,,False,neutral,neutral,negative,neutral
gvj2pdh,[deleted],-42,0,1619150374.0,,False,neutral,neutral,negative,neutral
gvkek56,Maybe the holograms can be of use now.,1,0,1619186122.0,citiusaltius,False,neutral,neutral,neutral,neutral
gvns0mx,"Are you crazy? BJP morons will take these exact photoshopped pics and claim that ""Modiji was here when the nation needed him!"" and dunk on anyone challenging him because these guys have no sense of irony or shame or contextual awareness.",1,0,1619250998.0,howietzr,False,negative,negative,negative,negative
gvt6xbx,Can we all resolve to tweet these images (since Twitter is blocking anti-government tweets) to infinity?,1,0,1619352510.0,IFookU,False,neutral,neutral,neutral,neutral
gvwpdq8,I’ve never felt so much hate towards a politician,1,0,1619424586.0,pablopistachioo,False,negative,negative,negative,negative
gw0quso,Mota Bhai Majema?,1,0,1619502443.0,AutarchOfReddit,False,neutral,neutral,negative,neutral
gvk08n8,"+1. If he's taking credit for the vaccinations, he should also take the fucking blame for deaths. 

Modi is a cunt.",125,1,1619177941.0,CarbonTail,False,negative,negative,negative,negative
gvkqelt,Anyone who hates Trump but likes Modi is a hypocrit. They are both essentially the same. Narcissists and Prejudice,22,1,1619191407.0,ConsciousnessOfThe,1619206225.0,negative,negative,negative,negative
gyhqqxk,100% this would be apt,1,1,1621285648.0,prakitmasala,False,neutral,positive,positive,positive
gvjfj1f,"And didn’t need no mask, because he’s VACCINATED",229,1,1619159620.0,greatsalteedude,False,neutral,negative,positive,neutral
gvkdd8c,Please don't give them ideas.,3,1,1619185547.0,winelover97,False,negative,negative,negative,negative
gvk4390,blind nationalism,23,1,1619180491.0,stick_always_wins,False,negative,neutral,negative,negative
gvnacmo,He makes my blood boil. How I wish for the good old days of Congress when the only problem was corruption,10,1,1619236696.0,INFP_Turbulent,False,negative,negative,negative,negative
gvkao1r,You could ask the same question about Trump and to some extent Boris Johnson and a bunch of others. Blind nationalism being spouted by a largely ignorant population.,8,1,1619184182.0,,False,negative,negative,negative,negative
gvj7o4c,I’m way too overqualified for those chumps,223,1,1619153643.0,irahulldubey,False,negative,negative,negative,negative
gvjbnvw,"It is the JOKER, without the mask.",338,1,1619156569.0,irahulldubey,False,neutral,neutral,neutral,neutral
gvjhjnp,"It's Prime Joker. Be respectful. 

Or PJ for short.",73,1,1619161286.0,hardeep1singh,False,neutral,neutral,positive,neutral
gvjbfmv,I second that,20,1,1619156393.0,BlissVsAbyss,False,positive,neutral,positive,positive
gvk1dkx,"How dare you call our PM a joker? 

How dare you disrespect jokers? 😡😡😡",13,1,1619178731.0,RitikK22,False,negative,negative,negative,negative
gvj7hbj,A brief explanation of Modi’s empathy and sympathy towards the citizens in one glance.,103,1,1619153512.0,AmbitiousCriticism06,False,neutral,neutral,positive,neutral
gvjbban,Great Villains do not look back after they destroy something,56,1,1619156301.0,BlissVsAbyss,False,positive,neutral,neutral,neutral
gvjhi0u,"Nah, he did it with good intent.",17,1,1619161247.0,,False,neutral,positive,neutral,neutral
gvjjxov,"He would start with Banning something. Like... Say, Ban Covid patients from India? That's the only thing he knows. Ban money, Ban apps, Ban non-Hindu refugees.",49,1,1619163435.0,akza07,False,negative,negative,negative,negative
gvjedlf,"Naah. Him 'helping' economy has been counterproductive for sure. But unless he told everyone to take masks off and participate in orgies, I don't see how it could make it worse. Pandemic cannot be controlled without intervention.",26,1,1619158693.0,spikyraccoon,1619160004.0,negative,negative,negative,negative
gvjotzi,He's lovingly called Manhoos Modi or Nalayak Modi for that very reason,5,1,1619167972.0,Froogler,False,positive,positive,positive,positive
gvje8yj,XD,7,1,1619158593.0,Tomato_ketchup_,False,neutral,neutral,neutral,neutral
gvjrj6w,[deleted],19,1,1619170606.0,,False,neutral,neutral,negative,neutral
gvjfgto,"Someone explain this to my parents, lol. They are as anti-modi as I am but a part of their soul dies if I mention that moving away is an option",23,1,1619159571.0,notthatdramatic,False,negative,negative,negative,negative
gvjprh7,You are posting this comment on multiple posts. Do you keep forgetting or just karma farming?,8,1,1619168884.0,game_chainger,False,negative,negative,neutral,negative
gvjxz1u,"I sincerely understand you because one part of me wants to move away too. But the past few days have made me realise there are good people who are willing to change the country, and many are doing so. It's just that the ones who do nothing make most noise, and the ones who are right are often in doubt or dread. So I will probably be staying here, trying to do as much as I can. Because you and I may get lucky. But millions of others like us will have to suffer if no change is made.",5,1,1619176264.0,Bikquerel298,False,neutral,neutral,positive,neutral
gvk6vlr,I will give you and him on your behalf,2,1,1619182144.0,iAyoobS,False,neutral,neutral,positive,neutral
gvkgfgn,"Just don't whine about opposition.

Opposition will be needing proper media coverage. Unless media provides coverage, efforts wont multiply. And we all know who ones media. 

Just today, Aap leaked clip between Kejriwal and modi conference. Huge embarrassment for Modi. Need these kind of internal moments to expose these incompetent yet so called oversmart incumbent governement, to help people think and vote wisely.",8,1,1619187007.0,PerfectImperfection7,False,negative,negative,negative,negative
gvkt0x7,Opposition needs free press to function.,4,1,1619192536.0,dArk_frEnzy,False,neutral,neutral,neutral,neutral
gvjw83p,??? i don't really get.,3,1,1619174845.0,QuarantineSucksALot,False,negative,negative,neutral,negative
gvkfrnt,Area 56\*,2,1,1619186700.0,,False,neutral,neutral,neutral,neutral
gvky2x9,Funeral pyres,2,1,1619194722.0,GuyStandingBehindYou,False,neutral,neutral,neutral,neutral
gvlaw9a,Salla Modi,1,1,1619200245.0,TOdEsi,False,neutral,neutral,positive,neutral
gvk7u0l,"Yeah. Indeed he is the Indian equivalent of Trump uncle. 
His campaign is MIHA. 

Make India Hindu Again.",5,1,1619182670.0,SappySadu,False,negative,neutral,negative,negative
gvkvcbn,"Climate change is real but don't blame everything on India. India's Carbon footprint per capita is 60% less than the global average. Also, in a recent address the PM announced that there will be increased focus on sustainable sources of energy and technology. I know that at times it feels very bad but I'm also hopeful for the future. Let's just hope for the best.",1,1,1619193533.0,Ultra_I_Vegito,1619193763.0,neutral,positive,positive,positive
gvjwt0b,"> I’m apolitical,

You clearly sound like you have the luxury to be apolitical while the country burns.",0,1,1619175320.0,charavaka,False,negative,negative,negative,negative
gvk46yv,"this is tame as fuck, don’t be such a bitch",3,1,1619180553.0,stick_always_wins,False,negative,negative,negative,negative
gvjbgvs,"Yes.

Sociopathic megalomania is normal I guess.",17,1,1619156419.0,Ser_DuncanTheTall,False,neutral,negative,negative,negative
gvjnrx6,[removed],-8,1,1619166948.0,,False,neutral,neutral,negative,neutral
gvjbtzc,"> nolinkinbio1 hour ago
> Not a single high level politician, across party lines has been seen doing some ground work or even just bloody PR outside hospitals this week.

You choosing to ignore what non-bjp politicians are doing is on you, not on them. Please stop with this both sides bullshit.

Here's Uddhav Thackrey (o, how I hate him and the regressive ideology his party stands for!) visiting a Covid hospital that caught fire:

https://www.ndtv.com/video/news/news/i-ask-for-forgiveness-uddhav-thackeray-on-mumbai-hospital-fire-deaths-580348

https://www.ndtv.com/india-news/mumbai-hospital-fire-uddhav-thackeray-says-some-who-died-were-in-ventilators-ask-for-forgiveness-from-their-families-2399580?pfrom=video-read

Here's Kejriwal inaugurating plasma bank at a hospital in july:

https://www.business-standard.com/article/current-affairs/delhi-cm-arvind-kejriwal-inaugurates-plasma-bank-at-lnjp-hospital-120071400449_1.html

Here's him inaugurating more beds at another hospital in august:

https://economictimes.indiatimes.com/news/politics-and-nation/new-delhi-arvind-kejriwal-inaugurated-additional-200-beds-at-ambedkar-nagar-hospital/videoshow/77445390.cms?from=mdr

Here's him talking about increased icu beds in yet another hospital after visiting it in november:

https://economictimes.indiatimes.com/news/politics-and-nation/663-icu-beds-to-be-added-in-delhi-govt-hospitals-soon-cm-arvind-kejriwal-on-covid-19-management/articleshow/79283833.cms?from=mdr

I'm sure you can easily find all the constructive suggestions Rahul Gandhi, Manmohan Singh etc. were making before being ridiculed by central ministers  and then have their suggestions followed by the central government. If only you tried.

Please don't hide behind ""I said this week"" and ""Rahul didn't go to a hospital"" - you literally have plenty of examples of opposition politicians doing whatever they can to help while the prime minister focused on facilitating corona mela and organizing massive covid rallies.",25,1,1619156701.0,charavaka,False,negative,negative,negative,negative
gvj6e7v,They will only create more chaos with their security teams and cavalcade.,20,1,1619152749.0,Zzztop69,False,negative,negative,neutral,negative
gvjgpw2,"Nobody has access to any sort of resources to do anything. In fact, last year Modi went around collecting a PM CARES fund for this disaster and has probably pissed it all away in the WB election. 

Modi centralised all power to himself and with that comes great responsibility. It’s time to start paying attention to the actual authority, and stop making false equivalency arguments against those do not have any.",11,1,1619160599.0,blaster1988,False,negative,negative,positive,negative
gvjbdm5,"What do you expect them to do. 

I love this ""all parties are same"" defence",5,1,1619156351.0,Ser_DuncanTheTall,False,negative,neutral,positive,neutral
gvk1w9g,stop insulting cunts.,103,2,1619179078.0,,False,negative,negative,negative,negative
gvlmqwv,At least Trumps operation Warp Speed ensured vaccines are for Americans first..this guy doesn’t even wants that. He is worse than Trump....,9,2,1619205494.0,blade_runner01,False,negative,negative,negative,negative
gvl821c,"Both of them ruined or is still ruining their country, but one of them has the support of the people (so did Hitler).",6,2,1619199014.0,raunak_9000,False,negative,negative,negative,negative
gvjr9cy,"Doesn't need mask because he always wears one. 👹
Edit: I meant 10*",82,2,1619170348.0,dsouzaenoch,1619176334.0,neutral,neutral,neutral,neutral
gvjgkxz,With Gau Mootra Max Pro,175,2,1619160484.0,doinkadoosh,False,neutral,neutral,positive,neutral
gvo3xqd,You're underestimating their powers.,1,2,1619260315.0,alienbloke,False,negative,negative,neutral,negative
gvl3p7t,Agreed. But whom will you vote for in 2024?,4,2,1619197130.0,Therealprodman,False,neutral,neutral,neutral,neutral
gvpur9q,Spot on.,2,2,1619279025.0,Fortin4,False,positive,neutral,positive,positive
gvjba85,But you will be paid 10 rs per photo and with deshbhakti overdose.,110,2,1619156278.0,Ser_DuncanTheTall,False,neutral,neutral,neutral,neutral
gvjfmtg,Don’t forget that _Sarkari Naukri™_,34,2,1619159705.0,greatsalteedude,False,neutral,neutral,positive,neutral
gvjhwm1,DESTRUCTION,6,2,1619161598.0,blueheartsamson,False,negative,negative,negative,negative
gvl8a4d,"Man, how did u get that flair?",2,2,1619199112.0,raunak_9000,False,neutral,neutral,neutral,neutral
gvjkuai,🤣,32,2,1619164253.0,thelielmao,False,neutral,neutral,neutral,neutral
gvkeniy,"Mitron, let me put a smile on your face",1,2,1619186167.0,citiusaltius,False,positive,positive,positive,positive
gvk0qod,In r/Kerala we say Pradhana Mandan. 'Mandan' means foolish fellow in Malayalam.,15,2,1619178296.0,khal_ak,False,neutral,negative,negative,negative
gvjtuzr,[deleted],13,2,1619172802.0,,False,neutral,neutral,negative,neutral
gvl8kkq,\*Amit Shah Intensified\*,1,2,1619199240.0,raunak_9000,False,neutral,neutral,positive,neutral
gvkqmx2,Cool guys don't look at countries they've blown up,4,2,1619191505.0,Shyamallamadingdong,False,neutral,neutral,positive,neutral
gvju536,Wonder when Modi and his ilk will go for “ban-vaas”,6,2,1619173059.0,ohgimmeabreak,False,neutral,neutral,neutral,neutral
gvjtxni,"As far as I know, only Muslim refugees from Muslim Majority countries are banned (Not exactly banned, they can still legally apply through the normal course of action).

Non-Hindu refugees like Jains, Parsis, Sikhs, Buddhists and Christians are accepted.",5,2,1619172870.0,NiceChad69,False,neutral,neutral,neutral,neutral
gvjicyo,Well damn dude. Don't give them ideas now!,10,2,1619162003.0,sarthak1996,False,negative,negative,negative,negative
gvjsryk,[deleted],11,2,1619171789.0,,1626515715.0,neutral,neutral,negative,neutral
gvjub85,It’s my dream to open a Punjabi food restaurant m. Sweden! Here I come!!,4,2,1619173212.0,ohgimmeabreak,False,positive,positive,neutral,positive
gvk28bj,I guess migration procedures must be hard. Is it so?,2,2,1619179300.0,RitikK22,False,negative,negative,negative,negative
gvjpypu,My parents are the same they are over patriotic,7,2,1619169079.0,Big_MeGaMiNd,False,negative,negative,negative,negative
gvju985,"Bhai, na vaccine mil rahi hai, na oxygen, na hospital bed, na Remidisivir, na salary. Bhai ko karna mil raha hai, lene se na.",3,2,1619173163.0,ohgimmeabreak,False,neutral,neutral,negative,neutral
gvjqcsj,[deleted],0,2,1619169463.0,,1626514690.0,neutral,neutral,negative,neutral
gvjz94o,[deleted],2,2,1619177224.0,,1626516667.0,neutral,neutral,negative,neutral
gvngxil,Thanks dude....,1,2,1619241279.0,deepzpillai,False,positive,neutral,positive,positive
gvknbu6,Fuck. I really feel for India.,1,2,1619190067.0,nanormcfloyd,False,negative,negative,negative,negative
gvkwlda,[deleted],1,2,1619194076.0,,1626520191.0,neutral,neutral,negative,neutral
gvk15lf,You sir are very quick to jump to conclusions and judging people off of just 1 comment,4,2,1619178583.0,sea_weed75,1619188971.0,negative,negative,neutral,negative
gvjd9nx,[deleted],-4,2,1619157820.0,,False,neutral,neutral,negative,neutral
gvj6qtz,[deleted],9,2,1619152994.0,,False,neutral,neutral,negative,neutral
gvkgd0t,He lacks both the depth and the warmth.,146,3,1619186976.0,evilarhan,False,negative,negative,negative,negative
gvn73le,Indeed I'm someone who despises Trump but I saw the fact check saying Trump did make efforts for Warp Speed,1,3,1619234647.0,JoeyCannoli0,False,negative,negative,negative,negative
gvk7cqm,*doesn't need a mask cause he IS the virus,25,3,1619182407.0,Transit-Strike,False,negative,negative,neutral,negative
gvjwxx3,[deleted],20,3,1619175435.0,,1619553492.0,neutral,neutral,negative,neutral
gvjn4oz,Hahahahahah,17,3,1619166332.0,vishusidana95,False,positive,positive,positive,positive
gvjd0k3,I see this as an absolute win.,48,3,1619157619.0,minimallysubliminal,False,positive,positive,positive,positive
gvjv0a5,Are you referring to a Rajya Sabha seat?,10,3,1619173822.0,itaintmeeeeeee,False,neutral,neutral,neutral,neutral
gvjys6t,"I feel sorry too, because he used her also for photo shoot when he visits her. If I was him when I go to visit her I would secretly go and come back",6,3,1619176877.0,Altruistic_Sky1866,False,negative,negative,negative,negative
gvju2ph,"All of them except Christians are a derivatives in one way or another of Hinduism according to most of Sanghi. 

As for Christians, They can't be banned if one wants to get along with Western countries.",7,3,1619172998.0,akza07,False,neutral,neutral,neutral,neutral
gvjkb1t,[deleted],23,3,1619163771.0,,False,neutral,neutral,negative,neutral
gvjyfa7,[deleted],3,3,1619176613.0,,1623913790.0,neutral,neutral,negative,neutral
gvjt1v6,[deleted],6,3,1619172048.0,,1626516713.0,neutral,neutral,negative,neutral
gvk1cq3,Okay. Now you're just doing it for karma points. Bitch.,5,3,1619178715.0,Bikquerel298,False,negative,negative,negative,negative
gvkxj53,Yeah I get your point and sorry for the misinterpretion but regarding COVID government and people both are equally responsible. Hopefully the oxygen scarcity will be met in upcoming days but still there aren't enough beds in the hospital etc. But people are equally responsible. I go out sometimes wearing a mask and I see people roaming around freely without any mask without any care for themselves or others. Some people take it a step further and say I don't see COVID-19 so there is no COVID-19! It's all a propaganda and whatnot. Smh.,1,3,1619194484.0,Ultra_I_Vegito,False,negative,neutral,neutral,neutral
gvjwieo,"> This is no time to be congratulatory to any of the leeches sitting in power. 

No one's being congratulatory; you're being called out for your ""both sides"" bullshit.",7,3,1619175080.0,charavaka,False,negative,negative,negative,negative
gvjwpgj,">  I was trying to say is there is not even a pretence of empathy.

No, you were trying to pull a ""both sides"". See your own reply to my comment showing more than enough ""pretense"" of empathy, in case you have any doubts about your own motives and words used. You literally list mudiji's damage to the country while insisting ""This is no time to be congratulatory to any of the leeches sitting in power,"" clearly referring to the opposition as well as the central government. 

Cut this crap out.",2,3,1619175238.0,charavaka,False,negative,negative,negative,negative
gvksdtb,Wish had an award for your comment.. take my upvote...,17,4,1619192261.0,Calvinhath,False,positive,neutral,positive,positive
gvksrw9,And brains.,1,4,1619192430.0,madtagg,False,neutral,neutral,neutral,neutral
gvk1b40,"Fuck coronil, me and my homies use Bhabhiji papad",27,4,1619178686.0,RitikK22,False,negative,negative,negative,negative
gvju8yc,"Umm not true, if we banned Muslim refugees from Muslim Majority countries then Middle East should’ve shown outrage but instead we see a growing relationship between them and India and Saudi is about to pump 100B dollars into Indian Economy overlooking Pakistan. (Which is odd since West is mostly detached from religion and Middle East is well...)",2,4,1619173156.0,NiceChad69,1619173487.0,negative,negative,neutral,negative
gvjuj15,"Also, Parsis aren’t derivative of Sanatana Dharma, they follow their own religion called “Zorastrianism”. They’re only 100K or so left in this world due to religious persecution in Persia (now called Iran) in 9th century. The only place they were safe was India. We have the highest Parsi population in the world.",3,4,1619173399.0,NiceChad69,False,neutral,neutral,negative,neutral
gvjud7t,"Regardless, we’re only taking the Minority population due to religious persecution in those countries.",2,4,1619173260.0,NiceChad69,False,negative,negative,negative,negative
gvjkes2,"I mean these people are anti sex. So unless orgies with actual cows entice you, you still aren't getting laid :p
I jest.",15,4,1619163865.0,sarthak1996,1619164476.0,negative,negative,negative,negative
gvkxptu,I guess I'm spoiled as a california resident. We have a couple good Indian restaurants nearby,1,4,1619194564.0,Max_Beezly,False,positive,positive,neutral,positive
gvnc5uw,One thing too is that both Pakistan and India (along with Bangladesh) once came from British India and I believe Mughlai cuisine is common to all three countries. There are foods only found in each country and there are foods common (Punjab was split between India and Pakistan),1,4,1619237887.0,JoeyCannoli0,False,neutral,neutral,neutral,neutral
gvjy6ug,feels kinda wrong fleeing country and abandoning our responsibility like we could make it better but there are more corrupted people than average ones.,1,4,1619176434.0,Big_MeGaMiNd,False,negative,negative,negative,negative
gvk1zc8,[deleted],3,4,1619179134.0,,1626516907.0,neutral,neutral,negative,neutral
gvjyhdk,[deleted],-4,4,1619176657.0,,False,neutral,neutral,negative,neutral
gvkw7lx,Got you covered..,19,5,1619193912.0,commontorpedo,False,positive,positive,neutral,positive
gvtux38,I believe in Bhabhiji papad supremacy,2,5,1619366535.0,,False,positive,positive,positive,positive
gvjuu14,"Middle east don't care about these Muslims. They only care about their own Muslims. They don't care about South East Asian Muslims as same. Malaysian Islam and others are generally not considered as Pure Muslims according to a friend who lives in Oman. I'm not sure exactly what's difference if there is any but I'm guessing there is a bias against South Eastern Muslims based on economic standard, less enforcement of religious beliefs, and/or Cast like something (?).

Also check Al Jazeera ( Saudi Arabia Govt. funded channel ). They portrayed India as some extreme evil country at first then when US involved, they kind of gone silent. 

PS : I'm not into Islam so my knowledge is less, but generally Middle East have a negative or superiority ego over the poorer Islamic regions.",8,5,1619173671.0,akza07,1619173896.0,negative,negative,negative,negative
gvkhy1l,"They want to exploit Indian resources. That's why. And BJP will let it, because they get the cut. The ones who'll suffer are the regular citizens.",1,5,1619187700.0,cosmogli,False,negative,negative,negative,negative
gvjkx2s,"> I mean these people are anti sex.

No, they are pro-rape!",14,5,1619164318.0,thelielmao,False,negative,negative,negative,negative
gvju11e,"They aren’t anti-sex. They’re simps who don’t get any so they churn out all their frustration by trolling people. They’re like the guy who has “No GF, no tension” sticker followed by his phone number on his Activa number plate and secretly hopes that some girl will find it funny and call him.",4,5,1619172955.0,ohgimmeabreak,False,negative,negative,neutral,negative
gvkmrb7,Individual dont have to carry the weight of the world (or the country) on their shoulders. I had hopes for India but eventually left.,2,5,1619189820.0,Zakalwe_,False,neutral,negative,positive,neutral
gvtdlpk,Yeah right. Leaving India will save you from climate change. Good luck with that.,1,5,1619357129.0,Bikquerel298,False,negative,negative,positive,negative
gvjz0iu,">Never used the phrase “both sides” or opposition anywhere.

You need to seek help with your short term memory.  Here are your own words:

>u/nolinkinbio avatar
nolinkinbio
7h
Not a single high level politician, **across party lines** has been seen doing some ground work or even just bloody PR outside hospitals this week.",0,5,1619177046.0,charavaka,False,negative,negative,negative,negative
gvucmg7,Actually we all do,2,6,1619374846.0,RitikK22,False,neutral,neutral,neutral,neutral
gvjv3o5,"They don’t care about them because “Racially” they’re nowhere closer to the Middle Eastern people. Indian Muslims or Pakistani Muslims are racially closer to Indian Hindus. They look down on them because south asian muslims are just converted Hindus, Jains, Sikhs or any other religion for that matter.

I kid you not, Arabs are the most racist people on this God’s green earth. Anyone who doesn’t look like them is just 3rd world shit.",9,6,1619173904.0,NiceChad69,False,negative,negative,negative,negative
gvjz65c,"What I heard is that every one except their own is second class, more like cheap labor  may not be all over middle east, not sure a if racism is prevalent, it is indirect. correct me if I am wrong",4,6,1619177163.0,Altruistic_Sky1866,False,negative,neutral,negative,negative
gvkigdv,"Al Jazeera is not funded by Saudis. Check your sources. They're funded by the Qatar govt. Until recently, Qatar and Saudi were on bad terms.",1,6,1619187927.0,cosmogli,False,negative,negative,negative,negative
gvkisen,Correction:- Al Jaljeera is funded by Qatar Govt. Rest of it I agree with.,1,6,1619188078.0,NiceChad69,False,neutral,neutral,positive,neutral
gvki731,"How exactly would they do that? 

Are you saying that we should reject such a humongous amount of Foreign Investment?",1,6,1619187810.0,NiceChad69,False,negative,negative,negative,negative
gvjlfah,"So, they're pro sex only if it doesn't involve consent.",10,6,1619164775.0,propeller360,False,neutral,negative,neutral,neutral
gvjy4yo,More like incels who use their tears as lubricant.,6,6,1619176394.0,sarthak1996,1619176667.0,negative,negative,neutral,negative
gvkoey7,It kind of feels like it's wrong and kind of feels it's right,1,6,1619190547.0,Big_MeGaMiNd,False,neutral,neutral,neutral,neutral
gvjz59q,[deleted],0,6,1619177145.0,,False,neutral,neutral,negative,neutral
gvjv81s,"Hmm. That makes sense based on the treatment average people working there gets. I didn't consider the ""Race"" POV.",5,7,1619174009.0,akza07,False,neutral,neutral,neutral,neutral
gvjzfk8,"They don’t like Indian Muslims because Indian Muslims are a bit Indian - they have co-opted Hindu customs, have Hindu friends and don’t follow the Salafist doctrine.

And, racism.",5,7,1619177360.0,,False,negative,negative,negative,negative
gvkighy,You are absolutely correct. The only people they kind of respect more are White people. Even with them they just keep a business relationship.,3,7,1619187928.0,NiceChad69,False,neutral,positive,neutral,neutral
gvjy2ow,That's just surprise sex with extra steps - bhakts probably,4,7,1619176345.0,sarthak1996,False,neutral,negative,positive,neutral
gvk0t1y,Yes. You used a better word. Cheers.,5,7,1619178342.0,ohgimmeabreak,False,positive,positive,positive,positive
gvkpgio,"I understand the conflict, but it is ok to sometimes give up on lost causes.",1,7,1619191000.0,Zakalwe_,False,negative,neutral,neutral,neutral
gvk8kv6,"LMAO. This WheN dID I sAY thAT phRAse might work on your high school debate club whatsapp friends, it doesn't work here.",2,7,1619183076.0,,False,negative,negative,negative,negative
gvjzui1,"That race POV was elaborated to me by a Arab guy. He was so nonchalant about it that I was like dude, you know that’s racist, he was like “yeah so?”.",2,8,1619177663.0,NiceChad69,False,neutral,negative,negative,negative
gvjzplf,"Well that’s what I just said. Genetically, Indian Sub-Continent Muslim population is much closer to us Hindus. 
Also, it’s natural for them to take up the Indian customs and all, you talk as if they came up from Arabia, no they didn’t, they just converted to Islam. At their core they’re still Bhartiya.",-2,8,1619177563.0,NiceChad69,False,neutral,neutral,neutral,neutral
