Comment ID,Comment Text,Comment Score,Comment Depth,Created Timestamp,Author,Edited,Semantic Label,Semantic Label 2,Semantic Label 3,Major_Semantic
gvs3lt5,"No he won't get down, so soon. Elephants take years to decay.",943,0,1619319896.0,arunquick63,False,negative,negative,negative,negative
gvsdtgc,Finally he’s getting the international recognition he deserves,682,0,1619326247.0,The-whetting-stone,False,positive,positive,positive,positive
gvsdfhq,"Chaddis today: Australia anti national.

#ban australia",399,0,1619325969.0,,False,negative,negative,negative,negative
gvs3hb6,[deleted],392,0,1619319821.0,,False,neutral,neutral,negative,neutral
gvsfmzs,[deleted],337,0,1619327594.0,,False,neutral,neutral,negative,neutral
gvsa7jb,Would have been much more accurate had they shown him shoot it in the head while riding it.,187,0,1619323901.0,skinnylizars,False,neutral,neutral,neutral,neutral
gvs2295,""" I looked, and behold, a pale horse; and he who sat on it had the name Death."" - From Bible, a description of one of the Four Horsemen of Apocalypse.",237,0,1619319005.0,ekonis,False,neutral,neutral,negative,neutral
gvsdjlg,We can only hope that now people see through the facade of BJP and our supreme leader!,87,0,1619326050.0,_replicant_02,False,neutral,neutral,negative,neutral
gvsc1de,Modi looks like Asaram Bapu,57,0,1619325055.0,Ajay_Mohan_Bisht,False,neutral,neutral,neutral,neutral
gvsf3ex,Waiting for our hon'ble FM to discredit this comic cause they got India's map wrong,55,0,1619327182.0,Nav_20,False,negative,negative,negative,negative
gvscokg,"Standby for Mann ki bakwass,",50,0,1619325455.0,rocksolid_,False,neutral,neutral,neutral,neutral
gvsd7cr,AAP Mumbai posted this: [https://imgur.com/KrwZmAQ](https://imgur.com/KrwZmAQ),63,0,1619325810.0,oundhakar,False,neutral,neutral,neutral,neutral
gvs5orf,"This is perfect. 
A country is not one persons/people it’s a collection of people’s, villages, cities, cultures, states. 

We are a union of states.

What Modi and BJP are doing is using nationalism and whipping the elephant to death to push it to their goals only. 

He is death, and the elephant is Pale because it’s been whipped, over worked, neglected, into defeat. And he will just walk right off the elephant onto another. 

The bold and stupid are at the helm of the country and breaking the rules and the smart and honest are playing by the rules",128,0,1619321151.0,8ell0,False,neutral,negative,negative,negative
gvsg6cj,"When all of this is over, people will remember Fodiji as the definition of Chutiya. That will be his legacy, a nincompoop Chutiya.",43,0,1619328013.0,I-Piss-Excellence,False,negative,negative,neutral,negative
gvs7y34,And he will still win in 2024. Nothing changes.,141,0,1619322497.0,beard__hunter,False,neutral,positive,positive,positive
gvsh01t,This MF is dangerous to all of us - doesn’t matter what religion we belong to - except to Adanis and Ambanis.,63,0,1619328661.0,yoddha_buddha,False,negative,negative,negative,negative
gvs5luy,He'll be busy clicking selfies. He doesn't care about the dead elephant cos it won't be in his selfies,61,0,1619321104.0,karefree_coder,False,negative,negative,negative,negative
gvsj90m,Does this mean Aussies playing in IPL are gonna get cancelled?,15,0,1619330517.0,LilFingaz,False,negative,negative,negative,negative
gvsapd6,Most accurate depiction of divider-in-chief.,32,0,1619324237.0,HorusTheSonOfOsiris,False,neutral,neutral,positive,neutral
gvs7j4e,I pity the elephant,32,0,1619322280.0,Altruistic_Sky1866,False,negative,negative,negative,negative
gvskxbl,"the irony is why are people angry at USA.what they said is correct.They want to vaccinate their own first.Its not their mistake that a megalomaniac here was sending vaccines all around for his image.Also once this blows over trust me bjp will again win.our minds have been so poisoned thru generations that bjp
knows that they just need to control the narrative and do nothing till nxt elections.give some desh bhakti or some such crap and us insecure indians will lap it up and vote for them
in droves.",19,0,1619331964.0,sandych6687,False,negative,negative,negative,negative
gvsyv0z,"Somebody asked modi about his new beard and get up last year ...

Sir, you are looking more and more like a swami / sanyasi. Are you planning to relinquish material desires and prejudices ?

To which modi replied - No, I am only going to relinquish my responsibilities.  

This explains the disaster we are facing right now.",8,0,1619345357.0,Few_Kick_7269,False,neutral,negative,negative,negative
gvsgl07,Whole world now know about modi,11,0,1619328326.0,Eksalar,False,neutral,neutral,neutral,neutral
gvsvkr2,Proceeds to tell the media to show from a certain angle that he was trying his best to save The elephant 🐘,7,0,1619342174.0,Odd-Book3616,False,neutral,neutral,neutral,neutral
gvswqno,kaka would *sell* that dead elephant (bharatmata) to win elections after elections.,6,0,1619343335.0,tamalm,False,negative,negative,negative,negative
gvt1kyq,"I can't wait for the day when the word ""sorry"" comes out of modi's mouth.  it's never gonna happen.",5,0,1619347942.0,toughgetsgoing,False,negative,negative,negative,negative
gvshcbf,Australia about to get banned and called aunti nashnul .,10,0,1619328934.0,giratina143,False,negative,negative,negative,negative
gvs7805,They ain't wrong,13,0,1619322100.0,,False,neutral,neutral,negative,neutral
gvsca46,Top right corner has something that appears suggestive. Is that supposed to be a corona virus particle with one of the arms has a finger pointing to the right?,10,0,1619325203.0,rvvind,False,neutral,neutral,neutral,neutral
gvsdisd,"Send all the Australian players in IPL back to Australia. Boycott Australian Cricket Players. 
#boycottAustralia 
/s",18,0,1619326034.0,AchuBacchu,False,negative,negative,negative,negative
gvsecey,"Yeah, the horse has been dead a long time so now it’s the elephant’s turn",5,0,1619326627.0,BarnacleFar7109,False,neutral,negative,negative,negative
gvt9l89,Waiting for Delhi police to file an FIR against him.,5,0,1619354476.0,shr333,False,neutral,neutral,negative,neutral
gvtk5tb,This reminds me of the Paprika parade scene. I would love to see modi and his followers edited into that.,6,0,1619361105.0,,False,neutral,neutral,positive,neutral
gvskxpb,FUCK MODI,8,0,1619331974.0,Kandorek,False,negative,negative,negative,negative
gvsocwb,"MODI and his corrupt govt has singlehandedly taken India into dark times...

Making simple people fools to gain votes",8,0,1619335096.0,,False,negative,negative,negative,negative
gvsm594,"That asshole is a toxic, hateful, deeply islamophobic psycho fascist. 

And, his incompetence around covid is destroying India.",14,0,1619333069.0,,False,negative,negative,negative,negative
gvsiqsb,Still with his mic on,6,0,1619330085.0,bright_and_sunny,False,neutral,neutral,neutral,neutral
gvsq2i6,"Internal matter I agree yes but people who are supposed to be doing something about it are bloody campaigning. People are dying on the street, outside the hospitals and they are only concerned with staying in power/ ruling. And their rule has been such a clusterfuck and I’m talking based on evidence. Sometimes outside interference and opinions are necessary to at least prod these morons into some action.",5,0,1619336734.0,cykablyat098,False,negative,negative,negative,negative
gvsu4ql,Holy shit! That's too humiliating xD,3,0,1619340721.0,rosa_kazmakiz85,False,negative,negative,negative,negative
gvt205r,"Gambhir and Modi in the next dream 11 ad :

Desh ko main duba Deta hoon… aap dream 11 pe team bana lo.",3,0,1619348346.0,LifeInDejaVu,False,neutral,neutral,neutral,neutral
gvt5i3d,I will never understand how this dude got elected. Him being PM yeets any semblance of logic for me out the window,3,0,1619351407.0,Pandaboy271,False,negative,negative,negative,negative
gvtcyk0,"So glad the fan fare for this incompetent buffoon is over. Take your nationalism and go to hell, where it belongs.",3,0,1619356726.0,space_ape71,False,negative,negative,neutral,negative
gvsfm0j,Well atleast they're honest,4,0,1619327573.0,ShellOfNutshell,False,neutral,positive,positive,positive
gvscbra,"And the funniest part is, Modi will still win in 2024!",14,0,1619325232.0,Shivansh_Dwivedi,False,positive,positive,neutral,positive
gvsgk0k,brave man,2,0,1619328305.0,_bharat,False,positive,positive,positive,positive
gvsmszr,Is it just me or the hairstyle looks eerily similar to that depicted for Trump?,2,0,1619333661.0,namednone,False,neutral,neutral,neutral,neutral
gvsqv9t,What just shocked me is that Alberta Canada infection rate/100 000 is the same as India... but they just dont have the same population,2,0,1619337508.0,mista_adams,False,negative,negative,negative,negative
gvst953,"Looks like Delhi's School of Linguistics is about to be shutdown.
https://youtu.be/DHQRZXM-4xI",2,0,1619339848.0,RandomDustBunny,False,negative,negative,negative,negative
gvstpiz,"the cartoon is on point no doubt, but as anamateur illustrator, this is an excellent piece of work, i especially loved the use of water colors.",2,0,1619340300.0,c10do,False,positive,positive,positive,positive
gvszc8f,"Narendra Modi aur Amit Shah

Jaisay Shaitan aur Shakuni ka Byaah

&#x200B;

Narendra Modi and Amit Shah

like a union between evil and Shakuni",2,0,1619345814.0,Few_Kick_7269,False,neutral,neutral,negative,neutral
gvszlo3,Cant wait for the entire country of Australia to now suddenly from ally to anti-nashunal,2,0,1619346067.0,sarthak1996,False,neutral,positive,negative,neutral
gvt2317,Modi has issued orders to Twitter not to publish Covid related post Darpok pardhan Mantri,2,0,1619348421.0,lal202020,False,neutral,neutral,neutral,neutral
gvt7svz,"Not only Modi, but entire central government.",2,0,1619353176.0,,False,neutral,neutral,negative,neutral
gvt84kj,"Don't worry, some cow piss will get him prim and proper in no time!",2,0,1619353413.0,Relicoil,False,negative,negative,neutral,negative
gvt9kns,"Modi tere hath, lal hain lal;
Lashein par lashein, giri hain aj;
Bhakton ki bhakti ka yeh sila diya tune?
Yamdut bankar, prakat hua hain tu aj!",2,0,1619354465.0,StudyGlass,False,neutral,neutral,positive,neutral
gvtc8jj,where is the peacock,2,0,1619356254.0,Singhkaura,False,neutral,neutral,neutral,neutral
gvtf5t4,"Of course it has to be in Australia. If some antinational had tried this kind of insult to our Supreme Leader in India he would have been lynched, atleast UAPA/NSA would have been slapped on him for this kind of blasphemy. how dare he insult our God? /s",2,0,1619358083.0,DespicableSwtHr8,False,negative,negative,negative,negative
gvudssr,dang that's nice drawing,2,0,1619375402.0,Kemosahbe,False,positive,positive,positive,positive
gvspsiv,Signs petition to Ban Australia. And Declare  Anti National,4,0,1619336464.0,aarvvv,False,negative,negative,negative,negative
gvsnrxi,"My teacher used to say our economy was a elephant. It wouldn't have died soo easily they have given Several shocks (Demonetization , Implementation of GST just after Demonetization, and now covid) to it and now it is slowly dying. A Big elephant takes time to die 5 years is a lot.",3,0,1619334545.0,MrDv09,False,negative,negative,negative,negative
gvsrqzn,"This is true freedom of expression, imagine if someone drew this in India today, under Modis India the person would have been immediately jailed on charges of sedition.",3,0,1619338361.0,Slight-Line2783,False,negative,neutral,negative,negative
gvsgppi,I hope this doesn’t go down with the Bhakts like the Hebdo cartoon went down with the terrorists. Even though That will expose the Brown Chaddis on the international stage for what they are. But that is just morbid.,3,0,1619328430.0,swagobeatz,False,negative,negative,negative,negative
gvsabns,"Partly true, though I'm not sure if India is a dead-rotting elephant !",3,0,1619323980.0,problem_solver1,False,neutral,negative,negative,negative
gvsk5k5,Is modi going to get re-elected?,2,0,1619331290.0,Friendly_Signature,1619331750.0,neutral,neutral,neutral,neutral
gvtyn2c,##InternalMatters #IndiaAgainstPropaganda #AntiNational #AustralianJihad,1,0,1619368303.0,smirkingmoon,False,negative,neutral,negative,negative
gvsfy9t,source?,1,0,1619327836.0,LorDzkill,False,neutral,neutral,neutral,neutral
gvsjzph,"Oh no did he say modi is death, kudos I wish i had the power to amplify it",1,0,1619331150.0,Correct-Cow-3552,False,negative,negative,negative,negative
gvsq5vu,"Further the comments on this section are based on I dunno, cult like following or whatever and not at all on logic, facts and evidence. Wake the fuck up and look at the abysmal conditions in reference to the disease.",1,0,1619336824.0,cykablyat098,False,negative,negative,negative,negative
gvsm8kf,Disgusting cartoonist? He's intelligent and has a brain.,-5,0,1619333153.0,The_Fant0m,False,negative,negative,negative,negative
gvslypk,what is this about?,-4,0,1619332904.0,Mr-Kulle,False,neutral,neutral,neutral,neutral
gvtmyy7,Was it just a cartoon or an article?,-1,0,1619362577.0,Chelluri999,False,neutral,neutral,neutral,neutral
gvukhh9,Isn't this India's internal matter and international media should not comment.,-2,0,1619378512.0,fordemocracy,False,neutral,neutral,neutral,neutral
gvsngvk,Australia is the patsy,-23,0,1619334268.0,strawman_chan,False,negative,negative,negative,negative
gvsfp6z,[deleted],-30,0,1619327640.0,,1619332507.0,neutral,neutral,negative,neutral
gvsvlxh,I need some context. What the hell happened?,-14,0,1619342207.0,VedantSingh69,False,negative,negative,neutral,negative
gvt48sa,just blame mudi for everything,-19,0,1619350333.0,Hd06,False,negative,negative,negative,negative
gvsn85p,That's what he has done,1,0,1619334047.0,realtsushima,False,neutral,neutral,neutral,neutral
gvsouoo,APT!,1,0,1619335558.0,neutrinome,False,neutral,neutral,positive,neutral
gvsqm61,The ashoka chakra on the top right though ....,1,0,1619337258.0,DrMrJekyll,False,neutral,neutral,positive,neutral
gvsqsvp,Wow thats powerful.,1,0,1619337444.0,mista_adams,False,positive,positive,positive,positive
gvssmic,*Death rides*.... . Highlight that.,1,0,1619339221.0,blistering-barnacle,False,neutral,negative,neutral,neutral
gvssul8,Modi really is a piece of work. Is the opposition that bad that?,1,0,1619339445.0,lodge28,False,negative,negative,negative,negative
gvstatj,"Can anyone let me know how can this absolute debacle of a government be thrown out in 2024? 

I fear that they'll spin this into nationalism again through Mandirs and threat from Pakistan and end up winning the votes on emotions again.",1,0,1619339894.0,g_pallav,False,negative,negative,negative,negative
gvt01m7,Any context here for a non-indian?,1,0,1619346484.0,Madman4sale,False,neutral,neutral,neutral,neutral
gvt1mr5,This is a shitshow,1,0,1619347988.0,beimor,False,negative,negative,negative,negative
gvt7pde,Sorry for the ignorant question but isn't he widely popular in India? I don't know anything about Indian politics,1,0,1619353102.0,,False,neutral,negative,negative,negative
gvtjokl,Ouch...,1,0,1619360842.0,HelaArt,False,negative,negative,negative,negative
gvtkomc,I mean doesn’t this happen there? Elephants are tortured and beat so people can ride them,1,0,1619361390.0,lliH-knaH,False,negative,negative,negative,negative
gvu3xfa,Is reddit popular in India? Will Reddit censor post if requested like Twitter?,1,0,1619370798.0,bri_82,False,neutral,neutral,negative,neutral
gvusziz,So.. he’s like an Indian Donald Trump..,1,0,1619382627.0,gefeltafresh,False,neutral,negative,negative,negative
gvv4scx,"Should be a cow. Modi cow slaughterer... He rode the malnutritioned  bovine with his grand delusions until its nearly dead... Yes, India does need a Cultural Revolution to throw off the past...",1,0,1619388326.0,aaffpp,1619388592.0,negative,negative,negative,negative
gvw5rbj,Elephant ki haddiya ambani /adani ko bechega,1,0,1619408973.0,Sladeddeathstroke,False,neutral,neutral,neutral,neutral
gvsekj4,[deleted],672,1,1619326793.0,,False,neutral,neutral,negative,neutral
gvss070,[deleted],59,1,1619338618.0,,False,neutral,neutral,negative,neutral
gvsqoc1,He will blame ants for killing the elephant.,38,1,1619337320.0,DrMrJekyll,False,negative,negative,negative,negative
gvsmah7,wHat iS tHiS iNTerNal coNsPIrAcY,26,1,1619333200.0,The_Fant0m,False,neutral,neutral,negative,neutral
gvsny3k,International Recognition he desperately craves*,205,1,1619334709.0,WaKaSaHaKa,False,negative,neutral,positive,neutral
gvspket,"It’s a shame the population that voted him in, is dying because of him, but stays in denial of his direct responsibility (or lack of it) , because the entire machine is so warped they can’t even conceive of the idea that this man had one year to prepare for not allowing _this scale_ to happen; and they will still vote for him because muh Hindustan

They can’t change the fact that the biggest record of deaths happened under this megalomaniac’s watch",122,1,1619336246.0,nomad80,False,negative,negative,negative,negative
gxiill0,"Oh we know all too well exactly what he is, long before covid even started!",1,1,1620579512.0,KualaLJ,False,negative,negative,neutral,negative
gvsmc6b,Bhakts googling how to arrest a person in another country under UAPA,157,1,1619333241.0,The_Fant0m,False,neutral,neutral,negative,neutral
gvsiv74,Also Death threats to cartoonist,98,1,1619330188.0,indianjedi,False,negative,negative,negative,negative
gvso61i,* Bhakts proceed to tweet #BanAustria *,58,1,1619334916.0,dorko96,False,neutral,neutral,neutral,neutral
gvt84kq,"Naa, Adani has a special relationship with Australia.",6,1,1619353414.0,moojo,False,neutral,positive,positive,positive
gvsv9l1,Now austria is the only australia,12,1,1619341859.0,PikaPilot,False,neutral,neutral,neutral,neutral
gvszphu,Ban everything. Someone in some country doesn't like curry? Ban them. Some guy drew a cartoon? Ban the country. Someone sneeze in the vicinity of a temple in another part of the world? Let's ban that hemisphere.,10,1,1619346163.0,sarthak1996,False,negative,negative,negative,negative
gvs7h48,"Nah bro ,a selfie is missing",200,1,1619322249.0,rextob,False,neutral,neutral,negative,neutral
gvsqnf9,Not at all accurate... as Modiji is not looking directly into the camera.,15,1,1619337294.0,DrMrJekyll,False,neutral,negative,neutral,neutral
gvsg2vu,LOL,63,1,1619327939.0,sanwfa,False,neutral,positive,neutral,neutral
gvsnr7h,The suddenness of the move.,105,1,1619334526.0,SAPit,False,neutral,neutral,negative,neutral
gvsm6n8,"
And there goest my hopes of another Border Gavaskar Trophy in Aus *punches in the air*",19,1,1619333103.0,,1619337742.0,negative,negative,negative,negative
gvsf9jz,"That explains what's happening with Sanghis. They praise him, while at the same time suffering.",62,1,1619327307.0,milkymist00,False,negative,negative,neutral,negative
gvsld1u,"No, it wouldn't be more accurate then, infact it'd be less accurate since he isn't actually shooting anyone (as far as I know).",-29,1,1619332355.0,noobknoob,1619333509.0,negative,neutral,neutral,neutral
gvs4r0o,"Mudi, Rajnut, Shah, and Patra",101,1,1619320587.0,bankerboyZ,False,neutral,neutral,neutral,neutral
gvsho9v,Love the intro of Clint Eastwood in Pale Rider to this.,15,1,1619329198.0,,False,positive,positive,positive,positive
gvs3sk5,"Yeah like we need religion right now ffs. Just look at the art and enjoy.

edit: apparently the sketch has religious references. why? i’m not sure.",-125,1,1619320007.0,,1619322360.0,negative,neutral,positive,neutral
gvte30f,Haren Pandya says hi,1,1,1619357430.0,NirvanaNevermindme,False,neutral,neutral,neutral,neutral
gvtnlyo,Total War: Atilla anyone ?,1,1,1619362907.0,Ast_r,False,neutral,neutral,negative,neutral
gvsfc0w,"It ain't gonna happen, you should still hear how people talk positively about him, they say modiji is not at fault, the blame for covid cases has now shifted to ""we the people""",77,1,1619327361.0,aryasharma36,False,negative,neutral,neutral,neutral
gvskuic,Nope. All hope gone when re elected,11,1,1619331897.0,gashejje,False,negative,negative,positive,negative
gvsnd2d,"But then again, even if we realise he's not the right guy for the job, do we really have other options? Just think about it for a while. 

People may have realised it by now, but even the wise ones know we're fucked to have the same kind of people rule us everytime.",-37,1,1619334172.0,TheSleepingMeditator,False,negative,negative,negative,negative
gvsfzz8,Lol,10,1,1619327875.0,arunquick63,False,neutral,positive,neutral,neutral
gvsfp5q,"They need more horses, Nirmala tai is missing..",41,1,1619327640.0,RamBharoseBharat,False,neutral,negative,negative,negative
gvsoq3f,The description is correct for all of them!,2,1,1619335435.0,neutrinome,False,positive,positive,positive,positive
gvshtp4,I remember someone saying he’s India’s Trump a few years ago. Sounds pretty bang on. (Modi is a tad smarter. Which is a tad more dangerous).,46,1,1619329324.0,,False,neutral,neutral,positive,neutral
gvtmxz9,He will be remembered in history books as the worst PM India has ever had.,5,1,1619362563.0,Valacycloveer1080,False,negative,negative,negative,negative
gvs9mv5,That’s what makes it all hopeless,85,1,1619323533.0,plantbasedcarbon,False,negative,negative,negative,negative
gvsd76g,"*"" aYeGa tO mOdI hI ""*",48,1,1619325806.0,putku,False,neutral,neutral,neutral,neutral
gvsbxk2,I hope you're wrong.,55,1,1619324986.0,sanjee007,False,negative,negative,neutral,negative
gvslppb,"I was actually thinking about this yesterday. Maybe(and I guess this is a big MAYBE) the government would have responded to this situation in a completely different manner had the next year been an election year. 

Sigh! But I guess you are right. We still have 3 years to the election. People will easily forget everything.",33,1,1619332671.0,,1619333062.0,negative,neutral,neutral,neutral
gvsvqwb,I pray you’re wrong.,6,1,1619342350.0,randomshittinMe,False,negative,negative,negative,negative
gvsr022,Thank you. Mf divides and sells the country to the rich while he tells us to fight amongst ourselves.,24,1,1619337636.0,A_P666,False,negative,negative,positive,negative
gvs9bf7,Who is elephant,15,1,1619323337.0,justshekhar,False,neutral,neutral,neutral,neutral
gvsfjo2,Clearly,2,1,1619327522.0,,False,neutral,neutral,neutral,neutral
gvsehtl,Boycott adani for doing business with Australia.,27,1,1619326738.0,svmk1987,False,negative,negative,negative,negative
gvspv44,He’s any minority phobic,6,1,1619336537.0,nomad80,False,negative,negative,positive,negative
gvsopl0,It's you. It's a turban in this cartoon,4,1,1619335421.0,seventomatoes,False,neutral,neutral,neutral,neutral
gvsoq93,*distinguished,8,1,1619335440.0,,False,neutral,neutral,positive,neutral
gvu14s5,Maybe edit the part about having a brain? Lol,1,1,1619369492.0,Heps_417,False,neutral,neutral,neutral,neutral
gw6hsmh,Maybe learn to read.,1,1,1619622709.0,IfGeraltwasbrown,False,neutral,neutral,neutral,neutral
gvt8uy9,The current state of the country? 👀,3,1,1619353954.0,LifesPinata,False,neutral,neutral,neutral,neutral
gvvy9xy,It's a national embarrassment...,3,1,1619404482.0,aaffpp,False,negative,negative,negative,negative
gvulan6,If your govt is inept and people are dying needlessly it becomes a international matter.,3,1,1619378899.0,,False,negative,negative,negative,negative
gvur0s3,"Just curious, for some reason got reminded of this article and did some digging and found your account.

https://wap.business-standard.com/article/news-ani/man-arrested-after-tresspasing-at-delhi-airport-to-see-off-his-girlfriend-119072501688_1.html

Is this you?",1,1,1619381666.0,,False,neutral,neutral,negative,neutral
gvv5n21,A humanitarian crisis caused directly by mismanagement is no longer an internal matter...,1,1,1619388761.0,aaffpp,False,negative,negative,negative,negative
gvsg2gl,Modi had his time because of low crude oil prices in the last 6 years.  He & his govt have ZERO clue on what needs to be done to help the economy recover.  He is surviving just because there is no opposition (ie strong opposition) & his foolery around Ram mandir & hindu (rather anté national) topics.,30,1,1619327930.0,sanwfa,False,negative,negative,neutral,negative
gvsk6oi,"Delusional, arent you?",4,1,1619331318.0,sleightufingers,False,negative,negative,negative,negative
gvskfiw,[deleted],0,1,1619331534.0,,False,neutral,neutral,negative,neutral
gvt5nb2,"Exactly am I right? How dare they criticize the PM who said we've defeated covid and also gave no regard for SOPs while *campaigning* not giving two shits about his position during a rising pandemic to possibly prepare for another wave.

I hope the families of the dead can be proud of our country having the biggest statue in the world built by Mudiji. Oxygen nahi chahiye! Mandir chahiye!",11,1,1619351518.0,External-Gap-7076,False,negative,negative,neutral,negative
gvt28n8,Shoka chakra :(,2,1,1619348562.0,bombayduck2,False,negative,negative,positive,negative
gvsz1dy,"If there is a way to keep track of the actual death count (by a non political entity), then there may be a slim chance.",1,1,1619345525.0,Few_Kick_7269,False,neutral,neutral,neutral,neutral
gvtm0lu,"He only got about 35% of the popular vote in the last election, if that helps. Parliamentary system means that sweeping a couple of key (overpopulated) states and winning many constituencies with small margins will put you in power.",1,1,1619362092.0,hormazdigar,False,neutral,neutral,neutral,neutral
gvsgfyv,But definitely plead the US to send raw materials,338,2,1619328218.0,OHMG69420,False,neutral,neutral,neutral,neutral
gvsflmv,Arey Haan Yaad aya,48,2,1619327564.0,arunquick63,1619346537.0,neutral,neutral,positive,neutral
gvsfrtw,"Sachin sir, happy belated birthday",48,2,1619327697.0,Ataraxia_new,False,positive,positive,positive,positive
gvsnw18,THiS IS AN iNteRNAtIonAL ConSPIRACY TO MALIGN INDIA'S RePUTatION!,58,2,1619334653.0,WaKaSaHaKa,False,neutral,negative,negative,negative
gvstjbj,he he,3,2,1619340128.0,c10do,False,neutral,neutral,negative,neutral
gvt0kg2,"Its not that difficult, asli shakal hi to banani h koi bhi photo dekh ke.",21,2,1619346978.0,prakarsh27,False,neutral,neutral,positive,neutral
gvttfv2,"Yes, grotesque. This image hurts so much because of just how accurate it is. 😔",2,2,1619365820.0,Teisha_r,False,negative,negative,negative,negative
gvsxtod,"Shut up! Congress mishandled the elephant for 70 years, stole its kidney, sold its trunk, etc., (Elephant is just 7 years old though)",18,2,1619344372.0,oldspacesoul,False,negative,negative,negative,negative
gvso8n0,It's one of things that the IT cell of the government keeps trying to propagate,2,2,1619334985.0,NamesBond_Not_Blonde,False,negative,neutral,neutral,neutral
gvsor69,He is a leach.,63,2,1619335464.0,TooLazyToSleep_15,False,negative,negative,negative,negative
gvstwvd,"Because they will find excuses for him. The BBC on Wednesday interviewed a BJP MP about why India was still allowing rallies and large religious gatherings, the MP responded that India is not UK and has thousands of years of history and tradition and it would be impossible to tone down the festivals, also that the outbreaks are isolated and by and large the situation is under control.

People will call it an effort by the BBC to discredit India and push some neocolonial agenda....

I am an Indian who grew up in East Asia and lives in Europe... all those regions have ancient customs and festivals yet most still enforced distancing... except Modi's BJP.",76,2,1619340506.0,sleeper_shark,False,neutral,neutral,negative,neutral
gvsyzpm,"I have friends who are die hard BJP supporters. For them, every move made my modi is a masterstroke. When I argued with them about how the national lockdown was more or less a failure they said that it was the people's fault, particularly the migrant workers. I then reminded them that the migrant workers didn't have a place to stay, nor food to eat and so were forced to walk back to their villages despite the lock down. Their reply to this was ""but still""",38,2,1619345481.0,mewanshwa,False,positive,neutral,negative,neutral
gvt8yz3,"and people say this ""kya krega bichara wo bharat me log hi jyada h""",7,2,1619354035.0,trigger0069,False,neutral,neutral,negative,neutral
gvsyxac,Not the first time it happened.,3,2,1619345416.0,East_City_2381,False,neutral,negative,negative,negative
gvtxfzx,Sounds like trump,2,2,1619367734.0,Hindukush1357,False,neutral,negative,positive,neutral
gvstqu9,At least the country will be rid of some of them.,-2,2,1619340338.0,zue3,False,negative,neutral,neutral,neutral
gvstpxj,[removed],-31,2,1619340312.0,,False,neutral,neutral,negative,neutral
gvsizsh,Chaddis living in Australia will turn him into the next Samuel Paty.,60,2,1619330297.0,deshdrohi20,False,neutral,neutral,neutral,neutral
gvspkjk,"LoL Death Threats to Matthew Hayden n Ricky Ponting n all the other Aussies part of the IPL. These Aussies can beat the crap out of these bhakts with their ""Lokhand & spring waala cricket bat"" 😂",4,2,1619336249.0,WaKaSaHaKa,False,negative,negative,negative,negative
gvtbrnl,Including Sachin and all the morons,11,2,1619355947.0,Wannabe_Star_bro,False,negative,negative,neutral,negative
gvs9yo1,i get the feeling he isnt staring the camera down... weird,59,2,1619323738.0,M1ZUK0,False,neutral,neutral,negative,neutral
gvsmb4b,Fax,11,2,1619333215.0,The_Fant0m,False,neutral,neutral,positive,neutral
gvt4tcv,Where is amitji and yogiji?,1,2,1619350824.0,lance_klusener,False,neutral,neutral,neutral,neutral
gvsoqnh,the unexpected nature of the move,68,2,1619335450.0,asdfghjkl--_--,False,neutral,neutral,positive,neutral
gvsn0m1,"Bro, do you even metaphor?",31,2,1619333859.0,nearly_enough_wine,False,negative,neutral,neutral,neutral
gvsnauv,So he definitely is actually riding a dead elephant at this time?,12,2,1619334117.0,GnarlyBear,False,neutral,negative,neutral,neutral
gvsovn4,He’s also not riding a dying elephant (as far as I know).,5,2,1619335584.0,popular_tiger,False,neutral,neutral,negative,neutral
gvssja9,Wow look at you guys getting mad at me while he's out there shooting elephants,0,2,1619339129.0,noobknoob,False,negative,negative,neutral,negative
gvsr6tn,Hello Drax,1,2,1619337819.0,aishik-10x,False,neutral,neutral,neutral,neutral
gvsvqyq,"I thought it was ""Modi! Modi! Modi! Modi!"".",10,2,1619342352.0,chinchpokli,False,neutral,neutral,neutral,neutral
gvt4aie,"No - Modi, Shah, Yogi and Nadda.",3,2,1619350376.0,,False,neutral,neutral,neutral,neutral
gvs72mm,the title is a religious reference and u/ekonis was explaining the source of the title.,57,2,1619322008.0,EpidemicRage,False,neutral,neutral,neutral,neutral
gvs4s4a,"Theyre referring to the text at the top left.
It really isn't about religion more so the analogy. Australians aren't very religious.",41,2,1619320605.0,,False,negative,neutral,neutral,neutral
gvsd4s4,Now you’ll tell me art isn’t meant to be political,6,2,1619325759.0,concernedindianguy,False,negative,negative,neutral,negative
gvsjuoq,May be it’s because for him religion is at top priority than pandemic.. for example .. kumbh mela..,2,2,1619331030.0,pallavijog,False,neutral,neutral,positive,neutral
gvszw7y,"It's always someone else. The argument i hear is, ""bhayi agar doosri countries kuch nhi kar paayi to modiji se kaise expect kar sakte hain ki sab kuch theek ho jayega"" or ""har cheez modi kyun kare, baaki states kya kar rahi thi"" or ""galti to hamari hi hai"". I mean the level of mental gymnastics it takes to blame ANYONE other than bjp is just astounding.",18,2,1619346341.0,sarthak1996,False,negative,negative,negative,negative
gvsvar4,"The fundamental problem with how the BJP has crafted the entire politics playground now is made you believe that one person is the be all and end all. The Congress, while being looting, cunning chuuts, when they do assign ministers or put government machineries together, end up often (not always) picking people who are qualified to handle them. The BJP don't, for a lot of important positions (less than before). 

An idiot with some sense of awareness can be far less damaging than a convincing personality with no regard for the seriousness of the implications of the power of the office.
If Modi had filled the right departments with the right people who knew how to handle the job, and consulted experts while rolling out policies, his screw ups would be ⅒th as bad as they are today",22,2,1619341891.0,themadscientwist,False,negative,negative,negative,negative
gvsnvqz,"This is a very poor excuse. Just because we supposedly don't have any other options doesn't mean we will put up with him ruining our nation.
This mentality is the very definition of toxic relationships.

India does not elect a leader, it elects a ruling party based on what they can supposedly give us and then the majority party elects their leader. 

And we have very clearly seen what the ruling party has given us.",39,2,1619334646.0,_replicant_02,False,negative,negative,negative,negative
gvsga9f,You mean donkeys?,26,2,1619328096.0,sanwfa,False,neutral,neutral,neutral,neutral
gvsjadh,Also with a very weak opposition,40,2,1619330548.0,fatmanrao,False,negative,negative,negative,negative
gvso6i1,Why do you think he campaigned with that orange asshole?,24,2,1619334929.0,perforated_metal,False,negative,negative,negative,negative
gvsp312,Unless the opposition gets stronger.,12,2,1619335781.0,TooLazyToSleep_15,False,neutral,neutral,neutral,neutral
gvs9nby,The people of India,54,2,1619323541.0,long_brown,False,neutral,neutral,neutral,neutral
gvsvejc,"May be the economy and other things put together

Edit: Citizens included",3,2,1619342001.0,Altruistic_Sky1866,False,neutral,neutral,neutral,neutral
gvsgbge,Modi to boycott adani now? :o,9,2,1619328122.0,sanwfa,False,neutral,neutral,negative,neutral
gvsptkb,"Lol, get this trending. Let’s see how far it goes before the psychos realize what’s up",6,2,1619336494.0,nomad80,False,neutral,negative,neutral,neutral
gvt1l74,"Mate, that is best idea I've heard this week.",1,2,1619347949.0,HolIerer,False,positive,positive,positive,positive
gvspqou,Oh shit lol,9,2,1619336414.0,The_Fant0m,False,neutral,neutral,negative,neutral
gvsge4y,[deleted],-31,2,1619328179.0,,False,neutral,neutral,negative,neutral
gvskktl,[deleted],-1,2,1619331663.0,,False,neutral,neutral,negative,neutral
gvt6l8p,i agree he was wrong by campaining in elections but we can't blame him for everything,-17,2,1619352248.0,Hd06,False,negative,negative,neutral,negative
gvv412k,"That does help, thanks",1,2,1619387944.0,,False,positive,positive,positive,positive
gvsk1xv,What's the issue with raw materials ? Can anyone explain,45,3,1619331203.0,rndmzx,False,negative,negative,neutral,negative
gvsze0m,"Hope he doesn't put the blame on other countries(USA) in future saying they didn't provide raw materials, for his fuck ups and mismanagement during the pandemic.",2,3,1619345862.0,creamycat1,False,negative,negative,neutral,negative
gvswfti,Lagta hai harsh o ullaas ka mahaul hai,3,3,1619343034.0,abhinavsays42,False,negative,neutral,negative,negative
gvsron7,Are you high?,-13,3,1619338296.0,ThatsaBazingaaa,False,neutral,neutral,neutral,neutral
gvt2r69,Hahahaha ! Oh man this comment deserves to be gilded :-),1,3,1619349026.0,vaibhavganesh,False,positive,positive,positive,positive
gvt05s1,But going the same way🤣,14,3,1619346595.0,arunquick63,False,neutral,neutral,neutral,neutral
gvt5ck8,"Discredit India? We’ve been fucking nuts the past 2-3 months. You cannot allow LACS of people at a time like this and be credited with anything other than a genocide.

God the bakht narrative really makes me feel stupid for even talking with them.",22,3,1619351279.0,Paper_Nap,False,negative,negative,negative,negative
gyhp6ma,Other then Christmas not so much in Europe but absoulutely true for East and Southeast Asia,1,3,1621284959.0,prakitmasala,False,neutral,neutral,positive,neutral
gvszqwz,those brainwashed fools are in this very thread https://www.reddit.com/r/india/comments/mxyvzi/modi_depicted_in_australian_financial_review/gvstpxj/,16,3,1619346200.0,nomad80,False,negative,negative,negative,negative
gvt7qmt,"I am no one's fan and was in Bangalore in March 2020. We were out of sanitizers in shops, doctors were out of PPE kits, forget sanitizers shops were going out of liquid soaps. We were listening bad reports from most of developed countries. Lock down gave some relief to get masks, PPE etc refurbished. My family suffered covid in sep 2020 and had loss too, we had helped some migrants with food as well. Govt did not fail as bad in first wave. 

Coming to second wave, not imposing lockdown was a big failure, India is not a Nation of law abiding disciplined people. I was once bitten twice shy mask and distancing was followed in my home but I see friends celebrating WFH with travels, restaurants are bustling again. The govt approved Kumbh and election rallies with 100s of thousands. And almost all political parties showed apathy to people when jumping to election band wagon. Govt saw this second wave clear in 3rd week of March thats where I hate they failed. And I hate the coverup as well.

And bigger thing is people failed, people failed to wear mask, keep guards on. I must have talked to 100s of people in 6-8 months who kept on saying covid is a hoax. I was like be cautious don't try to become statistic.",10,3,1619353128.0,bhuman,False,negative,negative,negative,negative
gvt8lo8,"...after uttering 'but still', they play thug life video in their mind with their face on it.😁",2,3,1619353769.0,nemaadegaon,False,neutral,neutral,negative,neutral
gvuwejb,Thats why people who spread disinformation need to be pushed off social media,1,3,1619384267.0,JoeyCannoli0,False,negative,negative,negative,negative
gvsyfzr,"yes, him and people like you are cancer for this world. refusing to accept the mistakes, instead tries to put those on common people, while he could have just banned the international flights when the 2nd wave started, could have done a 21 days lockdown again when cases were rising, could have at least demonetized again maybe, but he took pictures with peacocks, asked us to switch off all lights and shine torches, so coronavirus can go blind, asked us to beat drums, so the virus can die with the vibration. But where is the oxygen that court ordered? still doing paperwork? can't ask Ambani to provide by putting hands on his shoulder? ""Hey buddy, can I get some oxygen cylinders that you use for petroleum refinery?, people are dying and they might need it to save lives"", but no, we move papers.",24,3,1619344968.0,oldspacesoul,False,negative,negative,negative,negative
gvswf1u,"if you have a sliver of common sense, youd see a jab at the very population that elected this incompetent bufoon.

it's a symbiotic downward spiral",11,3,1619343011.0,nomad80,False,negative,negative,negative,negative
gvsky9w,Chaddis living in aus be boo hoo boo hooo,41,3,1619331988.0,,False,neutral,negative,neutral,neutral
gw7j4fo,Also he isn't waving,1,3,1619638262.0,Unsocial_Avocato,False,negative,neutral,neutral,neutral
gvspeyz,The unpredictability of the move!,55,3,1619336102.0,WaKaSaHaKa,False,neutral,neutral,positive,neutral
gvsous2,Nah he failed in his language class.,15,3,1619335560.0,TooLazyToSleep_15,False,negative,negative,negative,negative
gvsslzp,"I'm sorry if I hurt your feelings sir, all I intended to say was that accurate isn't the best of words to be used in that context.",-5,3,1619339206.0,noobknoob,False,negative,negative,negative,negative
gvsftsw,and who needs religious references right now.,-36,3,1619327739.0,,False,negative,negative,neutral,negative
gvsa1rl,"As an Australian sure it's not like America but are you kidding? There are heaps of conservative Christians here too, not to mention a sizeable Muslim population",6,3,1619323793.0,thirteen_tentacles,False,neutral,neutral,neutral,neutral
gvs7xzj,"Ok explain the analogy please? Don’t get me wrong, i love the cartoon but mixing religion and art makes it meh. Something like our hindu art.",-31,3,1619322494.0,,False,negative,neutral,positive,neutral
gvsfwsp,Political art with religious connotations is the lowest form of art.,-2,3,1619327804.0,,False,negative,negative,negative,negative
gvsoa41,"> And we have very clearly seen what the ruling party has given us.

Then we're supposed to change our choices, right? But then again, most of us either don't want to do it bcoz ""they're atleast holding our nation's head high"" or they just don't see others worthy of ruling us all.",-12,3,1619335024.0,TheSleepingMeditator,False,negative,negative,negative,negative
gvskb45,Even donkeys are way smarter than these dumbfucks,19,3,1619331425.0,Siddhant1309,False,negative,negative,neutral,negative
gvt50go,And more easily fooled people,3,3,1619350994.0,WisestAirBender,False,negative,negative,negative,negative
gvt1jc8,"Modi felt it, Trump felt it...I think we all did. Should be the reason for coining the term “Clusterfuck” too late on that one.",3,3,1619347899.0,,False,neutral,negative,positive,neutral
gvtajpc,As if that's gonna happen any time soon,9,3,1619355129.0,bickeringcat,False,negative,negative,neutral,negative
gvsk004,"""Desh ki janta Ali'phant nahi hai, Bajranbali'phant hai!"" 

-- Ajay Bisht ...probably",24,3,1619331157.0,wromit,False,neutral,neutral,neutral,neutral
gvsvg2h,No thoughts about citizens ?,1,3,1619342043.0,justshekhar,False,negative,negative,neutral,negative
gvsgkpz,Lil bit too much republic tv for today don't you think,19,3,1619328320.0,kingthingring,False,neutral,negative,neutral,neutral
gvshc4c,2/10,13,3,1619328929.0,blaster1988,False,neutral,neutral,neutral,neutral
gvt6oaj,Under preparation is no one else's fault but the PM's,9,3,1619352316.0,External-Gap-7076,False,negative,negative,neutral,negative
gvt85mb,"See the thing is when you project a single person as the lord and saviour of a country, who takes credit in everything, the blame shall also fall upon him. And rightly so.",7,3,1619353436.0,Ok_East_1403,False,negative,negative,neutral,negative
gvswn5v,India doesn't have enough of the reagents to mix together for the vaccines and require the USA to send some over but the USA is focusing on their own first and have stopped all exports.,83,4,1619343239.0,adappergeek,False,neutral,neutral,neutral,neutral
gvsz8it,"Ez... Modi went out of his way to Interfere in the US elections by supporting fellow moron trump. 

Comeuppance is a bitch..",38,4,1619345714.0,Chutiyonkifauj,False,negative,negative,negative,negative
gvt04b0,Nahi meri galthi thi 🙏,1,4,1619346556.0,arunquick63,False,neutral,neutral,neutral,neutral
gvssksb,they were being sarcastic,7,4,1619339171.0,MoonRune2563,False,neutral,neutral,negative,neutral
gyjqsys,"Christmas, Easter, as well as various regional festivals... yes they have them too, and yes, they've toned them all down.",1,4,1621328194.0,sleeper_shark,False,neutral,neutral,positive,neutral
gvstim9,Master stroke!,32,4,1619340107.0,ninjacatrobot,False,positive,positive,positive,positive
gvsxjj7,The unprecedented action of the move,6,4,1619344113.0,acetothez,False,neutral,neutral,positive,neutral
gvt11a3,The fact that there was no warning,1,4,1619347418.0,nastyboi07,False,negative,negative,negative,negative
gvsgos2,"Man, wait till you realise how much of art is chock full of religious references.",19,4,1619328409.0,glider97,False,negative,negative,neutral,negative
gvsad4x,"I'm Aussie too and you're right there are religious people but by comparison to a lot of countries we aren't very religious. In fact religion is and has been on a steady decline here for a long time.

Edit: I mean Look at Scotty he's a big time pentecostal Christian but he never brings it up outside of the Hillsong events he attends. He knows Australians find religion in politics distasteful.",23,4,1619324008.0,,1619324230.0,negative,neutral,negative,negative
gvs96nb,"Basically its just calling modi death and instead of a horse its a pale elephant which represents India  and as you can see its dying. They are just using a religious reference as inspiration not as a glorification of Christianity.

You'll find a lot of art that finds inspiration in religion that doesn't necessarily promote it nor really have any actual religious context.",20,4,1619323255.0,,False,negative,negative,negative,negative
gvs9noa,"According to the cartoonist Modi is the personification of Death. According to the bible the personification of Death will come riding a pale horse. So it's a religious reference but not religious. Kind of like the phrase ""washing ones hand off an affair"" is a biblical reference to Pontius Pilate washing his hands off the crucification of Christ. Anytime some makes the reference ""wash your hands off the affair"" is making a biblical reference but not necessarily a religious reference",15,4,1619323547.0,skr25,False,negative,neutral,negative,negative
gvs94d1,"Religions began as spiritual comic books..they are based in reality but not completely...it's spiced to appeal to a non TV watching audience of the times that knows only of bread earning and have no common moral / social structures affirmed by a large population..

It's like arguing who's moral are better, batman or ironman..art and religion are separable..religion and art..not...I think...",12,4,1619323215.0,fix_fix_psycx,1619324728.0,neutral,neutral,neutral,neutral
gvshaz7,r/usernamechecksout.,5,4,1619328904.0,concernedindianguy,False,neutral,neutral,neutral,neutral
gvsvhuh,My bad,1,4,1619342093.0,Altruistic_Sky1866,False,negative,neutral,negative,negative
gvshhff,[deleted],-4,4,1619329047.0,,1619330342.0,neutral,neutral,negative,neutral
gvsxnlh,while we were proud that we were exporting Hydroxychloroquine,109,5,1619344218.0,oldspacesoul,False,positive,neutral,neutral,neutral
gvt0jhd,"we have everything for covaxin & covishield. We need extra stuff for covovax which isn't approved yet. Estimated date for that from SII itself was September this year.

Just modi PR machine making excuses.",69,5,1619346954.0,SignificanceLong1913,False,neutral,negative,negative,negative
gvsybze,Only if we had done the same and focussed on our own first. Fuck vaccine diplomacy.,68,5,1619344865.0,brusalise,False,negative,negative,negative,negative
gvt53ca,"So, weren't we as Atmanirbhar as the chaiwala was preaching some months back?",16,5,1619351063.0,VishwaguruKaVikas,False,neutral,neutral,neutral,neutral
gvtdlj8,"It doesn't sound correct that they did it just for that, I think with the Moderna, Pfizer and more Pharma Companies wanting to launch their vaccine in Indian market with the financial safety bond and Indian Government refusing it makes a bigger story, plus India did provided vaccine to 72 countries makes it bad for American and European companies as their potential candidates turned to Indian companies. So, it's not about people they are focusing in but on their Business (money/power) its always about that.",11,5,1619357126.0,IdhyahAjah,False,negative,negative,negative,negative
gvtl2dc,I mean that’s kind of understandable since their daily deaths per capita is still higher than India right now...,5,5,1619361596.0,Mighty_L_LORT,False,neutral,negative,positive,neutral
gvtvyiw,"So much for the ""is baar trump sarkaar""",3,5,1619367031.0,PricedPossession,False,negative,negative,positive,negative
gwb6pw0,The US is sending $100 Million USD in aid to India and 40 top US companies have formed a task force to get global supplies to India.,1,5,1619712360.0,contemplator61,False,neutral,neutral,neutral,neutral
gwzo02y,"I think that isn't accurate. The us imports were meant for production from august or September onwards for newer strain targeting vaccines, the main cause of vaccine shortages are due to poor logistics and no place to store them. Serum Institute of India did ask for a grant of 3K crores to build a huge storage unit earlier which the government did not give the go ahead for becuase the jackasses thought they defeated covid",1,5,1620188769.0,charcoalblueaviator,False,negative,negative,negative,negative
gvtv7f1,"Hoping that the continuing failures of this particular type of idiot will help turn the tide on the global insanity that got so many of them elected in the first place. Modi, Burlosconi, Trump, Boris Johnson... they're all the same.
American here, crossing my fingers for you guys. I'm sorry you're still dealing with your nationalist idiot.",7,5,1619366673.0,AggressiveExcitement,False,negative,negative,negative,negative
gvt0qt5,This,6,5,1619347140.0,DudewithCoolusername,False,neutral,neutral,negative,neutral
gvv6624,And it's not like the new guy is working against support; it's the contracts trump signed that are preventing export.,2,5,1619389034.0,skroggitz,False,negative,negative,negative,negative
gvt7s1p,"Here's the frame for it   
[https://postimg.cc/N90c6g5M](https://postimg.cc/N90c6g5M)",1,5,1619353158.0,VishwaguruKaVikas,False,neutral,neutral,neutral,neutral
gvsvehj,Master! stroke 😏,17,5,1619342000.0,harishiamback,False,positive,positive,positive,positive
gvsimpp,Exactly why i’m against them haha,-16,5,1619329992.0,,False,negative,neutral,positive,neutral
gvsbl31,"Ah I guess I didn't really count that I just see it as being more polite lmao, I wonder if there is a scale of religiosity more than just census data",-4,5,1619324761.0,thirteen_tentacles,False,neutral,neutral,neutral,neutral
gvsbrm1,And i don’t like it. You don’t need religious references to drive home a point that is so blatantly obvious by the drawing in itself.,-7,5,1619324879.0,,False,negative,negative,neutral,negative
gvsbmem,"Fair enough. But don’t you think the cartoon was self explanatory. I’m an artist myself, hence the critique.",-2,5,1619324786.0,,False,neutral,neutral,neutral,neutral
gvsiqqz,r/christianity,0,5,1619330084.0,,False,neutral,neutral,negative,neutral
gvsxjxj,It's all right,1,5,1619344123.0,justshekhar,False,positive,positive,positive,positive
gvsjbad,"So-called ‘Indigenous Indians’ will come crying to Dravidians and Maharashtrians if they start pulling out their tax revenue from the centre. 

This type of arrogance is why we need to lobby for central leaders from TN and Maharashtra. If dubious development claims by an orator can sway a population, imagine what actual material development can do.",8,5,1619330569.0,blaster1988,False,negative,negative,negative,negative
gvt4agj,"This is the correct answer. 

Modi PR machinery has done its job though. Bhakts are blaming  Biden.",47,6,1619350375.0,lance_klusener,False,neutral,neutral,neutral,neutral
gvt52ty,Can you please link a source? Couldn’t find anything saying we have enough for covaxin and covishield,0,6,1619351051.0,Paper_Nap,False,neutral,negative,neutral,neutral
gvt4pp7,We probably donated only about 1 crore out of 7 crore (?) vaccines. The rest of them were contractual obligations.,-20,6,1619350738.0,yoptgyo,False,neutral,neutral,neutral,neutral
gvt58t0,We probably are but he needs all the atmanirbharta for excuses.,10,6,1619351190.0,adappergeek,False,negative,neutral,negative,negative
gvuly7u,We Atmanirbhared all these deaths! You philistine! Can't you see our greatness!,1,6,1619379215.0,bokbokwhoosh,False,negative,negative,negative,negative
gvutskl,u/bokbokwhoosh Maauuudiii!!! Maauuudiii!!! Maauuudiii!!! Maauuudiii!!!,1,6,1619383014.0,VishwaguruKaVikas,False,positive,neutral,neutral,neutral
gvteglu,"My point was taken directly from the [US State Department's press conference](https://twitter.com/sidhant/status/1385546546373005315?s=19) yesterday. One can obviously read between the lines here but I think the USA isn't bluffing this time as they're not alone in doing this, Europe did it too and stopped the export of vaccines to countries outside the EU when their second wave hit.",1,6,1619357664.0,adappergeek,False,neutral,neutral,negative,neutral
gvsqcz1,r/usernamechecksout,10,6,1619337015.0,EpidemicRage,False,neutral,neutral,neutral,neutral
gvszppj,"Better hope you don’t take any inspiration from such art, because then \*gasp\* you’ll have taken inspiration indirectly from some religion.

Good luck!",1,6,1619346168.0,glider97,False,negative,neutral,positive,neutral
gvsc3wr,Sure thats a personal opinion but this picture wouldn't exist without it thats my point.,12,6,1619325096.0,,False,neutral,neutral,negative,neutral
gvses4f,"Well, let’s be fair, no, the cartoon is not self explanatory in the context of biblical theme. The caption absolutely is necessary to clarify it it in that sense. I’m an atheist and can even see the usefulness in driving that theme. Why are you so charged up against it? Its useful. You saying it’s not is just plain wrong.",7,6,1619326950.0,tunerfish,False,neutral,neutral,neutral,neutral
gvsjk0l,[deleted],1,6,1619330776.0,,False,neutral,neutral,negative,neutral
gvtoqzv,Yeah and Poonawala smartly played his part by tweeting that we need raw materials. He just concealed the fact that it's not for covidshield or covaxin. So everyone started blaming Biden.,8,7,1619363485.0,,False,neutral,neutral,negative,neutral
gvtmoc3,"This news was carried on cnn, washington post and nytimes. Unless you are suggesting that those news papers are also bought by Modi there seems to be more to this story than what's being said here it in the news articles.",2,7,1619362426.0,m1ss1l3,False,neutral,neutral,neutral,neutral
gvt6lcq,https://twitter.com/SaketGokhale/status/1386173220445986826?s=20,13,7,1619352250.0,SignificanceLong1913,False,neutral,neutral,neutral,neutral
gvtg3ni,"As the trail of World Politics we follow they will not allow India or any other developing country to be in terms of such good foreign relation with each other, and yes what you said is from official statement but often when you seen them telling the ""Truth"" not their version I am saying the Real Reasons behind the things? Never. On the first hand I don't understand why the governments all over the world did not felt the need to establish a plan to encounter for this kind of problem during the last year. Manufacturing plants of such products will be necessary in Vaccine Production was inevitable and that they missed arranging those? and I am saying this for all the world governments.",1,7,1619358694.0,IdhyahAjah,False,negative,negative,neutral,negative
gvsw854,you cant help some people. you can only hope their next generation is not that stupid,1,7,1619342821.0,nomad80,False,negative,negative,negative,negative
gvsxdem,here comes the comrades. Endha chetta? oonu kaicho?,1,7,1619343947.0,,False,neutral,neutral,neutral,neutral
gvsztn3,wow,1,7,1619346273.0,,False,positive,neutral,positive,positive
gvscapt,fair enough,-1,7,1619325214.0,,False,neutral,neutral,positive,neutral
gvsfkki,haha it’s just my opinion. Religion is cancer man. Imagine the same picture with arabic verses from the quran saying the same thing. People will flip their shit. Religious references divides more than unites. Fuck Modi and fuck his govt but fuck all religions and their religious references too. Fuck it all,-2,7,1619327541.0,,False,negative,negative,negative,negative
gvskm9o,"Pay for my visa and book me a ticket. I’ll happily go and live there. At least skin heads over there won’t be able to elect extreme white supremacist into parliament. If you’re a Dravidian, take a long hard look at what you are advocating. One nation, one leader is going on right now. And it has been an utter failure. I say this with all my politeness, but please, get your head out of your ass.",10,7,1619331698.0,blaster1988,False,negative,negative,negative,negative
gvtqfbt,Wouldn't surprise me a bit if it was instructed by modi to coverup his incompetence.,5,8,1619364331.0,dArk_frEnzy,False,negative,negative,negative,negative
gvtqal2,CNN Washington post were criticizing biden because he's sitting on 40 million AstraZeneca which they won't use anyway. But the contract which trump signed with vaccine manufacturers under operation warp speed prevents them from donating the vaccines to others and the defense production act prevents them from exporting any raw materials. This export embargo doesn't have any effect over production of covidshield or covaxin but it affects novavax which hasn't been approved yet. Modi is trying to blame Biden for his own incompetence.,9,8,1619364265.0,dArk_frEnzy,False,negative,negative,negative,negative
gvt6zk5,"Holy shit thank you so much!!!

Never realised I should check Twitter too. The news sites had a very toned down version of this.",4,8,1619352557.0,Paper_Nap,False,positive,positive,neutral,positive
gvtkzff,"To create vaccines like what's required you need some highly specialised facilities and workforce. Not all countries have these capabilities, as they don't have large skilled workforce or the infrastructure. The countries that can, have built facilities like Australia with CSL but that will never meet local demand - you need two doses per person and then account for spoilage and other mishaps so you need 4 doses per person to be safe which when you take the world's population becomes a huge undertaking. Taking Australia's example again, they knew they couldn't get enough doses so they expanded hospital capacity instead. For everything you need contingencies and from what's happening in India, the government clearly did not plan for contingencies and became complacent.",1,8,1619361551.0,adappergeek,False,negative,negative,neutral,negative
gvsxbm8,what do you mean? kindly elaborate,0,8,1619343897.0,,False,neutral,neutral,positive,neutral
gvsekm5,"I personally interpret it as modi running a hate filled communal propaganda, while the whole nation is dying in the middle of a pandemic.",7,8,1619326794.0,mioou,1619327357.0,negative,negative,negative,negative
gvsheyh,Again that cartoon is not religious nor does it promote religion. It's just a religious reference to better and more clearly help drive the point.,3,8,1619328992.0,I-Jobless,False,neutral,neutral,negative,neutral
gvtw734,"For sure, Dosti bani rahni chaiye.",2,9,1619367143.0,lance_klusener,False,neutral,neutral,neutral,neutral
gw4u12o,Hi. I didn't understand this. Mind explaining the entire raw material fiasco?,2,9,1619581419.0,ProfessorPigeons,False,negative,negative,negative,negative
gvtm4gj,"No no I am not talking about every country, I am just talking about the countries who knew what kind of reagents are being used in Vaccines companies are developing on, it's been 6 months already the vaccines are in market over with 3rd phase and how many of the manufacturing plants are in process to meet with the demand. Extreme situation needs extreme measures. If an Indian Company was willing to invest in Manufacturing plant and which it did in 6 months why can't these developed countries planned this ahead? I am sure after this pandemic these extra plants will not be needed that much but the need of the hour is that and if you want to people to survive (I know people are also not following the precautions to the letter and failing stop the spread in a degree) then they have to do this no matter what. These plants might turn into something else after this pandemic. So it's still a win win.",1,9,1619362148.0,IdhyahAjah,False,neutral,neutral,negative,neutral
gvsxjjk,people _have_ elaborated. throughout the course of this thread in your spirited defense of not getting the point. one more attempt isnt going to change that.,0,9,1619344113.0,nomad80,False,negative,negative,neutral,negative
gvsfqp3,You got all that from “Death rides a pale elephant”? Fuck the bible and all religious texts.,-7,9,1619327672.0,,False,negative,negative,negative,negative
gvsis11,sure.,-1,9,1619330115.0,,False,neutral,neutral,neutral,neutral
gvtsdt9,"Most of the countries have not managed to vaccinate their total population yet. USA and Europe are still going through their second wave and so supply isn't meeting demand just yet. This is further exacerbated by the nature of these vaccines, they don't have a very long shelf life and need some stringent storage methods. That's exactly why these developed countries are shoring up supply for local use and not engaging in Vaccine Diplomacy that India embarked on first and foremost.",1,1,1619365303.0,adappergeek,False,negative,negative,negative,negative
gvsxoau,Alright your honour.,1,1,1619344235.0,,False,neutral,positive,neutral,neutral
gvsgr98,"I didn't know that it had biblical connotations. That is how I interpreted it. Art is subjective, after all.",2,1,1619328465.0,mioou,False,neutral,neutral,neutral,neutral
gvsh8ol,"Tbh that's just any legit English text. Think of how Shakespeare is extensively interpreted, similar in a way",1,1,1619328853.0,I-Jobless,False,neutral,neutral,neutral,neutral
gvtt37m,"Yes, India shouldn't have done that, but as these countries also tried to amend with Indian market for their vaccines to sell. Well my point is whole together different is that they lacked in planning things ahead... everyone knew production was not going to meet the demand and we are seeing facing what it is...!!",1,2,1619365648.0,IdhyahAjah,False,negative,negative,negative,negative
gvsins7,haha sure,0,2,1619330016.0,,False,positive,neutral,positive,positive
gvsioyl,wow,0,2,1619330043.0,,False,positive,neutral,positive,positive
