Comment ID,Comment Text,Comment Score,Comment Depth,Created Timestamp,Author,Edited,Semantic Label,Semantic Label 2,Semantic Label 3,Major_Semantic
gwwgp3b,"One last request. I want you guys to remember this moment and also to feel what I am feeling right now. We all are common men, but we all are capable to make a good change in society, we just need to start working towards that change.

Howl with me today. Howl so that they remember who we are.

Howl loud enough so that we remember who we are.

Howl in the name of our independence for which thousands of people sacrificed their lives but we tend to forget that to maintain that state of independence we need to keep fighting for it.

Howl in the name of wolf Gupta.

Howl for your freedom.",1890,0,1620133122.0,pooniahigh,1620207102.0,positive,neutral,neutral,neutral
gwwgvoy,"I remember in your initial posts where some people were trying to demotivate you. You proved them all wrong. Sir, you are a true legend !! Respect !!!",748,0,1620133218.0,therealdeepdiver,False,positive,positive,neutral,positive
gwwfer5,"I think bad PR is feared by BYJU's.

Reddit amplified your case.  Congratulations.",382,0,1620132439.0,Indianopolice,False,neutral,negative,positive,neutral
gwwfsb9,Be the fking change you want to see. Remember this story guys. This all started right here on this subreddit only where I got the best support in those initial days. Thank you guys and the admins for all the support.,643,0,1620132641.0,pooniahigh,False,positive,positive,positive,positive
gwwhiyb,"This deserves a show, a true David vs Goliath story. 
You have balls of steal man.",149,0,1620133557.0,dahpoj,False,positive,positive,positive,positive
gwwkcq7,"When you first made the post here, I told you that going up against a big corporation is futile as they have a lot of resources. But you said that you weren't going to back down.

I'm so happy that you succeeded and proved me wrong!",384,0,1620134971.0,,False,neutral,positive,positive,positive
gwwjp5u,Wow!! This is BIG ! Best of luck to you Poonia Sir for your UPSC prep. India surely needs people like you in the system.,236,0,1620134651.0,Makadekana,False,positive,positive,positive,positive
gwwfn3m,"Congrats to Pradeep! Always knew he was on the up and up. It would be great if the WhiteSlapJr could be counter-sued for defamation and emotional distress. These guys deserve to suffer and pay out punitive damages, IMHO.",55,0,1620132564.0,ApocalypseYay,False,positive,negative,negative,negative
gwwjyq6,"Kah ke li hai WhiteHatJr ki 
Salute for your resilience",41,0,1620134782.0,Impressive-Lemon5098,False,positive,positive,positive,positive
gwwk86u,We won Mr Stark.,67,0,1620134910.0,Straitjacket_Freedom,False,positive,positive,positive,positive
gwwmjka,Am I wrong in getting the sense that BYJUS is like an MLM scheme where u bring in more and more students and not a lot of quality education actually gets taught?,57,0,1620136002.0,heretoseexistence,False,negative,negative,neutral,negative
gwwlo6c,Desh ka neta kaisa ho?,65,0,1620135603.0,serialposter,False,neutral,neutral,neutral,neutral
gwwmytg,"Congratulations Pradeep. You are the hero we need. In current times of despair it feels like if you decide to join civil services or even politics, it would be good for India. Few days ago someone here was dating about we redditors creating a political party, if that ever comes true, I nominate you to be the party leader. But having said that, no matter which field you choose to pursue, you will be an asset to this country.

For the rest of us, please remember that the fight is not over. As long as WhiteHatJr exists, all of us who has been a part of this fight needs to do what it takes at their level to protect innocent parents from falling victim to these scamster companies including Byju. Never underestimate the power of an determined mind against all odds of corporate money power. Whenever we come across any advertisement or posts promoting WhiteHatJr, we need to step up and contribute a little time to comment their why parents should not pay money to these croocks. The company is now rapidly spreading to USA. And millions of innocent parents are just waiting to be scammed. Same here in India, as long as this company has money power they will continue their agenda. Pradeep has shown us the path, we all need to walk on that path. It's a fight for our whole next generation, nothing less than a freedom movement. May the fourth be with us.",60,0,1620136192.0,CloudPad,False,positive,positive,negative,positive
gwwfssd,I'll have a drink tonight celebrating your victory. A good news in times of despair.,40,0,1620132648.0,iota_square,False,positive,positive,positive,positive
gwwvzqs,Proooud of you Mr high 😁 and also Mr Whitehat Sr,43,0,1620140022.0,letsopenthoselegsup,False,positive,neutral,negative,neutral
gwx3qp7,"I hope the memes don't die....

I AM still waiting for my 12 crore package from Google as a biology grad

(I can code hello world in python)

Print (""hello, world"")",34,0,1620143203.0,reddict13,1620143494.0,neutral,neutral,positive,neutral
gwwnluv,Curious. What made them finally admit defeat? Surely there must be something powerful enough for their lawyers to advise them to drop the case.,26,0,1620136472.0,devilwearsleecooper,False,negative,neutral,neutral,neutral
gwwl051,Satyamevjayte,13,0,1620135291.0,,False,neutral,neutral,positive,neutral
gwx5qkq,Out of loop here can anyone tell me what happened?,24,0,1620143997.0,Intelligent_Doubt703,False,neutral,neutral,negative,neutral
gwwgknj,'Hum... hum jeet gaye' !!,16,0,1620133058.0,nonstop-nonsense,False,neutral,neutral,neutral,neutral
gwwsxva,"Our college's CSE assistant HOD enrolled her Kid in WhiteHat Jr. and I don't know how to react to it... 

You won the case I am happy for you, I used to read the updates that you posted about the case, but I think these companies have already influenced the mind of parents.",16,0,1620138766.0,kross2302,False,negative,positive,positive,positive
gwwfqld,Congratulations.  I hope you file a case against Whitehat and BYJUS.,15,0,1620132616.0,,False,positive,positive,positive,positive
gwxb83y,Fucking legend,6,0,1620146187.0,Tejash2006,False,positive,negative,negative,negative
gwwnx5y,r/toomadformadlads.,13,0,1620136609.0,_H3IS3NB3RG_,False,neutral,neutral,neutral,neutral
gwwwfui,"Is there a precedent now for this in Delhi High court?
Can this case be used as a precedent for similar cases in future where a big corporations tries to shut up a individual for their criticism?

specially for cases like these?",21,0,1620140206.0,,False,neutral,negative,negative,negative
gwx2p19,#WhiteHatMyAss,11,0,1620142768.0,bhupeshpr25,False,negative,negative,neutral,negative
gwwo206,Congratulations. I had read this news earlier today and was waiting for you to share it on Reddit. Hats off to you and your legal team. Very well done. 👏 Gives us hope to be able to fight injustice against big and powerful groups/people.,10,0,1620136669.0,throwaccount2000,False,positive,positive,positive,positive
gwxaybv,"/u/pooniahigh, congrats! I know this wasn't a small feat. Will this victory allow you to continue posting on LinkedIn, Facebook, Twitter & etc without your profiles being banned and videos being removed due to copyright?",10,0,1620146079.0,zad370,False,positive,positive,positive,positive
gwx4wwq,"damn balls of steal , huge win",5,0,1620143669.0,,False,positive,neutral,positive,positive
gwxk0t6,Maa ch*d diye bhaiya ji ap to 🤣,5,0,1620149746.0,2muchhorny,False,neutral,neutral,positive,neutral
gwwp87r,"Kudos Man, for your resilience to fight a cause for others. U came out largely unscathed on a personal front.

 Is there a next milestone, e.g. they are made to 

1. Change /stop malpractice

2. Have to pay for the DAMAGE done to kids/parents

3. Have to pay for the DAMAGE done to your time, image, stress",9,0,1620137185.0,tanaychoure,False,positive,positive,negative,positive
gwwr1h6,"  

Satyamev Jayate.

I feel like blowing the Shell (Shankh) on your victory. Still the fight is on and he made us realise how powerful we are when we stand together.

Fun part: He might get plus point in UPSC interview . Just think a person without in power can fight like this for change what he will do if he is in power.",10,0,1620137966.0,milfstar,False,positive,positive,positive,positive
gwxas5i,"Congratulations!

We did a part of our own as well. In our college, as we are a student placement cell, we blacklisted Byjus from placements. They were destroying career of students in the lure of 10 LPA and we decided it's not required for our college.",8,0,1620146012.0,,False,neutral,negative,negative,negative
gwx46mv,Who will help Wolf gupta get a Microsoft job now!?   /s,5,0,1620143381.0,-Diplo,False,neutral,neutral,neutral,neutral
gwxijyp,This is great to see! I'm so happy for you!,6,0,1620149128.0,,False,positive,positive,positive,positive
gwxj8g0,today is a good day,3,0,1620149409.0,HuckleberryThick9372,False,positive,positive,positive,positive
gwwwiz0,"WhiteHatJr. went BJP I guess....
You defame us, we will file case on you...


You will oppose us.... There you go, now you are an anti national!!!",10,0,1620140242.0,GirlfriendHunter,False,negative,negative,negative,negative
gwwn29p,"Sir I feel they are trying to cut their losses here. Their malicious business ethics must be exposed completely and they should have to pay the penalty for taking advantage of our nation's most precious resource. Their demise should serve as a painful lesson for anyone who tries to do the same.
Please don't stop your fight.",7,0,1620136234.0,greyasshairs,False,negative,negative,negative,negative
gwwnjb0,Pradeep is a lone ranger in david vs goliath battle,7,0,1620136442.0,Stifmeister11,False,neutral,neutral,neutral,neutral
gwwrlco,"This proves that relentless sane voices can't be suppressed. You sir, are a real hero.",5,0,1620138200.0,I-Piss-Excellence,False,positive,positive,positive,positive
gwx3gjp,Satyamev jyate,3,0,1620143086.0,infinite99999,False,neutral,neutral,neutral,neutral
gwx470e,"Congratulations, pradeep.

Don't ever allow anyone to silence you.",3,0,1620143385.0,enry_straker,False,positive,positive,positive,positive
gwx4ekj,This gives me courage,3,0,1620143469.0,chatyreddy,False,positive,positive,positive,positive
gwx4xj6,Congratulations!,3,0,1620143676.0,gatoradegrammarian,False,positive,positive,positive,positive
gwxfeir,Incredible work dude. More power to you. Thank you for giving us all hope in these bleak times ✊,3,0,1620147856.0,kibitzer_01,False,positive,positive,positive,positive
gwxhqp9,"You are a true madlad, if there ever was one.",3,0,1620148788.0,Mad_Off,False,neutral,negative,negative,negative
gwxhx35,"Congrats buddy. A fight well fought- wish more of our people were like you!

Salute o/",3,0,1620148856.0,,False,positive,positive,positive,positive
gwxihuk,"Wow, congratulations!",3,0,1620149106.0,k3times,False,positive,positive,positive,positive
gwxinnu,Pradeep Poonia biopic when?,3,0,1620149172.0,Meemeperor,False,neutral,neutral,negative,neutral
gwyaeda,"Congratulations !!! 
I supported your cause from the first post, but had doubts you could do anything major. 

This is beyond major man. Thank you for all your effort.",3,0,1620164341.0,SlaveZelda,False,positive,positive,positive,positive
gwwn1jc,God bless Poonia Ji! God bless Redditors!,4,0,1620136225.0,RateeshT,False,positive,positive,positive,positive
gwwqph5,"Any idea why they withdrew their case? I thought they had gone all in on harassing you? Did the judge give them a warning or something?

And of course congratulations!",5,0,1620137824.0,prankored,False,negative,neutral,negative,negative
gwx7wxz,Aooowwwwwwwwwwwwwwwww,5,0,1620144872.0,twisted_knight07,False,neutral,negative,neutral,neutral
gwxc7fe,You are the true definition of r/madlad for going against the rigged system and winning!!  Respect brother!!,5,0,1620146576.0,Netwolf111,False,positive,positive,negative,positive
gwwtt1c,"Is it a out of court settlement ? If no Why aren’t you counter suing them for wasting your time, money and also mental harassment?",5,0,1620139127.0,ChoiceInteraction347,False,negative,negative,negative,negative
gwwh802,Salute to the true legend. Someday would love to meet you sir.,2,0,1620133399.0,sunitadahiya,False,positive,positive,positive,positive
gwx6iyw,Meooowwwwwwwww 🐱,2,0,1620144310.0,Ankur67,False,neutral,negative,neutral,neutral
gwxexrc,"The fight is just beginning. They still have to answer why would they do this to drain a common man's voice?  

Kudos to you bro!",2,0,1620147668.0,Rudolf895,False,negative,neutral,neutral,neutral
gwxfap8,Aaayyyyyyy. That's a big GG bro. This is not a small victory and we all are proud of u that u did something and maybe no one else would be able to do. I hope for Ur bright future. Now take a rest soldier. There many fights still to win. We are with u :),2,0,1620147813.0,koopa__troopa787,False,positive,positive,positive,positive
gwxheic,Can someone link his original post?,2,0,1620148654.0,Nanogines99,False,neutral,neutral,neutral,neutral
gwxi7f4,What is this about?,2,0,1620148974.0,Agasthenes,False,neutral,neutral,neutral,neutral
gwxjlut,can some give a TL;DR of the context behind this,2,0,1620149568.0,-lathergic-luna-,False,neutral,neutral,neutral,neutral
gwxkvxc,Congratulations and a HUGE thanks u/pooniahigh,2,0,1620150121.0,orionoutlandish,False,positive,positive,positive,positive
gwxl1wm,I don't get BTW...,2,0,1620150192.0,ajithbr99,False,negative,negative,neutral,negative
gwxl6ev,Awesome bro! Cheer,2,0,1620150246.0,PsyKite,False,positive,positive,positive,positive
gwxluqg,I'm proud of you man. You saw it through.,2,0,1620150537.0,various_persons,False,positive,positive,positive,positive
gwxlxz7,"Yoooo, congratulations! Those fuckers finally got smacked. 

Thank you for your persistence and bearing through the troubles you had to go through.",2,0,1620150576.0,,False,positive,negative,neutral,neutral
gwxm40p,Can anyone explain long story short of what had happened?,2,0,1620150694.0,mrballcutter,False,neutral,neutral,neutral,neutral
gwxn7pk,Aaawwwwooooooooooooooooooo!!!,2,0,1620154322.0,vn60,False,positive,positive,positive,positive
gwxntqu,Thank you for sharing❤️😃,2,0,1620154603.0,Wot-Europe,False,positive,positive,positive,positive
gwxprle,"This is fucking awesome! But please watch your back, these guys can stoop to any depth. Take care.",2,0,1620155449.0,motorhead1916,False,positive,negative,positive,positive
gwy6zm7,HELL YEAH!!!,2,0,1620162893.0,giratina143,False,positive,positive,negative,positive
gwyd4ng,When is a movie coming based on this? Inspired by a true story 😉,2,0,1620165525.0,__aks,False,positive,neutral,neutral,neutral
gwyqw99,Awwowooooooooooooooooooo,2,0,1620171960.0,raamlal,False,positive,positive,positive,positive
gx0g82r,He is a revolutionary!!,2,0,1620212105.0,morning17,False,positive,positive,negative,positive
gx0qrkz,CONGRATULATIONS! Been following this case since the beginning.,2,0,1620218985.0,P0FromKungFuPanda,False,positive,positive,positive,positive
gx2au67,This is gold,2,0,1620243187.0,tiddu,False,positive,positive,positive,positive
gz7azge,The fact that many people are afraid to speak out against corporates due to defamation suits...speaks volumes about how much their trust their own legal system to protect them,2,0,1621803766.0,OrionIsCalling,False,negative,negative,negative,negative
gwx6kz6,"Omg... in the midst of all the doom and gloom, this is a bright spot in my day. Thank you for having the strength to never back down, you've showed what is possible.

Let's remember this moment for years to come! Congratulations and thank you again. 😌",4,0,1620144333.0,LordessMeep,False,positive,positive,positive,positive
gwwouos,"Wow Kudos to you.


I remember your earlier post and I have definitely commented something on kines of dude you need to get sorted because you were all guns blazing without looking where you were shooting.


Now I see a totally different person.

Congratulations on your Win.

And this is a lesson to me that no matter how small you are if you are firm on your decision you may be able to move mountains",3,0,1620137022.0,ThatidiotFriend121,False,positive,positive,positive,positive
gwwqhv0,Legend!!!!,3,0,1620137734.0,sh-two,False,positive,positive,positive,positive
gwwqvfp,Power to you king 👑,3,0,1620137896.0,swastik0000007,False,positive,positive,positive,positive
gwwsr6h,"Good to see everyone is positive here, Fuck the AssHole Corporates,",2,0,1620138687.0,snowaxe_83,False,negative,positive,neutral,neutral
gwwxcj1,"Withdrew damn they should pay up for repercussions, our judiciary system is a Joke",3,0,1620140582.0,kbrunner69,False,negative,negative,negative,negative
gwwzgvx,Congratulations. What happens after this though?,4,0,1620141447.0,blistering-barnacle,False,positive,positive,positive,positive
gwwzgy4,Fucking legend,3,0,1620141447.0,Cierno,False,positive,negative,negative,negative
gwwzt25,I’m too late to the party! But let’s gooo!,4,0,1620141587.0,jamienexon,False,positive,positive,negative,positive
gwx03sj,Total Champ . Well done sir.,4,0,1620141709.0,Shitsnoone,False,positive,positive,positive,positive
gwx4h3i,"This has truly proved Proletarian power against the self-indulgent wealth hoarder capitalist bourgeois. I consider myself immensely lucky to have witnessed all this first hand. What a conclusion to the fight! (Although I really hope sir should countersue their ass out) As a responsible youth of the nation, a fire has rekindled inside my heart. Surely the biggest impact if my life. My Bow to the legend. May the 4th be with you...",4,0,1620143497.0,,False,positive,positive,positive,positive
gwx4j3u,"Man this is literally history in the making and I'm so glad we could all be a part of this!! Huge huge respect for you man! Its awesome to see such good news in these times. Kudos to you man, this is a win for all us!!",3,0,1620143519.0,Sir_Muffinbutton,False,positive,positive,positive,positive
gwx6f41,"Good work man!
Kangana needs you!",3,0,1620144268.0,jls12345678,False,positive,positive,positive,positive
gwx6uji,Big time congratulations Sir!!,5,0,1620144440.0,BlessedSoul13,False,positive,positive,positive,positive
gwx79du,Damn! I was just thinking about this today. Congratulations man!,3,0,1620144608.0,boogie_man98,False,positive,positive,positive,positive
gwxcqdl,"I've been following your story for a long time. 
You're an inspiration! Thank you for your fight.",3,0,1620146788.0,kaylorradel,False,positive,positive,positive,positive
gwxdda4,I salute to you. In my life this is the only incident I saw that truth won in the hands on common man. You restored my faith in truth again. Thank you.,2,0,1620147039.0,whats_you_doing,False,positive,positive,positive,positive
gwx8g12,"So did they have to answer for the whole fake publicity and shit? And did you charge counter case of malicious prosecution? I want you to charge and make money on this one for all your troubles, i want them to publicly apologies..",5,0,1620145087.0,-yeah-sure-,False,negative,negative,negative,negative
gwwn60i,Great !,2,0,1620136280.0,,False,positive,positive,positive,positive
gwwq3a5,"Thank you for winning. Even if you would change the fate of a single child with this win, it is worth it.",2,0,1620137560.0,FunSolution,False,positive,positive,positive,positive
gwwxer1,Hope you are getting any damages/compensation for yourself and the lawyer fees. More power to people like you.,2,0,1620140606.0,locomocopoco,False,positive,positive,positive,positive
gwwxgzx,thanks. I really hoped it wasnt an Out of court settlement and seems it wasnt.,2,0,1620140632.0,Ser_DuncanTheTall,False,negative,negative,positive,negative
gwx18og,"People need to empower and improve school and colleges, to fight these leeches.",2,0,1620142172.0,,False,negative,positive,neutral,neutral
gwx245c,Unless the company is convicted and higher officials are removed and ownership is transferred it aint a win!,2,0,1620142529.0,The_Pinnacle-,False,negative,negative,negative,negative
gwx72fa,Our win,2,0,1620144529.0,JimHenVarshney,False,positive,positive,positive,positive
gwxb994,"Yar dude sirf tum ho, baaki sab toh pretend kar rahe hain",2,0,1620146199.0,slo_mo_afro,False,neutral,neutral,negative,neutral
gwxdtap,Now to supreme court (jk),2,0,1620147215.0,typicalsandman,False,neutral,neutral,neutral,neutral
gwxe23x,Bow down to the king !!!,2,0,1620147315.0,tushar_moksha,False,positive,positive,neutral,positive
gwx903y,Congratulations,3,0,1620145306.0,shanthu1995,False,positive,positive,positive,positive
gwwsx5h,Take a bow man! F.,1,0,1620138758.0,namcappacman,False,neutral,positive,neutral,neutral
gwwmd7s,"fuck the whitehatjr assholes, they should have lost the case and should have been fined heavily",1,0,1620135922.0,totestsuswopfi,False,negative,negative,negative,negative
gwwphq8,The Force will be with you. Always.,1,0,1620137300.0,ProfessionalMix9129,False,positive,positive,positive,positive
gwwpu9s,WOOOOOOOOOOOOOOOOOOOOOOOOOLF IS DEEEAAADDD!!!😁😁😁😁😘😘😘🥲🥲🤩🤩,1,0,1620137451.0,Mountain_Rat,False,positive,neutral,positive,positive
gwwq2z8,LESSSGOO,1,0,1620137556.0,_BruH_MoMent69,False,positive,positive,neutral,positive
gwwq3nv,[Rejoice!](https://m.youtube.com/watch?v=ROq5TSeqD-w),1,0,1620137564.0,Mountain_Rat,False,positive,neutral,neutral,neutral
gwwrgeg,Mad lad indeed. I love it that you now placed the ball at BIJUS side to answer their intimidation tactic.,1,0,1620138143.0,subvolatile,False,positive,positive,neutral,positive
gwwszrw,Congrats,1,0,1620138789.0,,False,positive,positive,positive,positive
gwwxxbs,This is epic win. This shud be replicated everywhere.,1,0,1620140817.0,,False,positive,positive,positive,positive
gwwy67o,Congrats friend! You did a terrific job.,1,0,1620140918.0,,False,positive,positive,positive,positive
gwwysi7,Legend.,1,0,1620141169.0,DarkTriadTraits,False,positive,positive,positive,positive
gwwzp77,Satyamev Jayate,1,0,1620141543.0,KraMBiE,False,neutral,neutral,neutral,neutral
gwwzroa,"Congratulations sir, you did it 🙏",1,0,1620141572.0,kikiboy_007,False,positive,positive,positive,positive
gwx03j4,Waiting for the day a Gupta actually names his/her son Wolf!,1,0,1620141706.0,occupiedbrain69,False,neutral,neutral,neutral,neutral
gwx1ewr,Ccongrats man,1,0,1620142243.0,Variety-Logical,False,positive,positive,positive,positive
gwx1p64,👍🎉🎊,1,0,1620142360.0,indian_tiger,False,positive,neutral,neutral,neutral
gwx2n0w,Congratulations bro 🤩,1,0,1620142746.0,dwanzil_,False,positive,positive,positive,positive
gwx37lt,Congrats to everyone who were involved,1,0,1620142983.0,Relevant-Whole-5903,False,positive,positive,positive,positive
gwx3dce,I am here to witness this,1,0,1620143049.0,Interesting_Pie_,False,neutral,neutral,positive,neutral
gwx3f5u,"Now we just have to hope, the unethical byju's faces justice!",1,0,1620143070.0,Daggy1234,False,negative,negative,negative,negative
gwx5xa5,You are lucky coz whitehat.jr isn't a political institution. So they didn't murder you.,1,0,1620144071.0,Training_Ad_2086,False,negative,neutral,negative,negative
gwx84i0,I can't figure out whether this dub is bigger or whole freaking solar system?,1,0,1620144957.0,My_Gaming_Companion,False,negative,neutral,neutral,neutral
gwx8v1c,"I was busy around for few days, what's up with this case and all?",1,0,1620145251.0,,False,neutral,neutral,neutral,neutral
gwwuc8b,Is the company shutting down? If not then I don't think we won anything,-3,0,1620139348.0,newtoreddit2004,False,negative,negative,negative,negative
gwxqqfw,LESSS GOOOO,0,0,1620155870.0,HassanAskari175,False,positive,positive,neutral,positive
gwxume5,Wolf Gupta be crying in his room rn 😭,0,0,1620157594.0,,False,negative,neutral,negative,negative
gwxwba4,"Nip them in the bud before they fund BJP ! Lesson to be learnt here, lets not give them time to recuperate. 

Once they become BJP sponsors, all this will be for nothing.",0,0,1620158323.0,Nerevarine12,False,negative,negative,negative,negative
gwxtcuf,"Hi, can someone explain me what was the case they put on him? I went through his linkedin post but couldn't figure out what was actual case they filed.",-1,0,1620157025.0,H4X0RCS,False,neutral,neutral,neutral,neutral
gwx9av2,[removed],-15,0,1620145425.0,,1620264214.0,neutral,neutral,negative,neutral
gwx8cak,Sauce?,-9,0,1620145044.0,LightUzumaki,False,neutral,neutral,neutral,neutral
gwwtn4m,👏🏼,1,0,1620139059.0,drive29,False,positive,neutral,neutral,neutral
gwxknm8,"Just for curiosity, how much did all this legal hassle cost you including every little expense?",1,0,1620150021.0,simiamor,False,neutral,neutral,neutral,neutral
gwxr0oq,Can someone explain the whole thing,1,0,1620155993.0,badguy2538,False,neutral,neutral,neutral,neutral
gwxrr49,Congratulations! More power to you mate!,1,0,1620156315.0,lawlessjobless,False,positive,positive,positive,positive
gwxrtuo,Ay congrats my man! Much love.,1,0,1620156349.0,DraconiforsLapifors,False,positive,positive,positive,positive
gwxuy3y,Ngl this restored some of my hope for this country,1,0,1620157737.0,monarch997,False,positive,positive,positive,positive
gwxve5f,Woooooooooooo,1,0,1620157925.0,Sugarmolecules,False,positive,positive,positive,positive
gwxwhjn,"Congrts man , kudus to you for the win.  
btw I really hope that byju's logo is removed from indian team jersey.",1,0,1620158399.0,ztaker,False,positive,positive,positive,positive
gwxx87l,This is ducking amazing. Fucking legends.,1,0,1620158723.0,Potato_is_Aloo,False,positive,positive,positive,positive
gwy2by9,Congratulations,1,0,1620160962.0,Tedx11,False,positive,positive,positive,positive
gwy2c9w,Daaaammnnn man you ain't quitting until you get the W. Wow bro cheers to the success and salute to the never ending fight ❤️ We all with you,1,0,1620160966.0,thayir_saatham,False,positive,positive,positive,positive
gwy2icv,Fuck corporate shills. Finally something to rejoice amidst all the horrible shit that is happening around us,1,0,1620161039.0,MadRdx,False,negative,negative,negative,negative
gwy3egz,[deleted],1,0,1620161414.0,,1621042122.0,neutral,neutral,negative,neutral
gwyas4h,@pooniahigh What's the next move? Are you planning to counter-sue?,1,0,1620164509.0,antique_legal,False,neutral,neutral,neutral,neutral
gwyb9d2,What's the backstory?,1,0,1620164716.0,enfield_,False,neutral,neutral,neutral,neutral
gwycpry,No idea what's going here. Can someone explain?,1,0,1620165343.0,Mercury_Chap,False,negative,negative,neutral,negative
gwyeq2q,can you counter sue them for damages ?,1,0,1620166232.0,workthrowaway12wk,False,neutral,neutral,negative,neutral
gwygtcl,"Congratulations bro, never let some shithole of a company censor you. Especially when you're right. This is a free country.",1,0,1620167179.0,jiggs28,False,positive,positive,positive,positive
gwyiin8,"Huge win. I can't believe I am hearing this. Congrats, this is sweet.",1,0,1620167967.0,badaik2887,False,positive,positive,positive,positive
gwyna5h,Well done.,1,0,1620170232.0,vasuja,False,positive,negative,positive,positive
gwynjex,So happy to see this! Fuck you LundHat Jr.,1,0,1620170354.0,blasphemasphus,False,negative,positive,neutral,neutral
gwysp31,Wow that's great,1,0,1620172819.0,apex_pretador,False,positive,positive,positive,positive
gwytdup,This is so amazing! Congrats :),1,0,1620173150.0,lameduck_trader,False,positive,positive,positive,positive
gwyxlt4,Hoow the tables have turned! Hoowwwwwwwwwww,1,0,1620175163.0,AXE555,False,neutral,neutral,neutral,neutral
gwz4yi7,"Great job brother, you have set a good example.",1,0,1620178647.0,cubic9,False,positive,positive,positive,positive
gwz68da,Satyameva Jayate! 🙏 This a big win for each one of us. Thank you brother. 😊,1,0,1620179253.0,geekx86,False,positive,positive,positive,positive
gwz8b8h,"Oh my god , first Kangana twitter account banned and now this, what is it, my cake day? 
😭😭😭🥳🥳🥳",1,0,1620180253.0,PussySlayerOfficial,False,positive,negative,negative,negative
gwz9739,Congratulations man. You fought the system and won. May the light be forever with you.,1,0,1620180688.0,zen4ever99,False,positive,positive,positive,positive
gwza7nn,"Rejoice! We conquer!
                -Pheidippides",1,0,1620181190.0,Pushpal_Sarkar,False,positive,positive,positive,positive
gwzhs0q,"Congratulations on this victory!
I hope this post shows up on the popular tab and more redditors see it.",1,0,1620185148.0,wat_if,False,positive,positive,positive,positive
gwzk5y9,That's so awesome! And I love how mad [Kangana is about this issue](https://twitter.com/KanganaTeam),1,0,1620186482.0,vpsj,False,positive,positive,positive,positive
gwzkyte,"Considering Byju's is the official sponsor of Indian Cricket team, I'm surprised why has none of our cricket stars spoken against Byju.
No matter how much we speak about it on reddit or twitter, this major win won't reach the audience who fall victim to Byju. A major controversy by a major cricket star would be priceless.",1,0,1620186948.0,SambarDip,False,negative,neutral,negative,negative
gwzkzsy,Will you get the compensation of your time and money wasted?,1,0,1620186964.0,,False,negative,negative,negative,negative
gwzlmhq,"Wow congrats, you are brave been following from the beginning.",1,0,1620187338.0,Taxiwala_007,False,positive,positive,positive,positive
gwzmaxv,Kudos to Reddit and entire community of r/India for making our voices louder.,1,0,1620187746.0,PerspectiveTypical55,False,positive,positive,negative,positive
gwzmp6o,My pp hard,1,0,1620187982.0,Bukuna3,False,neutral,neutral,negative,neutral
gwzoqhn,"Congratulations and Thank you, I was contemplating on joining them before you exposed those assholes.",1,0,1620189225.0,catsrmurderers,False,positive,negative,neutral,neutral
gwzozul,Umm can i get a gist of the context?,1,0,1620189387.0,PapaGlozzy,False,neutral,neutral,neutral,neutral
gwzpu2k,PARTY TIME!!!!!!!!!!!!!!!!!!!!!!!!!!!!!!!!!!!!!!!!!!!!!!!!!!!!!!!!!!!!!!!,1,0,1620189931.0,RownaRawnclaw,False,positive,positive,neutral,positive
gwzqvik,"I am not aware about anything, can someone please put some light? Thus really seems important.",1,0,1620190614.0,darshitsway,False,neutral,negative,neutral,neutral
gwzrlrj,YEAHHHHH....FUCK EM....FUCK EM ALLLLL...WOOOHOOOOO,1,0,1620191101.0,arunabharocks123456,False,negative,negative,negative,negative
gwzshw7,"I used to see posts regularly in this sub, made by Pradeep Poonia and felt that despite all his efforts there wasnt a chance against the large corporation. This is one of the most inspiring stories I've seen on reddit",1,0,1620191718.0,abhilash1991,False,positive,positive,positive,positive
gwzt94n,First Kangana gets banned and now this! Acche Din is finally here :D,1,0,1620192251.0,WhacKuum,False,neutral,neutral,negative,neutral
gwztorz,You crazy son of a bitch YOU DID IT!,1,0,1620192563.0,UnderstandingSome871,False,negative,negative,negative,negative
gwzw8zl,If your lawyer fought pro bono is there a way to contribute ?,1,0,1620194491.0,skinnylizars,False,neutral,neutral,neutral,neutral
gwzwn23,"Congrats, dude. The way you took on an organization with crores of rupee in their kitty is an inspiration to all common men and women.",1,0,1620194786.0,Lo_Ti_Lurker,False,positive,positive,positive,positive
gx00fy4,Is this because Byju's has received big funding recently.. and decided they don't want to be bothered by this ?,1,0,1620197731.0,DrMrJekyll,False,neutral,negative,neutral,neutral
gx02nt4,Finally some great news in this ordeal,1,0,1620199599.0,horror_fan,False,positive,positive,positive,positive
gx03dza,Great news! Hope they suffer some serious consequences for all the harassment they've done of their critics,1,0,1620200237.0,sarathklal,False,negative,negative,positive,negative
gx09ez5,What happened? Can anyone tell me?,1,0,1620205910.0,,False,neutral,neutral,neutral,neutral
gx0i6t9,Congratulations man for victory of common men over corporate men.,1,0,1620213618.0,,False,positive,positive,positive,positive
gxmqaun,Someone TlDR please & thank u!,1,0,1620667829.0,darkkid85,False,neutral,neutral,positive,neutral
gwwxpzl,"I appeared for my MBA interviews this year, and last week one of the colleges asked me about the unethical practices companies follow. I told them about White Hat Jr, and this case, and how I genuinely hoped you won the same(although I felt it was very very tough). They had not heard about you, and were genuinely impressed that someone has took it to this level. I'm so so so happy right now. 

Kudos to you. This made us believe that if we have faith in a cause, it's not impossible to achieve the same. Wishing you all the best! 

❤️❤️",505,1,1620140733.0,canibemorerandom,False,positive,positive,positive,positive
gwwgvl9,WOOOOOOOOOOOOOOOOOHOOOOOOOOOOOOOOOO!!!,170,1,1620133216.0,nonstop-nonsense,False,positive,positive,positive,positive
gwwh9t6,WOOOOOOOOOOOOOOOOO !!!!,32,1,1620133425.0,Makadekana,False,positive,positive,positive,positive
gwwldj9,"I don't consider this win ,I want to see them crushed by their own sins. Anyway happy to see pressure off of you",65,1,1620135467.0,Shillofnoone,False,negative,negative,positive,negative
gwwyhhu,UwU u/pooniahigh - kun,33,1,1620141047.0,Normal_pervert,False,neutral,positive,neutral,neutral
gwwxp9a,https://youtu.be/3EUpMM57ITY?t=205 (ignore the answer),11,1,1620140725.0,itsrubnillug,False,negative,neutral,neutral,neutral
gwwxrzr,Woooooooooh. You're a legend man.,9,1,1620140756.0,,False,positive,positive,positive,positive
gwwyctv,LETS FUCKING GOOOOOOOOOOOO,10,1,1620140994.0,,False,positive,positive,negative,positive
gwwtqnp,[deleted],12,1,1620139099.0,,False,neutral,neutral,negative,neutral
gwx61np,Thank you for putting up the relentless fight. This country needs more people like you,6,1,1620144120.0,hak_i,False,positive,positive,positive,positive
gwxb3ss,"Congrats on the win


AwwwwwwWwwWooooooooOoOooOoOoOooooOOoooooooooooOOOOOOOO",6,1,1620146139.0,tehcaresser,False,positive,positive,positive,positive
gwxdwcs,Awoooo,6,1,1620147250.0,mayblum,False,neutral,positive,positive,positive
gwx2nmo,u/AmongUsDongBot,6,1,1620142753.0,Extension-Ad4659,False,neutral,neutral,neutral,neutral
gwx79ni,"#Wooooooooooooooooooooooooooooooooooooooooooooooooooooooooooooooooooooooooooooooooooooooooooooooooooooooooooooooooooooooooooooooooooooooooooooooooooooooooooooooooooooooooooooo#
Congratulations mate",4,1,1620144611.0,,False,positive,positive,positive,positive
gwx55uy,[removed],10,1,1620143768.0,,False,neutral,neutral,negative,neutral
gwws69n,Woooohhhhhhoooooooooo!!,5,1,1620138445.0,adamya_tripathi,False,positive,positive,positive,positive
gwwt2n4,Woooooooooooooohooooooooo,4,1,1620138822.0,,False,positive,positive,positive,positive
gwwx5lj,Wooohoooo,4,1,1620140503.0,ksh2657,False,positive,positive,positive,positive
gwwy8x9,More power to you Sir. Very happy to see this bit. And also proud of you,4,1,1620140950.0,GooglyEyedunicorn,False,positive,positive,positive,positive
gwx6c4t,Woooooooohoooooooooooo!!!!!!!!,3,1,1620144235.0,ArthurGKing,False,positive,positive,positive,positive
gwx6pk2,Please explore the available options to sue them for false accusations against you,4,1,1620144384.0,TagMeAJerk,False,neutral,neutral,negative,neutral
gx07o62,"I'm confused....

Where should i give my free Silver Award?......This post or this comment?",2,1,1620204223.0,Agent-Reddit_2419,False,neutral,negative,negative,negative
gwx6gi5,Satyamev Jayate 🙏🏼,3,1,1620144283.0,birla_himanshu,False,positive,neutral,positive,positive
gwx2hed,Wishing you all the very best.. Woooooooooooooo,2,1,1620142681.0,,False,positive,positive,positive,positive
gwx0z4d,Thank you so much sir! You are the proof that a common man can bring a change in this shitty world,1,1,1620142064.0,AlkalinePotato,False,positive,positive,neutral,positive
gwx8uu2,"This made my day.

  


Go go go",1,1,1620145249.0,kalakuttaa,False,positive,positive,negative,positive
gwx9k8j,You’re an inspiration my man!,1,1,1620145528.0,,False,positive,positive,positive,positive
gwxahuz,Sir you are the hero our society needs. Thank you so much for everything!,1,1,1620145898.0,Lone_Ranger007,False,positive,positive,positive,positive
gwxkm0a,"It's a great win and kudos for going the long run. As a person who is also fighting a case in our courts, may I ask how much it cost you? How much time you had to invest in it? How many nights could you not sleep? Also taking into account the lack of peace and happiness in your life for the last 2 years or so, I presume. Was it really worth it?",1,1,1620150001.0,saanisalive,False,positive,positive,positive,positive
gwxolv1,Wooooooooooooooooooooooooooooo,1,1,1620154942.0,sorb_pikachu,False,positive,positive,positive,positive
gwxqa69,Wooooooooooooo,1,1,1620155672.0,dr_batmann,False,positive,positive,positive,positive
gwxun40,Congrats 😊,1,1,1620157602.0,demo_crazy,False,positive,positive,positive,positive
gwxytsb,LET'S FUCKING GOOOOOOOOOO,1,1,1620159437.0,dizzybear24,False,positive,positive,negative,positive
gwy4439,You're am inspiration and a good man who stood for the ideal. Thank you sir!,1,1,1620161704.0,bhai_zoned,False,positive,positive,positive,positive
gwy4qxe,Wolf Gupta ki Maa ki Chooooooooooooooooooooooooooooooooooooooooooooooooooooooooooooooooooooooooooooooooooo.........,1,1,1620161962.0,dinkletrump,False,neutral,neutral,neutral,neutral
gwyhti1,The court's verdict regarding your case restores some of my faith in Indian judiciary that we can challenge giant tech companies and expose their malpractices.,1,1,1620167644.0,,False,positive,positive,positive,positive
gwyhz7d,"WOOOOOOOOOOOOOOOOOOOOOOOOOO...
Yes!!! Dissent cannot be deleted!!!!!!!!!!!!!!!",1,1,1620167715.0,Gamer_Coder_Otaku,False,positive,positive,positive,positive
gwyiwm5,Tons of cheers for you sir. I will always remember with the courage and determination you fought. You showed these hench men that they are needed to Stepdown. I hope we all could do things to bring down such insensitive business plannings.,1,1,1620168149.0,badaik2887,False,positive,positive,positive,positive
gwza2r6,"Shinzo Sassageo moment, ngl",1,1,1620181122.0,FragShire,False,neutral,neutral,neutral,neutral
gwzkkj2,AWOOOOOOOOO,1,1,1620186713.0,,False,neutral,positive,positive,positive
gwzwin6,"My man! You are a hero. And you, sir, have balls of Vibranium. Captain India!! Congratulations!!!",1,1,1620194694.0,sicparvismagna369,False,positive,positive,positive,positive
gx04k6g,Terrific. But now please sue WhiteHat Jr for harassment & trauma. They shouldn’t be allowed to get away with the way they targeted you b,1,1,1620201298.0,bhodrolok,False,negative,negative,neutral,negative
gx0ii25,"hey u/pooniahigh,  Can this be called a 'SLAPP suit'? I remember seeing a john Oliver episode about it a while ago.  Basically a large company files a court case even though they know they'll lose, just to drain the other side's money and resources and silence and intimidate them, scare others to stand up to them. Are there any consequences for these types of cases here in India? (Apparently some states in US have laws against this.)",1,1,1620213842.0,SPrak_18,False,negative,negative,negative,negative
gx17zqi,AAAOOOOOOOOOOOOOOO,1,1,1620227068.0,whoomeye,False,neutral,positive,positive,positive
gyhqdou,Amazing,1,1,1621285487.0,prakitmasala,False,positive,positive,positive,positive
hhmey30,Woooooooooooo,1,1,1634912005.0,Dynamite_Gamer1,False,positive,positive,positive,positive
gwwr84o,"“Turns out, one man CAN change the world”

EDIT: Thanks for the gold stranger! :)",468,1,1620138045.0,_Anti_National_,1620147709.0,positive,positive,positive,positive
gwxilpr,"I remember those posts and comments. He definitely did seem like some loon at first, but then he composed himself with serious posts, progress.

I'm happy that he won, hopefully those parents that got scammed get some compensation.",16,1,1620149149.0,Meemeperor,False,neutral,positive,positive,positive
gwxyduu,"Seriously, a big F.U. to all those M.F. cynics that always come out of the woodworks, like termites, whose argument ultimately boils down to *nothing will ever change.* So, fuck you, and your lazy ass ideology!",6,1,1620159238.0,dopkew,False,negative,negative,negative,negative
gwxfv84,[removed],76,1,1620148042.0,,False,neutral,neutral,negative,neutral
gwyg6hm,"*""Amplified"" ki maa ki smooth*. Hating how incorrectly this word is being applied by everyone everywhere on Reddit and Twitter since last week.",-2,1,1620166887.0,webdevop,False,negative,negative,negative,negative
gwwq05v,"Congratulations, it's a big moment. But have they also agreed anything along the lines of not curbing social media posts? The case was for defamation but if they keep bringing the posts down, it will still be a problem",81,1,1620137522.0,aashish2137,False,neutral,positive,negative,neutral
gwwv5n6,"This is amazing. I remember seeing the initial posts and thinking what will any of this do, but with each post your perseverance made me believe. This is really great news. The power of one man lol. Very inspiring.",45,1,1620139686.0,treat-yo-selff,False,positive,positive,positive,positive
gwwt5x5,You deserve it,8,1,1620138861.0,,False,positive,positive,positive,positive
gwx2v58,"I want to know more about this whole case, where I can get details....",5,1,1620142840.0,raisonar,False,neutral,neutral,neutral,neutral
gwxl7k4,"Money can't buy everything :) you proved it. It should be all over the news!!
I'll do my bit to spread the word.",2,1,1620150259.0,TheMeatLady21,False,positive,positive,negative,positive
gwyrzpw,Congratulations!!!,1,1,1620172487.0,fruitspunchsamurai42,False,positive,positive,positive,positive
gwz9wvp,Congratulations Sir. The hope has been renewed.,1,1,1620181041.0,beard__hunter,False,positive,positive,positive,positive
gx0gmdc,"A concern: Do you think WHJ withdrew their case because they were afraid what would come out during court proceedings? Now that case is done with, they'll back to their shady shit.",1,1,1620212419.0,-The-Bat-,False,negative,negative,negative,negative
gwxa1ic,*steel dude. Balls of 'steal' changes the whole damn meaning! 🤣,37,1,1620145718.0,CarbonTail,False,negative,negative,negative,negative
gwwl2qn,"I am so happy to see your comment. Thank you. 

I really hope this event inspires others to never back down.",220,1,1620135323.0,pooniahigh,False,positive,positive,positive,positive
gwx6hkv,"Pretty much most of Indian edtechs are, I've started an internship for one and the profile was for marketing but they also added a sales component. :///",14,1,1620144295.0,jyotisen111,False,negative,neutral,neutral,neutral
gwxjly3,It partially is. Parents of already enrolled students are given incentives to refer their courses to other parents.,2,1,1620149569.0,mean_pretense,False,neutral,neutral,neutral,neutral
gwwuj76,Pradeep Poonia jaisa ho!,67,1,1620139429.0,,False,neutral,neutral,positive,neutral
gwxqr1i,"We will be very lucky if we can really get such person as out mp, mla. This guy is a man of principal and courage.",5,1,1620155877.0,guyno17,False,positive,positive,positive,positive
gwxei3m,"yep awareness is the key ....the fight is not over,  there is a big fight ahead since most of these private players are starting to emerge now and are gaining popularity day by day.",8,1,1620147493.0,YN37_s,False,positive,positive,positive,positive
gwwz9ne,Thankyou. I think only you remember the WhiteHat Senior story :),19,1,1620141364.0,pooniahigh,False,positive,positive,positive,positive
gwxfjta,"Probably that if the case continued, a lot of their shady stuff would've come to light",18,1,1620147914.0,thelordmehts,False,negative,negative,neutral,negative
gwxh15d,"

White hat Jr- WHJ started their business by selling courses for children teaching Coding. In actuality they were just ripping off code.com platform to the point after sign up and payment with WHJ the children were made to sign up to code.org , plus they were teaching drag and drop as coding.

 POONIA a normie IT employee tried to expose this and was being banned on all the platform he was trying to tell the truth about this company, from Twitter to LinkedIn. Then when he made a post on Reddit it blew up with multiple awards and more people seeing it. WHJ the  filed a **20cr defamation case** on Poonia, he posted on reddit and that post also blew up and was visible to alot. Everyone from r/india supported him. Poonia decided to fight the defamation case, WHJ hired the ex Attourny General of India to represent WHJ. Poonia and his Lawyer ran laps around these WHJ Lawers and made them sweat, the last few hearings WHJ tried to keep postponing the case and running away from the leagle fight, after Poonias awesome lawyer gave WHJ a good thrashing in defamation law. She is an awesome lawyer.  Poonia has balls of steel and it goes to show everyon can grow thos balls, we just need to stand up and fight. 

There are alot of other things that happened like poonia showing chat logs from WHJ CEO telling his Reputation management team to force takedown of social media post. And some directly targeting Poonia, and also confessing on chat that they will make fictious courses to sell to gullible parents. Check profile to go down the rabbit hole i.e WHJ.",55,1,1620148508.0,,1620161604.0,negative,negative,negative,negative
gwx73d9,"No, I don’t think so, there was no verdict, the case was withdrawn. So that mean no precedent.",12,1,1620144540.0,TheCouchEmperor,False,neutral,negative,negative,negative
gwxis7o,"I need the names of all the people who have tried to sue Pradeep Poonia, as I'm curious.",4,1,1620149222.0,dim_balls,False,neutral,neutral,negative,neutral
gwxdv3t,Yes. No one can stop anyone now from expressing they opinion. If they do we strike back.,7,1,1620147235.0,pooniahigh,False,neutral,neutral,positive,neutral
gwx8x1l,Company still exists though.,5,1,1620145272.0,,False,neutral,neutral,neutral,neutral
gwxmd3y,"Who watches her movies, btw???",3,1,1620152076.0,RoscoMan1,False,neutral,neutral,neutral,neutral
gwx2zb2,Money,2,1,1620142888.0,Ghouldrago,False,neutral,neutral,neutral,neutral
gwzc8g8,WhiteHatJr/Byju's are using unethical advertising and business practices to make more money. u/pooniahigh started exposing them on social media.  WhiteHatJr started taking down his posts and finally filed a defamation lawsuit against him. The case was still going on but  WhiteHatJr recently withdrew the case.,1,1,1620182207.0,Herocharge,False,negative,negative,negative,negative
gwxibcw,"Slowly things are turning around. What looked impossible only few days back, is becoming possible. Suddenly, there is hope in the country.",1,1,1620149024.0,apache_kamel,False,positive,positive,neutral,positive
gwxbdm3,What have you done against Modi?,9,1,1620146248.0,fsnv,False,neutral,neutral,neutral,neutral
gwzoh4y,"Since they withdrew from this court case, even if they try to sue again with same or similar allegations, they will always be dismissed on the basis that they withdrew from this case",1,1,1620189063.0,SIPHAN_official,False,negative,negative,negative,negative
gwx5o3l,[deleted],46,2,1620143970.0,,1620476518.0,neutral,neutral,negative,neutral
gwwh69t,Woooooooo,57,2,1620133373.0,sunitadahiya,False,positive,positive,positive,positive
gwwxmh4,UWWWWUUUUUUUUUUUUUU,17,2,1620140694.0,aegonish,False,neutral,negative,negative,negative
gwxifba,ooouuuu.....ooouuuu..ooouuuuuuuuuuuuuuuuuuuuuuu!,5,2,1620149077.0,slowscrambler7,False,neutral,neutral,negative,neutral
gwwryqg,"WOOOOOOOO!!!!!!!!!!!!!!!!!!!!


                     .
                    / V\
                  / `  /
                 <<   |
                 /    |
               /      |
              /        |
             /    \  \ /
            (      ) | |
     ________|   _/_  | |
    <__________\______)\__) Wolf Gupta !!!",229,2,1620138357.0,subvolatile,False,positive,neutral,neutral,neutral
gwx46ep,Wooooo back baby WOOOOOOOOOOOOOO,7,2,1620143378.0,,False,positive,positive,positive,positive
gwx0khq,😳,16,2,1620141901.0,IamACrafter_YT,False,neutral,neutral,neutral,neutral
gwx2pgs,OwO,16,2,1620142774.0,justafanofpewdiepie,False,neutral,positive,positive,positive
gwzfzcy,*notices bulge*,3,2,1620184179.0,house_monkey,False,neutral,neutral,negative,neutral
gwx4im8,*Lolitaaa*,4,2,1620143513.0,NBE_23,False,neutral,neutral,neutral,neutral
gwx5igt,"You almost broke my phone dude!

Wooooooo!",6,2,1620143908.0,snairgit,False,negative,negative,neutral,negative
gwwzpng,Someone gift this comment a gold already.,57,2,1620141548.0,known__stranger,False,negative,neutral,positive,neutral
gwxld62,"“If you think you are too small to make a difference, try sleeping with a mosquito.” ― The Dalai Lama",1,2,1620150327.0,nostafict,False,neutral,neutral,neutral,neutral
gwxifvg,Shot* but okay,19,2,1620149086.0,Ricksanchiz,False,neutral,neutral,neutral,neutral
gx05urm,"Ah, classic Streisand",5,2,1620202502.0,,False,positive,positive,positive,positive
gwyy7h4,"
Explain.",2,2,1620175448.0,Indianopolice,False,neutral,neutral,neutral,neutral
gwyggyh,*Kaahe bey? Chori ke tatte nahi ho sakte kaa?*,23,2,1620167022.0,webdevop,False,neutral,neutral,neutral,neutral
gwxjpcr,Aah one more person with Grammar Pedantry Syndrome🌝,4,2,1620149609.0,Ricksanchiz,False,negative,negative,positive,negative
gwx0n3c,"You rock! Let's expose these scammers! #WolfGuptaWithdraws, spread the word!",27,2,1620141929.0,theantman6000,False,positive,positive,negative,positive
gwzv1v9,Hmm I get it. I'm in tech and the regulations have destroyed the industry in our country and that's the reason why u hardly see any startups truely making it big.,1,2,1620193577.0,heretoseexistence,False,negative,negative,neutral,negative
gwzg31b,I'd vote,1,2,1620184232.0,house_monkey,False,positive,positive,neutral,positive
gwxgrnl,Now you got me curious what is the white hat senior story,7,2,1620148401.0,Radiant_eagle573,False,neutral,neutral,neutral,neutral
gx2tlz9,Why isn't drag and drop coding though?,3,2,1620251086.0,gintomato,False,neutral,neutral,neutral,neutral
gwxqrw0,"Good that Mr. Poonia got out of the mess but seems the only think achieved was bad pr for BYJUs and no reprimandations, which we know most Indians are quick to forget.",7,2,1620155888.0,DarkBlaze99,False,negative,neutral,neutral,neutral
gwxwik4,Excellent! More power to you and common people. I hope more people realize that they cannot be silenced for expressing their opinions.,1,2,1620158411.0,zad370,False,positive,positive,positive,positive
gwxk200,"Hey, my man is out there fighting some tough keyboard battles with those bhakts online! ^/s",4,2,1620149760.0,,False,neutral,neutral,neutral,neutral
gwzv3cr,Thank you Snipe-out!!,-1,2,1620193608.0,garpeta,False,positive,positive,positive,positive
gwxet8c,AAoooooooooooo,21,3,1620147618.0,namanthegreat,False,neutral,neutral,positive,neutral
gwwhdwy,WOOOOOOOOO,37,3,1620133483.0,dahpoj,False,positive,positive,positive,positive
gwxivf3,"
                              __
                            .d$$b
                          .' TO$;\
                         /  : TP._;
                        / _.;  :Tb|
                       /   /   ;j$j
                   _.-""       d$$$$
                 .' ..       d$$$$;
                /  /P'      d$$$$P. |\
               /   ""      .d$$$P' |\^""l
             .'           `T$P^""""""""""  :
         ._.'      _.'                ;
      `-.-"".-'-' ._.       _.-""    .-""
    `.-"" _____  ._              .-""
   -(.g$$$$$$$b.              .'
     """"^^T$$$P^)            .(:
       _/  -""  /.'         /:/;
    ._.'-'`-'  "")/         /;/;
 `-.-""..--""""   "" /         /  ;
.-"" ..--""""        -'          :
..--""""--.-""         (\      .-(\
  ..--""""              `-\(\/;`
    _.                      :
                            ;`-
                           :\
                           ;",30,3,1620149258.0,inthesum,False,neutral,neutral,neutral,neutral
gwxh9sl,damn that's *noice*,4,3,1620148602.0,SENSHU_dp,False,negative,negative,negative,negative
gwx2t89,Done already,30,3,1620142818.0,Extension-Ad4659,False,neutral,neutral,neutral,neutral
gwxos7s,"Nah, Shit sounds better in their case",34,3,1620155020.0,Trev0rPhil1ps,False,neutral,negative,neutral,neutral
gwzw7vr,Pehle ye batao ki tum more than 1.6 lakhs per month kaise kama lete ho?,2,3,1620194468.0,AacidD,False,neutral,neutral,negative,neutral
gx3o5as,"His earlier account was Whitehat Sr which got banned by Reddit, of course because of Byjus.",3,3,1620265656.0,letsopenthoselegsup,False,negative,negative,negative,negative
gx7jo1x,"Yes, and it was mostly just on Reddit. It’s sad, but I don’t think this made any dent. I met Byju once back in 2013. Can vouch that he’s a cunt.",1,3,1620341764.0,TheCouchEmperor,False,negative,negative,negative,negative
gx0avbm,[deleted],1,4,1620207305.0,,1620476521.0,neutral,neutral,negative,neutral
gwwhp4k,Wooooooo,34,4,1620133645.0,FrenchBatataWada,False,positive,positive,positive,positive
gwzwzl8,Step 1: be born 30 years ago.,4,4,1620195052.0,webdevop,False,neutral,neutral,neutral,neutral
gx0f16u,Hehehehe,1,5,1620211116.0,namanthegreat,False,positive,positive,positive,positive
gwwjs00,Wooooooooooo,24,5,1620134690.0,Impressive-Lemon5098,False,positive,positive,positive,positive
gx0kko7,[deleted],2,6,1620215264.0,,1620476508.0,neutral,neutral,negative,neutral
gwwpv3n,wo,14,6,1620137462.0,Sorry_Door,False,neutral,neutral,negative,neutral
gx0opkb,Bohahahahahaaaaa,1,7,1620217843.0,namanthegreat,False,neutral,neutral,positive,neutral
gwx4ypj,Woooon woooo,10,7,1620143690.0,praveeja,False,positive,positive,positive,positive
gwx5due,Woooooowooooooooooo!!,9,8,1620143856.0,snairgit,False,positive,positive,positive,positive
gwx9s5z,Wooooooooooooooooo!,9,9,1620145615.0,CarbonTail,False,positive,positive,positive,positive
gwxbw32,wooooooloooooooo,2,1,1620146453.0,yaseenmollik,False,positive,neutral,positive,positive
gziniay,Woooooooooooooooooo!,2,1,1622039619.0,HamrosWasKool,False,positive,positive,positive,positive
gwxcttv,Wooooohoooooo,2,2,1620146826.0,alpher03,False,positive,positive,positive,positive
gwxv1v5,Wooooooooo,1,3,1620157780.0,dsouzaenoch,False,positive,positive,positive,positive
