Comment ID,Comment Text,Comment Score,Comment Depth,Created Timestamp,Author,Edited,Semantic Label,Semantic Label 2,Semantic Label 3,Major_Semantic
gz4xdoq,NICE! I just bought it. NICE!,397,0,1621751367.0,ongoingrevolution,False,positive,positive,positive,positive
gz4wqes,r/madlad,628,0,1621750795.0,random_____name,False,neutral,neutral,neutral,neutral
gz54h4r,"I reviewed it:

Such a Nice book. I will rate it 69/69.Despite it being rigid in its content, its pretty much open to interpretation and people may derive different meaning from the book depending on the reader's mindset.",253,0,1621758078.0,nefariousmonkey,False,positive,positive,positive,positive
gz4wrol,Nice... Going buy a copy !!,245,0,1621750826.0,lexat100,False,positive,positive,positive,positive
gz4xiow,They approve because it's NICE!!!,94,0,1621751490.0,write4thejustice,False,positive,positive,positive,positive
gz4z88o,Post to other subs too. The will find it nice,148,0,1621753067.0,TrueSaiyanGod,False,positive,positive,positive,positive
gz4skb4,NICE!!!,96,0,1621747335.0,solivagant05,False,positive,positive,positive,positive
gz4yqbw,"Well way to give spoilers, bukko",65,0,1621752607.0,FragShire,False,negative,negative,neutral,negative
gz4woy9,Waiting for this to be made into a movie.,80,0,1621750760.0,AiyyoIyer,False,positive,neutral,neutral,neutral
gz50ga8,Nice. Now release an nft and get rich.,44,0,1621754219.0,stubh505,False,positive,positive,positive,positive
gz4vb1f,#NICE,100,0,1621749562.0,ahandbeckoning,False,positive,positive,positive,positive
gz504wg,420 words on each page?,16,0,1621753918.0,gorangutan96,False,neutral,neutral,neutral,neutral
gz529hw,">!Nice!< >!Nice!< >!Nice!< >!Nice!< >!Nice!< >!Nice!< >!Nice!< >!Nice!< >!Nice!< >!Nice!< >!Nice!< >!Nice!< 

>!Nice!< >!Nice!< >!Nice!< >!Nice!< >!Nice!< >!Nice!< >!Nice!< >!Nice!< >!Nice!< >!Nice!< >!Nice!< >!Nice!< 

>!Nice!< >!Nice!< >!Nice!< >!Nice!< >!Nice!< >!Nice!< >!Nice!< >!Nice!< >!Nice!< >!Nice!< >!Nice!< >!Nice!<

>!Nice!< >!Nice!< >!Nice!< >!Nice!< >!Nice!< >!Nice!< >!Nice!< >!Nice!< >!Nice!< >!Nice!< >!Nice!< >!Nice!<",15,0,1621755925.0,ProfessionalMix9129,1621765444.0,positive,positive,positive,positive
gz56v90,I'm reading it. It's a pretty nice book. Feels a little repetitive in between though. But overall nice.,17,0,1621760441.0,olemonk,False,positive,positive,positive,positive
gz51n6t,r/redditmoment,15,0,1621755350.0,g3orgewashingmachine,False,neutral,neutral,negative,neutral
gz4xijn,NICE^69,26,0,1621751487.0,Ayushsol9,False,positive,positive,positive,positive
gz55n56,"Now make a hard copy, I'll buy it to troll people!",24,0,1621759231.0,,False,negative,neutral,negative,negative
gz4sqld,NICE!!,24,0,1621747471.0,Awkward_potato79,False,positive,positive,positive,positive
gz4wme1,Very nice,11,0,1621750699.0,ganny0007,False,positive,positive,positive,positive
gz4xdzf,Even the price is 69 NICE!,21,0,1621751374.0,Justikyzer,False,positive,positive,neutral,positive
gz4x0a6,r/redditmoment,34,0,1621751034.0,TheAntiNormie84,False,neutral,neutral,negative,neutral
gz54h5v,The customer reviews are also nice!..,7,0,1621758079.0,nei_lei,False,positive,positive,positive,positive
gz4ymhj,r/redditmoment,13,0,1621752510.0,_BruH_MoMent69,False,neutral,neutral,negative,neutral
gz4st96,"Title should have been ""NOICE""",38,0,1621747530.0,,False,negative,neutral,neutral,neutral
gz4t5hv,( ͡° ͜ʖ ͡°),17,0,1621747798.0,,False,neutral,neutral,neutral,neutral
gz508im,[deleted],6,0,1621754015.0,,False,neutral,neutral,negative,neutral
gz4xwov,Nice!,6,0,1621751838.0,chunky_343,False,positive,positive,positive,positive
gz4y02y,NICE!!!,6,0,1621751927.0,ignite83,False,positive,positive,positive,positive
gz50c99,Isn’t it nice,5,0,1621754114.0,makemelearn,False,positive,positive,negative,positive
gz55kv0,Hahahaha 69 joke peepeepoopoo,6,0,1621759169.0,puss_rider,False,neutral,neutral,negative,neutral
gz502y1,"Can you share the link?? I'm on Amazon and can't find the book.

Edit- I got it. 

You SIR are a legend.",11,0,1621753866.0,,1621754458.0,neutral,positive,positive,positive
gz4w7et,[removed],4,0,1621750334.0,,False,neutral,neutral,negative,neutral
gz4xx9i,Nice,5,0,1621751854.0,Altruistic_Sky1866,False,positive,positive,positive,positive
gz4z01h,NICE!!!,3,0,1621752857.0,Niscu,False,positive,positive,positive,positive
gz53kx7,"Nicely done :)

Just curious,  **ASIN : B095LVQ6YC** how do you get this registration number? does Amazon generate this for you?",4,0,1621757195.0,rniswapnilk,False,neutral,positive,positive,positive
gz53nlv,OMG! I [downloaded](https://imgur.com/a/3pVOtGm) the sample and now can't wait to purchase the book.,3,0,1621757267.0,,False,positive,positive,neutral,positive
gz56fak,r/redditmoment,3,0,1621759999.0,Aarnav69,False,neutral,neutral,negative,neutral
gz5zu7g,"REVIEW FROM AMAZON:  
Swati  
***4.0 out of 5 stars Why I gave this 4 stars***  
4/5 is the only thing closest to 69%. Years ago, my ailing grandma told me that one only gets to say a specific number of ""nice""s in their lifetime, or they go to hell. Until now i had no way to keep track of this and i used to drink myself silly every night trying and failing to figure out a way to keep track of the ""nice""s. Then i came upon this book on this glorious website. Extrapolating data from my usual pattern of speech, i finally figured out approximately the number of ""nice""s i must have uttered (merely thinking of ""nice""s does not affect the progress, ol' gam-gam used to say) until now in 24 years. I hurriedly took a print out of this e-book (phew, that was some money dumped for the ink!) and started crossing out the ""nice""s that have been used up. I am happy to announce i still have 690 ""nice""s left according to this holy grail, and i don't plan on using any until the start of next year. Given the way out country is functioning, that wouldn't be too difficult of a task.",5,0,1621781622.0,Nanogines99,False,neutral,neutral,negative,neutral
gz50jsx,"Keanu reeves Elon musk PewDiePie big chungus wholesome 100 Reddit Moment!

[Everyone liked that]",8,0,1621754314.0,AyushPRS,False,positive,positive,positive,positive
gz4vba5,NICE,11,0,1621749567.0,space_s,False,positive,positive,positive,positive
gz4y5mg,"Noicee!!
Edit: just noticed the price/pages 69. You dirty rascal.",7,0,1621752072.0,danvap,False,negative,negative,negative,negative
gz50lc1,"Jokes apart, can tell the procudure of publishing a book? and who decides the price of the same?

Thanks and its seriously a NICE book",7,0,1621754354.0,multiverse_within_me,False,positive,positive,positive,positive
gz4z05r,NICE!!!,3,0,1621752860.0,,False,positive,positive,positive,positive
gz4z2d9,Nice,3,0,1621752917.0,j27vivek,False,positive,positive,positive,positive
gz516sw,Author of this book: Business is boomin,3,0,1621754918.0,Nav_20,False,neutral,neutral,neutral,neutral
gz60bca,Is it available only in India? I'm in the UK and can't find it on amazon,3,0,1621781863.0,ash_aranha,False,neutral,neutral,neutral,neutral
gz66w1u,"This reminds me of one of my friends who just wrote 'It's Diwali, it's Diwali, it's Diwali...' over and over again for 2 pages straight when we had to write as essay on Diwali in our exam",3,0,1621784989.0,smigga,False,neutral,neutral,neutral,neutral
gz4z9ee,NICE NICE NICE NICE NICE NICE NICE NICE NICE NICE NICE NICE NICE NICE NICE NICE NICE NICE NICE NICE NICE NICE NICE NICE NICE NICE NICE NICE NICE NICE NICE NICE NICE NICE NICE NICE NICE NICE NICE NICE NICE NICE NICE NICE NICE NICE NICE NICE NICE NICE NICE NICE NICE NICE NICE NICE NICE NICE NICE NICE NICE NICE NICE NICE NICE NICE NICE NICE NICE,4,0,1621753099.0,,False,positive,positive,positive,positive
gz528yz,Cringe,6,0,1621755912.0,,False,neutral,negative,negative,negative
gz4zhyv,Just purchased 👍 Hope I learn a thing or two from this book,4,0,1621753322.0,waduhek77,False,positive,positive,positive,positive
gz50pn5,"Apparently, there's [another book](https://www.amazon.com/dp/1540743225) on Donald Trump with full of blank pages and having over 2,000 customer reviews

Amazon makes free money. They got nothing to lose.",4,0,1621754462.0,xelnagatower,False,negative,negative,negative,negative
gz54v39,"If anyone is buying this for the memes, consider donating instead to a charity.",4,0,1621758458.0,dant3s,False,negative,neutral,negative,negative
gz5qfx9,Fuck you,6,0,1621776603.0,,1621974853.0,negative,negative,negative,negative
gz52c0h,"Why time waste karma farming i saw similar post on r/tennagers two days ago probably OP did too

https://www.np.reddit.com/r/teenagers/comments/nhcif5/so_amazon_approved_my_book_with_391_pages_of_e/?utm_medium=android_app&utm_source=share",7,0,1621755992.0,uniqutsv,False,negative,neutral,negative,negative
gz4xfc8,NOICE,2,0,1621751408.0,,False,neutral,neutral,negative,neutral
gz4xi8f,Lol,2,0,1621751479.0,TendarCoconut,False,neutral,positive,neutral,neutral
gz512ff,NOICE,2,0,1621754802.0,,False,neutral,neutral,negative,neutral
gz51lkf,Nice.. until Nice biscuit sues you!,2,0,1621755309.0,snairgit,False,negative,neutral,positive,neutral
gz523hr,"Now you need 69 reviews......


And obligatory.....

#NICE",2,0,1621755770.0,beard__hunter,False,neutral,positive,positive,positive
gz525ky,Be even nicer if there were 69 equally placed nices,2,0,1621755824.0,TheDankPotatoRises,False,positive,positive,positive,positive
gz52lsp,share link so we can buy nice!,2,0,1621756248.0,MuditGrover,False,positive,positive,positive,positive
gz53oqa,Are there 420 nices in ur Rs 69 book op?,2,0,1621757297.0,PerseusZeus,False,neutral,neutral,neutral,neutral
gz56wqx,Now thats NICE!!!,2,0,1621760482.0,,False,positive,positive,positive,positive
gz571i6,Omg this is epic 🤣,2,0,1621760613.0,Dramatic_Spell5708,False,positive,positive,positive,positive
gz58a0c,"Oh fuck! This is hilarious. Noice! 

It's similar to predatory journals accepting vague papers without peer-reviewing or checking.
For example: https://www.vox.com/2014/11/21/7259207/scientific-paper-scam

Edit: Have to say that the font is pretty nice.",2,0,1621761822.0,Hijikata_san_mayo13,1621762068.0,neutral,negative,neutral,neutral
gz58i71,"This is the nicest book I have ever seen. Nice work man. BTW, Nice to meet you :) 

Very nice price bro, it is a nice position.",2,0,1621762051.0,rummygill1,False,positive,positive,positive,positive
gz58o3q,"Its an Art. Amazon knows the value, in time may be this would be recognized as an unique piece of Art. 
the artist have shown directly  how our societey is becoming self indulgent and whatever they are reading, they see only themselves , something along these lines.

cheers",2,0,1621762218.0,zulu108,False,positive,positive,positive,positive
gz59s15,I'm buying it.,2,0,1621763332.0,,False,positive,positive,positive,positive
gz5a3b1,"Guys, no spoilers please",2,0,1621763634.0,ganpat_chal_daaru_la,False,neutral,neutral,neutral,neutral
gz5b043,M gonna buy this 😂🤣,2,0,1621764514.0,nvmnavi,False,positive,neutral,positive,positive
gz5ck83,Yet another author musing here?!,2,0,1621766019.0,problem_solver1,False,neutral,neutral,neutral,neutral
gz5d2oj,I just finished reading it. It's nice.,2,0,1621766506.0,antipositron,False,positive,positive,positive,positive
gz5f3u9,[deleted],2,0,1621768407.0,,False,neutral,neutral,negative,neutral
gz5fnul,Now we just need 69 reviews saying nice giving 6.9 ratings.,2,0,1621768906.0,brusalise,False,neutral,positive,positive,positive
gz5fqih,Someone shared the book's entire content in the reviews. Better report and take it down asap.,2,0,1621768971.0,RohitMSasi,False,negative,negative,neutral,negative
gz5m9te,I have legal obligations to buy this book,2,0,1621773981.0,Same-Cartographer488,False,neutral,neutral,neutral,neutral
gz5pvan,Nice,2,0,1621776254.0,Coffee_will_be_here,False,positive,positive,positive,positive
gz5q01v,# NICE,2,0,1621776335.0,,False,positive,positive,positive,positive
gz5s8w5,"Sorry for the spoilers, but it is all NICE !!",2,0,1621777638.0,CookieMusketeer,False,positive,positive,neutral,positive
gz647tl,NICE NAME. 69. WHAT EXACTLY DID YOU HAVE IN MIND WHILE KEEPING THE PRICE?,2,0,1621783758.0,free-soul-individual,False,positive,neutral,positive,positive
gz685qq,NICE,2,0,1621785561.0,PSAI97,False,positive,positive,positive,positive
gz6gw1o,Mandatory Nice.,2,0,1621789521.0,,False,neutral,neutral,neutral,neutral
gz6m8br,I am going to gift this to my friend who just got laid.,2,0,1621791998.0,Disastrous-Ad5710,False,positive,positive,positive,positive
gz8s91a,"How to make dumb people waste money on a meme, i tip my hat to you, sir. you are an entrepreneur and a mad lad.",2,0,1621834333.0,,False,positive,negative,negative,negative
gz8up4d,Nice!  Do you have a paper-back or hard copies in the works?,2,0,1621836420.0,theemptyqueue,False,positive,positive,positive,positive
gz94osr,"""Epic Reddit 14 yo teenager on the internet"" moment.",2,0,1621845706.0,zeroed-to-death,False,neutral,positive,negative,neutral
gzaredc,Congrats. You're a published author now,2,0,1621879499.0,Potato_palya,False,positive,positive,positive,positive
gzccnr3,NICE. You are my favourite author now. 😍,2,0,1621906844.0,virodhia,False,positive,positive,positive,positive
gz54w1z,"
⣿⣿⣿⣿⣿⣿⣿⣿⣿⣿⣿⣿⣿⣿⡿⠿⠿⢿⣿⣿⠿⠛⠿⣿⣿⣿⣿⣿ ⣿⣿⣿⣿⣿⣿⣿⣿⣿⣿⣿⠿⠟⠉⠄⣀⡤⢤⣤⣈⠁⣠⡔⠶⣾⣿⣿⣿ ⣿⣿⣿⣿⣿⣿⣿⡿⠛⠋⠁⠄⠄⠄⣼⣿⠁⡀⢹⣿⣷⢹⡇⠄⠎⣿⣿⣿ ⣿⣿⣿⠿⠛⠉⠁⠄⠄⠄⠄⠄⠄⠄⠹⣇⣀⣡⣾⣿⡿⠉⠛⠒⠒⠋⠉⢸ ⡿⠋⠁⠄⠄⢀⣤⣤⡀⠄⠄⠄⠄⠄⠄⠈⠙⠛⠛⠉⠄⠄⠄⠄⠄⠄⠄⠈ ⠄⠄⠄⠄⠄⢹⣧⡈⠿⣷⣄⣀⠄⠄⠄⠄⠄⠄⠄⠄⠄⠄⠄⠄⢀⣠⢄⣾ ⠄⠄⠄⠄⠄⠈⠻⢿⣶⣌⣙⡛⠛⠿⠶⠶⠶⠶⠶⠖⣒⣒⣚⣋⡩⢱⣾⣿ ⠄⠄⠄⠄⠄⠄⠄⠄⠈⠉⠛⠛⠛⠻⠿⠿⠟⠛⠛⠛⠉⢉⣥⣶⣾⣿⣿⣿ ⠄⠄⠄⠄⠄⠄⠄⠄⠄⠄⠄⠄⠄⠄⠄⠄⠄⠄⠒⠶⣿⣿⣿⣿⣿⣿⣿⣿ ⠄⠄⠄⠄⠄⠄⠄⠄⠄⠄⠄⠄⠄⠄⠄⠄⠄⠄⠄⠄⠈⠻⣿⣿⣿⣿⣿⣿
⡟⠛⢻⣿⡟⠛⣿⡟⠛⠛⠛⠛⢻⣿⡿⠛⠛⠛⢻⡟⠛⠛⠛⠛⢻⣿⣿⣿
⡇⠄⠄⢻⡇⠄⣿⣿⣿⠄⠄⣿⣿⡏⠄⣼⣿⣿⣿⡇⠄⣿⣿⣿⣿⣿⣿⣿
⡇⠄⣧⠄⠄⠄⣿⣿⣿⠄⠄⣿⣿⡇⠄⣿⣿⣿⣿⡇⠄⣥⣥⣥⣿⣿⣿⣿
⡇⠄⣿⣧⠄⠄⣿⡟⠛⠄⠄⠛⢻⣷⣄⠈⠙⠛⢹⡇⠄⠉⠉⠉⢹⣿⣿⣿
⣿⡿⠛⠛⠛⢻⣿⠿⠛⠛⠛⢿⣿⣿⡿⠛⠛⠛⢻⡟⠛⣿⡿⠛⣻⣿⣿⣿ ⡟⠄⣼⣿⣿⣿⡇⠄⣾⣿⣧⠄⢻⡏⠄⣼⣿⣿⣿⡇⠄⡟⢀⣴⣿⣿⣿⣿ ⡇⠄⣿⣿⣿⣿⡄⠄⣿⣿⣿⠄⢸⡇⠄⣿⣿⣿⣿⡇⠄⣀⠈⢻⣿⣿⣿⣿ ⣿⣄⠈⠙⠛⢻⣧⡄⠙⠛⠉⣠⣿⣷⣄⠈⠙⠛⢹⡇⠄⣿⣧⠄⠻⣿⣿⣿",4,0,1621758485.0,noobmaster1600,False,neutral,neutral,positive,neutral
gz5j7ze,Very funny bro haha funny Reddit number indeed 😐😐😐,5,0,1621771798.0,,False,positive,positive,positive,positive
gz6npnx,Please stop.,4,0,1621792698.0,miltonv2,False,negative,negative,negative,negative
gz5me7e,le ebic reddit 69 wholesome Keanu chungus amogus sus imposter moment lmfao instanormies destroyed fortnite bad minecraft good,3,0,1621774062.0,,False,neutral,neutral,negative,neutral
gz4xl9d,"Still better than the garbage by the likes of Chetan Bhagath,",3,0,1621751553.0,Crandilya,False,neutral,negative,positive,neutral
gz5203n,"I will give you 100₹ more if you give me a 2nd edition with name 


'NOICE'....",2,0,1621755680.0,Evil_Lord_Aku,False,neutral,neutral,neutral,neutral
gz5dklx,How do you apply a custom flair? When I try to post I am forced to select from a predefined list of flairs.,2,0,1621766987.0,stocktraderdog,False,negative,neutral,neutral,neutral
gz6soga,Dumb,2,0,1621795040.0,Maleficent-Market878,False,neutral,negative,negative,negative
gz50q1e,नाइस,3,0,1621754473.0,,False,neutral,neutral,neutral,neutral
gz59p23,"For all of those who are asking for the link, [here](https://www.amazon.in/dp/B095LVQ6YC) it is",1,0,1621763248.0,ShinigamiAM,False,neutral,neutral,neutral,neutral
gz57zg8,"Fucking legend. Five Stars.

NICE",1,0,1621761538.0,_ecthelion_95,False,positive,positive,positive,positive
gz5an11,"I cannot find it. Is it blocked now?

Edit2:
The original ebook link is given in this thread by the OP. 

Now, someone has downvoted this comment in order to prevent this comment from showing up in the top.

Edit
Found this, looks different than the OP’s book.

nice https://www.amazon.in/dp/B08LF514D6/ref=cm_sw_r_cp_api_glt_YDNT5DWYS51ENFQ5VX8J",1,0,1621764169.0,,1621765622.0,negative,negative,neutral,negative
gz548pd,I will buy and give 5 star review.,1,0,1621757850.0,adimallya,False,positive,positive,positive,positive
gz56uuq,This isn’t even the worst self published trash on Amazon. 🤷🏽,1,0,1621760430.0,wytherlanejazz,False,negative,negative,negative,negative
gz5mx20,"Is this going to be one of those stories where a person does something for fun, it blows up and the person gets rich?

All the best, OP!",1,0,1621774401.0,,False,positive,neutral,positive,positive
gz64tm3,Send us the list. i may just buy it for the effort it took. This will be my gift to someone nice.,1,0,1621784042.0,lazymetalhead,False,positive,positive,positive,positive
gz6in5q,Converted to GBP its 67p..... we were so close to greatness,1,0,1621790341.0,RainbowAssFucker,False,neutral,positive,positive,positive
gz6u8z2,"While you may be “laughing out loud”, this is a good sign. It shows that Amazon doesn’t actively sensor the books published on their platform and anyone can publish any kind of book. It’s a good thing. Now, please don’t ruin it by publishing some other stupid shit like this.",1,0,1621795798.0,,False,positive,positive,positive,positive
gz6vn9e,This book is Nice 😀,1,0,1621796464.0,MseMahi,False,positive,positive,positive,positive
gz725vp,"Bro wtf?! There is no hard copy? This is a silver jubilee keepsake kind of thing, but it is only available in ebook?
I gave the best rating and gave a good review. I will be the first buyer of your hard copy!
- A nice admirer",1,0,1621799575.0,AssortedCrap,False,positive,positive,positive,positive
gz5saqm,"Authors who have worked less than you have managed to earn more. You may have put in more effort than needed :P

https://www.dnaindia.com/lifestyle/report-what-every-man-thinks-about-apart-from-sex-blank-book-is-surprise-hit-1515044",0,0,1621777666.0,HighLevelJerk,False,neutral,neutral,negative,neutral
gz5tu8k,"While all of us are here, can all of us go and review the book 5 stars and ""Nice!!!""",0,0,1621778492.0,kidakaka,False,positive,positive,positive,positive
gz6gc7t,r/nice,0,0,1621789273.0,gee_kay_,False,positive,positive,neutral,positive
gz6hy6q,Averageredditor,0,0,1621790017.0,CaulkinCracks,False,negative,neutral,neutral,neutral
gz6iedg,They called me a madman,0,0,1621790227.0,bruh-KO9,False,negative,neutral,negative,negative
gz6mq6i,r/madlads,0,0,1621792231.0,SAKATA_GINTOKI69,False,neutral,neutral,neutral,neutral
gz6ow7v,"Wow, thanks you just spoiled the hole book for me! In all seriousness grate job!",0,0,1621793257.0,myCakeDayIsOn420420,False,positive,negative,positive,positive
gz57nw5,It would be awesome if you can donate the money collected from this to some charity..,-3,0,1621761223.0,satyamnoob,False,positive,positive,positive,positive
gz4vxb8,Congrats,1,0,1621750089.0,Delta231,False,positive,positive,positive,positive
gz4w7mo,Deez Nice !!!,1,0,1621750340.0,fruit9988,False,positive,positive,positive,positive
gz4xm9x,# NICE!!!,1,0,1621751579.0,,False,positive,positive,positive,positive
gz4yfcw,Wait till this post gets 420 likes and 69 comments.,1,0,1621752322.0,3bdvl,False,neutral,neutral,positive,neutral
gz50fby,Noice!,1,0,1621754194.0,,False,neutral,neutral,neutral,neutral
gz50hxj,69,1,0,1621754263.0,Sha_ronND,False,neutral,neutral,neutral,neutral
gz515ig,N6C9,1,0,1621754883.0,prathamlionel,False,neutral,neutral,neutral,neutral
gz51dpq,"Nice 
Amazing
Gobsmacked
Enchanting",1,0,1621755104.0,,False,positive,positive,neutral,positive
gz51hf2,hello andy jassy,1,0,1621755204.0,dhakkarnia,False,neutral,neutral,neutral,neutral
gz51hw5,u/69nicebot69,1,0,1621755216.0,Legendary-69420,False,neutral,positive,neutral,neutral
gz51ja0,NICE,1,0,1621755251.0,rbhattacharjee1999,False,positive,positive,positive,positive
gz51ouy,nice,1,0,1621755391.0,pakkykk,False,positive,positive,positive,positive
gz51sz6,NOICEEE,1,0,1621755498.0,lonesunset22,False,neutral,neutral,neutral,neutral
gz51tw5,Post this on 9Gag too,1,0,1621755521.0,trojonx2,False,neutral,neutral,neutral,neutral
gz51v7s,How many did you actually sell then?,1,0,1621755554.0,TheSentinator,False,neutral,neutral,neutral,neutral
gz51y15,Nice,1,0,1621755628.0,humanzuckerberg,False,positive,positive,positive,positive
gz522kd,[deleted],1,0,1621755745.0,,False,neutral,neutral,negative,neutral
gz526cy,Noice,1,0,1621755844.0,,False,neutral,neutral,negative,neutral
gz528wa,Nice,1,0,1621755910.0,DarkBoy786,False,positive,positive,positive,positive
gz528wm,Should be noice,1,0,1621755910.0,catblack8008,False,positive,neutral,positive,positive
gz52cqy,Nice,1,0,1621756012.0,-Diplo,False,positive,positive,positive,positive
gz52il1,Wow nice book...,1,0,1621756166.0,craj2027,False,positive,positive,positive,positive
gz52jeu,Nice!,1,0,1621756187.0,,False,positive,positive,positive,positive
gz52p68,Nice,1,0,1621756336.0,AplaManus,False,positive,positive,positive,positive
gz52ql1,Noice.,1,0,1621756375.0,realstonedbohemian,False,neutral,neutral,neutral,neutral
gz52w7v,Nice!!!,1,0,1621756527.0,sicparvismagna369,False,positive,positive,positive,positive
gz532u4,Nicee XD,1,0,1621756705.0,OtakUwUking1302,False,positive,positive,positive,positive
gz533s3,nice,1,0,1621756729.0,IHaveABigBeak,False,positive,positive,positive,positive
gz53cti,This is going to be nice,1,0,1621756978.0,vr25,False,positive,positive,positive,positive
gz53fxs,"Even the price xD
Niiiice",1,0,1621757063.0,,False,positive,positive,positive,positive
gz53m03,Nice,1,0,1621757225.0,Def-tones,False,positive,positive,positive,positive
gz53nuy,N O I C E,1,0,1621757274.0,pdash77,False,neutral,neutral,neutral,neutral
gz53qbf,Nice its' for 69 too,1,0,1621757340.0,Chimpindisguise,False,positive,positive,positive,positive
gz53rr8,Bought 69 copies just now! Have a great 69!,1,0,1621757379.0,happydevil1,False,positive,positive,positive,positive
gz53yrn,Incredible!!,1,0,1621757577.0,Eternal-Glory,False,positive,positive,positive,positive
gz545zr,Nice,1,0,1621757775.0,FewConcern3891,False,positive,positive,positive,positive
gz54arv,Can't say anything else than NICE!,1,0,1621757908.0,kalakuttaa,False,positive,positive,positive,positive
gz54qye,Nice price,1,0,1621758348.0,vxkram,False,positive,positive,positive,positive
gz54w4g,I have to prank my friends with this. This is gold.,1,0,1621758487.0,__mike_litoris__,False,positive,neutral,positive,positive
gz54w68,Well. Shinigami writing an ebook sounds terrifying to me.,1,0,1621758489.0,Princie99,False,negative,negative,negative,negative
gz5551n,So 14yos are publishing books now?,1,0,1621758735.0,PrashantThapliyal,False,neutral,neutral,neutral,neutral
gz557cp,Nice,1,0,1621758800.0,typicalsandman,False,positive,positive,positive,positive
gz557kx,Nice,1,0,1621758806.0,im_stoked_,False,positive,positive,positive,positive
gz55dn8,# NICE !!!,1,0,1621758969.0,iamkeysersoze94,False,positive,positive,positive,positive
gz55ei9,Lol. This reminds me a book called “What men think of apart from sex”. The whole book is empty lol. The British writer “wrote” this book as a joke. And it went on to break Harry Potter books record as a best selling book.,1,0,1621758992.0,sinsandtonic,1621926075.0,negative,neutral,negative,negative
gz55gb7,"Finally a book that I can finish without finishing
Nice!!!",1,0,1621759043.0,has04,False,positive,positive,neutral,positive
gz55kq9,"Sadly not 69 pages, it says 31",1,0,1621759165.0,disbelivehomosapiens,False,negative,negative,negative,negative
gz55ngt,Nice,1,0,1621759239.0,,False,positive,positive,positive,positive
gz55u6d,r/redditmoment,1,0,1621759422.0,ThermodynamicDab,False,neutral,neutral,negative,neutral
gz55vsu,Nice,1,0,1621759467.0,devilwearsleecooper,False,positive,positive,positive,positive
gz5638i,Then I will also try to publish. I didn't publish anything since I thought it will not be a nice content but I see anything can be nice. Now I just want to know what software you use to write books?,1,0,1621759669.0,into_void,False,neutral,neutral,neutral,neutral
gz5682l,#NOICE,1,0,1621759800.0,Re-jacked,False,negative,neutral,neutral,neutral
gz5682x,#NOICE,1,0,1621759800.0,Re-jacked,False,negative,neutral,neutral,neutral
gz56va8,lol,1,0,1621760442.0,marsman108,False,positive,neutral,neutral,neutral
gz57at7,Am interested in buying the book. Please share the URL.,1,0,1621760862.0,IamEichiroOda,False,positive,positive,neutral,positive
gz57bvl,*Nice intensifies*,1,0,1621760891.0,YOR4659,False,positive,positive,positive,positive
gz57giz,Nice,1,0,1621761018.0,10_Feet_Pole,False,positive,positive,positive,positive
gz57id9,SOLD,1,0,1621761069.0,watur_sheep_lover_,False,neutral,neutral,neutral,neutral
gz57rhs,"Wish there was a book titled 420 being sold at Rs. 69. That would have been truly a r/redditmoment. 

Also, NICE",1,0,1621761324.0,,False,positive,positive,positive,positive
gz5892a,It's showing 73 for me -_-,1,0,1621761798.0,Noidea337,False,negative,negative,neutral,negative
gz58a4q,Nice.!,1,0,1621761826.0,kjo1999,False,positive,positive,positive,positive
gz58erw,NOICE..!!!,1,0,1621761957.0,Kind_Ad4173,False,positive,neutral,neutral,neutral
gz58jhf,Very nice,1,0,1621762088.0,rjvlai,False,positive,positive,positive,positive
gz58t16,Absolute r/madlad,1,0,1621762357.0,vicSaitamaPrime,False,negative,neutral,negative,negative
gz58x2u,Noice!!,1,0,1621762471.0,,False,positive,neutral,neutral,neutral
gz590rb,Big NICE to you,1,0,1621762570.0,Sonia13m,False,positive,positive,positive,positive
gz595by,Bhai mujhe bhi batao kaise karte hai mai bhi dalunga,1,0,1621762699.0,Im_Savvage,False,neutral,neutral,negative,neutral
gz59bjo,Idh endh myra,1,0,1621762874.0,RupzDanku,False,neutral,neutral,neutral,neutral
gz59bvv,"Well..... it's art or sumfin', innit?",1,0,1621762883.0,dgriffith,False,neutral,neutral,neutral,neutral
gz59oa5,Nice,1,0,1621763226.0,WidestChip8,False,positive,positive,positive,positive
gz59pz1,Nice!,1,0,1621763273.0,fighting_astronaut,False,positive,positive,positive,positive
gz59vh0,Dude I might buy it...,1,0,1621763424.0,JohnMichaelSoBelow,False,positive,positive,neutral,positive
gz59wrk,Naiceee,1,0,1621763458.0,JusChilin,False,neutral,positive,neutral,neutral
gz5a11l,69 pages NICE...,1,0,1621763572.0,aarnar_mark,False,positive,positive,positive,positive
gz5a1me,Nice,1,0,1621763587.0,Im_impossible,False,positive,positive,positive,positive
gz5a2vx,"Can I buy it for $4.20, is the question",1,0,1621763623.0,its_whot_it_is,False,neutral,neutral,neutral,neutral
gz5a4zr,I'll wait for its pirated copy.,1,0,1621763678.0,,False,neutral,neutral,neutral,neutral
gz5a7fs,NICE,1,0,1621763746.0,Trick-Forever6426,False,positive,positive,positive,positive
gz5a84b,Nice,1,0,1621763765.0,,False,positive,positive,positive,positive
gz5aajc,Nooice,1,0,1621763832.0,illiogical_nomad,False,neutral,neutral,neutral,neutral
gz5ac52,Nice.,1,0,1621763875.0,ashishko,False,positive,positive,positive,positive
gz5ad1t,Noice,1,0,1621763898.0,dev171,False,neutral,neutral,negative,neutral
gz5adjr,I hope it has 420 pages,1,0,1621763912.0,that_tallguy777,False,neutral,neutral,positive,neutral
gz5aecy,Nice,1,0,1621763935.0,Da_rBaby7919,False,positive,positive,positive,positive
gz5ahvc,You should have warned about spoilers.,1,0,1621764029.0,Krish12703,False,neutral,negative,neutral,neutral
gz5ahz1,Nice.,1,0,1621764031.0,,False,positive,positive,positive,positive
gz5am1s,Now publish Noice.,1,0,1621764142.0,thismessisaplace,False,neutral,neutral,neutral,neutral
gz5an8g,420,1,0,1621764175.0,BellyDancerUrgot,False,neutral,neutral,neutral,neutral
gz5atpo,Noice,1,0,1621764344.0,DestinyOnCrack,False,neutral,neutral,negative,neutral
gz5au3f,"R u serious?😂😂😂

Nice 😂😂😂",1,0,1621764353.0,GroundbreakingPay903,False,negative,negative,positive,negative
gz5ayxy,Nice !!! Nice !!! Nice !!!,1,0,1621764483.0,skpradhan2005,False,positive,positive,positive,positive
gz5b0ro,Very Nice,1,0,1621764532.0,sourabhzzz,False,positive,positive,positive,positive
gz5b2uy,Noice,1,0,1621764589.0,unease6sic6,False,neutral,neutral,negative,neutral
gz5b8cd,Noice,1,0,1621764739.0,Takeo130,False,neutral,neutral,negative,neutral
gz5b96j,Nice joke,1,0,1621764761.0,catonawheel,False,positive,positive,positive,positive
gz5bbdb,Sir! You have my sword!!,1,0,1621764819.0,CaptainCheeseCake,False,positive,positive,neutral,positive
gz5beud,Noice,1,0,1621764912.0,prince_devit,False,neutral,neutral,negative,neutral
gz5bex7,Noice,1,0,1621764914.0,prince_devit,False,neutral,neutral,negative,neutral
gz5bj18,nice,1,0,1621765025.0,dibblespegacorn,False,positive,positive,positive,positive
gz5bjla,r/madlads,1,0,1621765041.0,,False,neutral,neutral,neutral,neutral
gz5bleb,It could’ve been better if you wrote noice,1,0,1621765091.0,Manav5745,False,neutral,neutral,positive,neutral
gz5bo2z,r/cringetopia material this,1,0,1621765160.0,shivam_s,False,neutral,negative,positive,neutral
gz5brxn,"Noice ? No, NICE",1,0,1621765260.0,,False,neutral,negative,positive,neutral
gz5bula,I have read this book. It’s very Nice!,1,0,1621765332.0,mokshjuneja,False,positive,positive,positive,positive
gz5bxqa,Noiceee,1,0,1621765417.0,No_Butterfly5250,False,neutral,neutral,neutral,neutral
gz5byau,Nice,1,0,1621765433.0,humbelord,False,positive,positive,positive,positive
gz5byoq,hahah 69!!!!!! finny number xddddd reddit moment,1,0,1621765444.0,FoxitoPapito,False,positive,positive,neutral,positive
gz5c33i,Nice,1,0,1621765560.0,Wide-Baseball,False,positive,positive,positive,positive
gz5c5rx,This is gonna be the next dogecoin move.,1,0,1621765631.0,,False,positive,neutral,positive,positive
gz5c74y,Noice,1,0,1621765666.0,KingArcaeus,False,neutral,neutral,negative,neutral
gz5c7wc,OP is going to make money as it will become a meme buy. Good luck OP :),1,0,1621765687.0,TendarCoconut,False,positive,positive,positive,positive
gz5c87k,"Its seems out of stock, its not available there anymore. 😔",1,0,1621765695.0,Ravinepz,False,negative,negative,negative,negative
gz5c8ok,NOICE!,1,0,1621765708.0,implicit_feelings,False,positive,neutral,neutral,neutral
gz5ckcz,Wowwwwwwwwwwwwwwww Wowwwwwwwwwwwwwwww Wowwwwwwwwwwwwwwww Wowwwwwwwwwwwwwwww Wowwwwwwwwwwwwwwww Wowwwwwwwwwwwwwwww Wowwwwwwwwwwwwwwww Wowwwwwwwwwwwwwwww Wowwwwwwwwwwwwwwww Wowwwwwwwwwwwwwwww Wowwwwwwwwwwwwwwww Wowwwwwwwwwwwwwwww Wowwwwwwwwwwwwwwww Wowwwwwwwwwwwwwwww Wowwwwwwwwwwwwwwww Wowwwwwwwwwwwwwwww Wowwwwwwwwwwwwwwww  Wowwwwwwwwwwwwwwww Wowwwwwwwwwwwwwwww Wowwwwwwwwwwwwwwww Wowwwwwwwwwwwwwwww Wowwwwwwwwwwwwwwww Wowwwwwwwwwwwwwwww Wowwwwwwwwwwwwwwww Wowwwwwwwwwwwwwwww Wowwwwwwwwwwwwwwww Wowwwwwwwwwwwwwwww Wowwwwwwwwwwwwwwww Wowwwwwwwwwwwwwwww Wowwwwwwwwwwwwwwww Wowwwwwwwwwwwwwwww Wowwwwwwwwwwwwwwww Wowwwwwwwwwwwwwwww Wowwwwwwwwwwwwwwww Wowwwwwwwwwwwwwwww Wowwwwwwwwwwwwwwww Wowwwwwwwwwwwwwwww Wowwwwwwwwwwwwwwww Wowwwwwwwwwwwwwwww Wowwwwwwwwwwwwwwww Wowwwwwwwwwwwwwwww Wowwwwwwwwwwwwwwww Wowwwwwwwwwwwwwwww Wowwwwwwwwwwwwwwww Wowwwwwwwwwwwwwwww Wowwwwwwwwwwwwwwww Wowwwwwwwwwwwwwwww Wowwwwwwwwwwwwwwww Wowwwwwwwwwwwwwwww Wowwwwwwwwwwwwwwww Wowwwwwwwwwwwwwwww Wowwwwwwwwwwwwwwww Wowwwwwwwwwwwwwwww Wowwwwwwwwwwwwwwww Wowwwwwwwwwwwwwwww Wowwwwwwwwwwwwwwww Wowwwwwwwwwwwwwwww Wowwwwwwwwwwwwwwww Wowwwwwwwwwwwwwwww Wowwwwwwwwwwwwwwww Wowwwwwwwwwwwwwwww Wowwwwwwwwwwwwwwww Wowwwwwwwwwwwwwwww Wowwwwwwwwwwwwwwww Wowwwwwwwwwwwwwwww  Wowwwwwwwwwwwwwwww Wowwwwwwwwwwwwwwww Wowwwwwwwwwwwwwwww Wowwwwwwwwwwwwwwww Wowwwwwwwwwwwwwwww Wowwwwwwwwwwwwwwww Wowwwwwwwwwwwwwwww Wowwwwwwwwwwwwwwww Wowwwwwwwwwwwwwwww Wowwwwwwwwwwwwwwww Wowwwwwwwwwwwwwwww Wowwwwwwwwwwwwwwww Wowwwwwwwwwwwwwwww Wowwwwwwwwwwwwwwww Wowwwwwwwwwwwwwwww Wowwwwwwwwwwwwwwww Wowwwwwwwwwwwwwwww Wowwwwwwwwwwwwwwww Wowwwwwwwwwwwwwwww Wowwwwwwwwwwwwwwww Wowwwwwwwwwwwwwwww Wowwwwwwwwwwwwwwww Wowwwwwwwwwwwwwwww Wowwwwwwwwwwwwwwww Wowwwwwwwwwwwwwwww Wowwwwwwwwwwwwwwww Wowwwwwwwwwwwwwwww Wowwwwwwwwwwwwwwww Wowwwwwwwwwwwwwwww Wowwwwwwwwwwwwwwww Wowwwwwwwwwwwwwwww Wowwwwwwwwwwwwwwww Wowwwwwwwwwwwwwwww Wowwwwwwwwwwwwwwww Wowwwwwwwwwwwwwwww Wowwwwwwwwwwwwwwww Wowwwwwwwwwwwwwwww Wowwwwwwwwwwwwwwww Wowwwwwwwwwwwwwwww Wowwwwwwwwwwwwwwww Wowwwwwwwwwwwwwwww Wowwwwwwwwwwwwwwww Wowwwwwwwwwwwwwwww Wowwwwwwwwwwwwwwww Wowwwwwwwwwwwwwwww Wowwwwwwwwwwwwwwww Wowwwwwwwwwwwwwwww Wowwwwwwwwwwwwwwww  Wowwwwwwwwwwwwwwww Wowwwwwwwwwwwwwwww Wowwwwwwwwwwwwwwww Wowwwwwwwwwwwwwwww Wowwwwwwwwwwwwwwww Wowwwwwwwwwwwwwwww Wowwwwwwwwwwwwwwww Wowwwwwwwwwwwwwwww Wowwwwwwwwwwwwwwww Wowwwwwwwwwwwwwwww Wowwwwwwwwwwwwwwww Wowwwwwwwwwwwwwwww Wowwwwwwwwwwwwwwww Wowwwwwwwwwwwwwwww Wowwwwwwwwwwwwwwww Wowwwwwwwwwwwwwwww Wowwwwwwwwwwwwwwww Wowwwwwwwwwwwwwwww Wowwwwwwwwwwwwwwww Wowwwwwwwwwwwwwwww Wowwwwwwwwwwwwwwww Wowwwwwwwwwwwwwwww Wowwwwwwwwwwwwwwww Wowwwwwwwwwwwwwwww Wowwwwwwwwwwwwwwww Wowwwwwwwwwwwwwwww Wowwwwwwwwwwwwwwww Wowwwwwwwwwwwwwwww Wowwwwwwwwwwwwwwww Wowwwwwwwwwwwwwwww Wowwwwwwwwwwwwwwww Wowwwwwwwwwwwwwwww Wowwwwwwwwwwwwwwww Wowwwwwwwwwwwwwwww Wowwwwwwwwwwwwwwww Wowwwwwwwwwwwwwwww Wowwwwwwwwwwwwwwww Wowwwwwwwwwwwwwwww Wowwwwwwwwwwwwwwww Wowwwwwwwwwwwwwwww Wowwwwwwwwwwwwwwww Wowwwwwwwwwwwwwwww Wowwwwwwwwwwwwwwww Wowwwwwwwwwwwwwwww Wowwwwwwwwwwwwwwww Wowwwwwwwwwwwwwwww Wowwwwwwwwwwwwwwww Wowwwwwwwwwwwwwwww  Wowwwwwwwwwwwwwwww Wowwwwwwwwwwwwwwww Wowwwwwwwwwwwwwwww Wowwwwwwwwwwwwwwww Wowwwwwwwwwwwwwwww Wowwwwwwwwwwwwwwww Wowwwwwwwwwwwwwwww Wowwwwwwwwwwwwwwww Wowwwwwwwwwwwwwwww Wowwwwwwwwwwwwwwww Wowwwwwwwwwwwwwwww Wowwwwwwwwwwwwwwww Wowwwwwwwwwwwwwwww Wowwwwwwwwwwwwwwww Wowwwwwwwwwwwwwwww Wowwwwwwwwwwwwwwww Wowwwwwwwwwwwwwwww Wowwwwwwwwwwwwwwww Wowwwwwwwwwwwwwwww Wowwwwwwwwwwwwwwww Wowwwwwwwwwwwwwwww Wowwwwwwwwwwwwwwww Wowwwwwwwwwwwwwwww Wowwwwwwwwwwwwwwww Wowwwwwwwwwwwwwwww Wowwwwwwwwwwwwwwww Wowwwwwwwwwwwwwwww Wowwwwwwwwwwwwwwww Wowwwwwwwwwwwwwwww Wowwwwwwwwwwwwwwww Wowwwwwwwwwwwwwwww,1,0,1621766023.0,neosatus,False,positive,neutral,neutral,neutral
gz5co4s,Nice!,1,0,1621766122.0,dupdupdup3,False,positive,positive,positive,positive
gz5cwku,Nice,1,0,1621766346.0,chanderjeet,False,positive,positive,positive,positive
gz5d94j,I see no problem here,1,0,1621766681.0,,False,neutral,neutral,positive,neutral
gz5da4p,Purchase link. Nice,1,0,1621766708.0,boiii_danny,False,positive,positive,positive,positive
gz5db1b,"Like Borat said - Nice, how much?",1,0,1621766732.0,clearlogic,False,positive,neutral,positive,positive
gz5df5m,Nice,1,0,1621766843.0,heraldsofdoom,False,positive,positive,positive,positive
gz5dxdl,wow..nice!,1,0,1621767322.0,bangarwaa,False,positive,positive,positive,positive
gz5e9lc,"AMATEUR. NFT this is way better scam, I mean scan.",1,0,1621767638.0,,False,neutral,neutral,neutral,neutral
gz5f6q4,Nice,1,0,1621768483.0,mthrfkr_jones,False,positive,positive,positive,positive
gz5fbta,I am waiting for the sequel now..,1,0,1621768613.0,yajivb,False,neutral,neutral,neutral,neutral
gz5ff0h,Nice,1,0,1621768692.0,ComfortableFox3,False,positive,positive,positive,positive
gz5fpqf,nice,1,0,1621768952.0,Calm-Ride-4428,False,positive,positive,positive,positive
gz5fte0,Nice!,1,0,1621769042.0,cerberezz,False,positive,positive,positive,positive
gz5fxms,Nice,1,0,1621769145.0,ami_dwivedi,False,positive,positive,positive,positive
gz5fxyv,Nice,1,0,1621769152.0,oddacademy,False,positive,positive,positive,positive
gz5fzfx,Nice,1,0,1621769187.0,Pheronia,False,positive,positive,positive,positive
gz5giu3,👌🏽,1,0,1621769644.0,,False,positive,neutral,neutral,neutral
gz5gwjn,"French people from NICE will buy. 
Also rival football fans of OGC NICE will buy to wipe their assess... Sell the book to Saint Etienne fans lmao",1,0,1621769959.0,Moss_Z,False,neutral,neutral,neutral,neutral
gz5hdkj,Nice,1,0,1621770344.0,ashu_rai,False,positive,positive,positive,positive
gz5hj8q,this book is nice,1,0,1621770471.0,divyad,False,positive,positive,positive,positive
gz5hk4t,Nice,1,0,1621770491.0,mandy1732,False,positive,positive,positive,positive
gz5hmtn,LOL same!,1,0,1621770551.0,RoscoMan1,False,positive,positive,neutral,positive
gz5huji,"Hey OP what's your next sequel for your book? ""ALL IS WELL"" ?",1,0,1621770719.0,,False,neutral,neutral,positive,neutral
gz5i4hk,It better have 420 pages!,1,0,1621770943.0,kartikgsniderj,False,positive,neutral,positive,positive
gz5ifz2,Nooice!,1,0,1621771198.0,pacificf,False,positive,negative,negative,negative
gz5ioon,That’s Nice.,1,0,1621771385.0,dwightsrus,False,positive,positive,positive,positive
gz5ipg8,nice,1,0,1621771401.0,INFO_MINE5,False,positive,positive,positive,positive
gz5it4h,Nice. Let us know how many ₹69 you earned out of it,1,0,1621771480.0,spitseeds,False,positive,neutral,positive,positive
gz5j1nu,very nice,1,0,1621771662.0,CharmingCaterpillar,False,positive,positive,positive,positive
gz5j3qe,"Damn OP getting rich of this Thread

What is the currency shown in the Pic?",1,0,1621771706.0,Leo-bastian,False,negative,negative,negative,negative
gz5jor4,Nice,1,0,1621772153.0,i_Killed_Reddit,False,positive,positive,positive,positive
gz5jvq1,"dont do that, dont give ppl the trust issue for the first time writers who starts from kindle or amazon",1,0,1621772301.0,prof_devilsadvocate,False,negative,negative,negative,negative
gz5jymc,Congratulations. You’re now a published author?,1,0,1621772362.0,frislander,False,positive,positive,positive,positive
gz5k9p9,Nice,1,0,1621772589.0,existentialdrama,False,positive,positive,positive,positive
gz5ku9y,nice one!,1,0,1621773006.0,Basic-Climate-5409,False,positive,positive,positive,positive
gz5l4hc,Noice ! 🤩,1,0,1621773204.0,samthegreat18,False,positive,negative,neutral,neutral
gz5l944,I could do a german translation!,1,0,1621773293.0,theSlashyy,False,neutral,neutral,positive,neutral
gz5lg7l,NICE!,1,0,1621773428.0,nish007,False,positive,positive,positive,positive
gz5lrjy,Reddit moment,1,0,1621773642.0,XXXAyyLMAO42069,False,neutral,neutral,negative,neutral
gz5m0d3,Noice,1,0,1621773807.0,Sonotme404,False,neutral,neutral,negative,neutral
gz5m7be,NOICE,1,0,1621773934.0,KingArcaeus,False,neutral,neutral,negative,neutral
gz5m9pk,NICE!,1,0,1621773979.0,EmbarrassedTaste7745,False,positive,positive,positive,positive
gz5mmt4,NICE,1,0,1621774217.0,Sakata_75,False,positive,positive,positive,positive
gz5mua1,Nice,1,0,1621774352.0,snoopysikh,False,positive,positive,positive,positive
gz5mvho,r/madlads,1,0,1621774374.0,ImWaitingForARetcon,False,neutral,neutral,neutral,neutral
gz5n5ns,Nice,1,0,1621774551.0,IshuSingh999,False,positive,positive,positive,positive
gz5nbr0,Nice!,1,0,1621774658.0,Sindhbadh,False,positive,positive,positive,positive
gz5nirh,Very Nice,1,0,1621774780.0,ThatawesomeGuy52,False,positive,positive,positive,positive
gz5nrrn,Nice,1,0,1621774935.0,Sensitive_Camera2368,False,positive,positive,positive,positive
gz5o4ed,Under book details when I followed the link it says it's only 31 pages though?,1,0,1621775156.0,saltymilkmelee,False,neutral,neutral,neutral,neutral
gz5ohnf,r/madlads,1,0,1621775389.0,Sarfraz29,False,neutral,neutral,neutral,neutral
gz5pmdj,Nice!,1,0,1621776101.0,yeeetchildren,False,positive,positive,positive,positive
gz5qrrb,Nice,1,0,1621776802.0,Tsuchine,False,positive,positive,positive,positive
gz5r3d3,"Nice!!!!, might order 420 copies of it",1,0,1621776995.0,faizhalde,False,positive,positive,positive,positive
gz5r3y2,NICE !!!,1,0,1621777005.0,lazezeb,False,positive,positive,positive,positive
gz5r9vi,Nice.,1,0,1621777104.0,godkiller9876,False,positive,positive,positive,positive
gz5sgi1,Noice!,1,0,1621777750.0,zindegi-migzara,False,neutral,neutral,neutral,neutral
gz5sp5y,Nice,1,0,1621777877.0,jaabathebutt,False,positive,positive,positive,positive
gz5uhcj,Nice.,1,0,1621778828.0,obscure-reality,False,positive,positive,positive,positive
gz5vcz1,I just bought 420 copies,1,0,1621779299.0,Toy_Cop,False,neutral,neutral,neutral,neutral
gz5wwvf,nice-ly done,1,0,1621780124.0,ProcrastiNut,False,positive,positive,positive,positive
gz5xft9,r/redditmoment,1,0,1621780402.0,g3jin,False,neutral,neutral,negative,neutral
gz5yiq3,"Review : 

⭐⭐⭐⭐

Nice book!",1,0,1621780962.0,mac2660,False,positive,positive,positive,positive
gz5ytb4,I don't see it!,1,0,1621781107.0,iamironspam,False,neutral,negative,neutral,neutral
gz5ytrv,"Bruh


Nice",1,0,1621781114.0,,False,neutral,positive,positive,positive
gz5zhge,Might have sold some for $4.20,1,0,1621781445.0,PlasmaWhore,False,neutral,neutral,neutral,neutral
gz5zlqv,Nice,1,0,1621781503.0,pshomie,False,positive,positive,positive,positive
gz6010p,Nice,1,0,1621781716.0,necafiy,False,positive,positive,positive,positive
gz60c4l,Are there 420 Nice per page ?,1,0,1621781873.0,RC08,False,neutral,neutral,positive,neutral
gz60dla,Make a series. Nicer. Even more nice. Nicest... So on.,1,0,1621781893.0,SJohn1998,False,positive,positive,positive,positive
gz60fdf,cant find it on amazon. anyone got the link? the deal is nice.,1,0,1621781918.0,notpatientenough,False,positive,positive,positive,positive
gz61277,Nice,1,0,1621782236.0,was_sup,False,positive,positive,positive,positive
gz61vwt,Nice.,1,0,1621782646.0,geedhora,False,positive,positive,positive,positive
gz62cyf,69 pages? Nice 👍,1,0,1621782879.0,Mrfuzzyslippers,False,positive,positive,positive,positive
gz62wgx,"Can you give some insight on how to publish the book on Amazon, etc?",1,0,1621783135.0,novus_sanguis,False,neutral,neutral,neutral,neutral
gz6327q,https://i.kym-cdn.com/photos/images/newsfeed/000/967/315/179.jpg,1,0,1621783211.0,short_of_good_length,False,neutral,neutral,neutral,neutral
gz632cc,Sweet!,1,0,1621783213.0,InevertypeslashS,False,positive,positive,positive,positive
gz64c4e,That's nice.,1,0,1621783815.0,Monseigneur_Bulldops,False,positive,positive,positive,positive
gz657sx,"Nice, ye bhi sahi hai",1,0,1621784224.0,irahulvarma,False,positive,positive,positive,positive
gz65z5o,Honestly curious how much you’ve made out of this masterpiece.,1,0,1621784572.0,EaterofSoulz,False,positive,neutral,positive,positive
gz66daa,Absolute legend,1,0,1621784753.0,veryhappybanana,False,positive,positive,positive,positive
gz66lsz,Hahaha..this is nice.,1,0,1621784862.0,dostyoevsky10,False,positive,positive,positive,positive
gz66slv,Nice,1,0,1621784948.0,coolestbat,False,positive,positive,positive,positive
gz67i3x,Read the entire book. A contemporary masterpiece!,1,0,1621785263.0,,False,positive,positive,positive,positive
gz67oo4,Post this on r/madlads or I shall restict your vocabulary to one word: nice.,1,0,1621785343.0,Desi_Otaku,False,neutral,neutral,positive,neutral
gz68jb0,Carisma 0,1,0,1621785738.0,EliteEngineer_,False,neutral,neutral,neutral,neutral
gz69tbx,Noice 👍🏻,1,0,1621786329.0,First_Ad_6837,False,positive,neutral,neutral,neutral
gz6a6jc,NICE!!!,1,0,1621786497.0,musterkin,False,positive,positive,positive,positive
gz6a7fw,Ahh nice one.,1,0,1621786509.0,ronnie_dickering,False,positive,positive,positive,positive
gz6ajdz,Nice,1,0,1621786660.0,the100rabh,False,positive,positive,positive,positive
gz6aoti,This is very tight butthole.,1,0,1621786729.0,lassy-boi,False,negative,negative,negative,negative
gz6ax0g,Nice,1,0,1621786832.0,ApartmentContent8301,False,positive,positive,positive,positive
gz6cziq,Joseph Joestar,1,0,1621787786.0,,False,neutral,neutral,neutral,neutral
gz6d58n,Nice!,1,0,1621787858.0,FUThead2016,False,positive,positive,positive,positive
gz6dyzc,Nice,1,0,1621788231.0,Yogurt-Night,False,positive,positive,positive,positive
gz6e01v,Fucking madlad lol.,1,0,1621788245.0,Dankmonseiur69,False,negative,negative,negative,negative
gz6e6wt,"I read it at 6.9k Upvotes, NICE!",1,0,1621788327.0,hardrockSaurabh,False,positive,positive,positive,positive
gz6ebdg,"Nice, couldn't be anymore nicer.",1,0,1621788380.0,Notty_PriNcE,False,positive,positive,positive,positive
gz6f6z4,NICE,1,0,1621788774.0,peeceoshiz,False,positive,positive,positive,positive
gz6glq9,Nice.,1,0,1621789388.0,PradeepVMP,False,positive,positive,positive,positive
gz6ktzr,Available now on Amazon Swindle,1,0,1621791341.0,kinky666hallo,False,neutral,neutral,negative,neutral
gz6laax,Nice,1,0,1621791555.0,uprobablydontknow,False,positive,positive,positive,positive
gz6lcg8,[deleted],1,0,1621791583.0,,False,neutral,neutral,negative,neutral
gz6mryi,Nice!,1,0,1621792254.0,moosetales,False,positive,positive,positive,positive
gz6mu5o,Nice.,1,0,1621792283.0,,False,positive,positive,positive,positive
gz6n0f6,Should have made it say Nice 69 times on each page as well. Or did you already do that cause I really don’t want to try counting all the Nice.,1,0,1621792366.0,UnrstledJimmies,False,negative,negative,positive,negative
gz6o91v,You are so nice.,1,0,1621792954.0,,False,positive,positive,positive,positive
gz6ovk6,nice,1,0,1621793249.0,,False,positive,positive,positive,positive
gz6p2wc,Nice,1,0,1621793345.0,PhilosophersGuild,False,positive,positive,positive,positive
gz6u2r3,Noice,1,0,1621795716.0,Delicious-Dinner1034,False,neutral,neutral,negative,neutral
gz6y8iu,"Duuude!! i literally found a video couple a years ago where a guy got Amazon's BEST SELLER with BLANK book. WTF!""""!
https://youtu.be/WxZvEK9k4s0",1,0,1621797706.0,DumplingSama,False,negative,negative,negative,negative
gz6yz8q,Nice,1,0,1621798045.0,jatinseh3awat,False,positive,positive,positive,positive
gz6z2mn,all the 5 star ratings coming through,1,0,1621798090.0,PerspectiveTypical55,False,neutral,neutral,neutral,neutral
gz70bj1,"Lol. And the price is also niceeeee. ""69""",1,0,1621798689.0,whats_you_doing,False,positive,positive,positive,positive
gz70shk,Nice. Can't wait to read all the Nice is all of the Nice number of  Pages.,1,0,1621798914.0,,False,positive,positive,positive,positive
gz75rar,"Guys I just found a really nice book you gotta read it!
Is it really that good?
Oh its Nice indeed!",1,0,1621801286.0,cmon-bruh123,False,positive,positive,positive,positive
gz7fsga,Nice!,1,0,1621806059.0,moonstercookie,False,positive,positive,positive,positive
gz86zeu,Noice! Oh wait it’s just Nice.,1,0,1621820533.0,iwidiwin,False,positive,positive,positive,positive
gz880ro,Nice,1,0,1621821108.0,killshort13,False,positive,positive,positive,positive
gz8ftjz,Nice..,1,0,1621825643.0,awful_nobody,False,positive,positive,positive,positive
gz8gvcm,"Yooo wtf 
Realy?",1,0,1621826312.0,Thuglifegammer,False,negative,negative,neutral,negative
gz8hxow,Nice!,1,0,1621826978.0,Majestic_Ad5631,False,positive,positive,positive,positive
gz8jbpu,Nice,1,0,1621827871.0,mreddappa,False,positive,positive,positive,positive
gz8jnjq,Nice,1,0,1621828087.0,,False,positive,positive,positive,positive
gz8jz92,Yeah! Nice one,1,0,1621828296.0,,False,positive,positive,positive,positive
gz8lpmg,Nice,1,0,1621829439.0,FookinDiabolical,False,positive,positive,positive,positive
gz8okgo,Nice,1,0,1621831450.0,AshKira73,False,positive,positive,positive,positive
gz8ub3d,Business is booming.,1,0,1621836087.0,covfefedistributor,False,positive,positive,positive,positive
gz8vi07,nice,1,0,1621837110.0,whoomeye,False,positive,positive,positive,positive
gz90d4d,Damn boi this is the only time people didn't hate the spoilers lol,1,0,1621841541.0,Venom-V,False,negative,neutral,neutral,neutral
gz93wog,Madlad,1,0,1621844940.0,,False,neutral,neutral,neutral,neutral
gz9ez7o,"I'm planning to write a similar composition called Not Nice, along similar storyline... !",1,0,1621855112.0,RaptorXcal,False,neutral,neutral,negative,neutral
gza34ck,Awesome!!,1,0,1621868854.0,Azqaadesigns,False,positive,positive,positive,positive
gzahrnb,nice👌👌,1,0,1621875406.0,No_Initiative5379,False,positive,positive,neutral,positive
gzq5b74,[removed],1,0,1622178745.0,,False,neutral,neutral,negative,neutral
gzqduff,Nice,1,0,1622185220.0,KyokaJiro2,False,positive,positive,positive,positive
h0695wi,This looks like such a *nice* book.,1,0,1622537377.0,Honest-Statement-249,False,positive,positive,positive,positive
h0c1qws,Nice book,1,0,1622653480.0,CptShivanshu,False,positive,positive,positive,positive
h0sw1xx,Nice!,1,0,1622992580.0,Puzzleheaded-Drama40,False,positive,positive,positive,positive
h20nzc7,Nice,1,0,1623879904.0,prakitmasala,False,positive,positive,positive,positive
h2ilba4,"Ok but am I the only one who is going to come out and say this book is everything that is wrong with self publishing. There is no message, no effort, nothing and yet this is doing better than most indie authors out there that don't sell any more than five books.😔",1,0,1624262411.0,,False,negative,negative,negative,negative
gz4xsnl,NICE!,160,1,1621751737.0,ShinigamiAM,False,positive,positive,positive,positive
gz5g6e7,Noice,-3,1,1621769350.0,,False,neutral,neutral,negative,neutral
gz56qq2,Nice,109,1,1621760315.0,4-20BlazeItMan,False,positive,positive,positive,positive
gz5al9g,the people who bought it and went on to write reviews -> r/madlads,19,1,1621764121.0,Wise-Category1,False,negative,neutral,neutral,neutral
gz54ag0,[deleted],13,1,1621757898.0,,False,neutral,neutral,negative,neutral
gz5tlte,Mosquito.,2,1,1621778367.0,,False,neutral,negative,negative,negative
gz6htto,You beat me by about 10 hours but this was my first reaction tbh. 😂 what a fucking madras.,2,1,1621789960.0,mathakoot,False,negative,negative,negative,negative
gz5cqeg,Nice,13,1,1621766181.0,dupdupdup3,False,positive,positive,positive,positive
gz59dxo,NICE,9,1,1621762943.0,FromGermany_DE,False,positive,positive,positive,positive
gz5oy50,"yes, I reviewed it too! and j liked it so much that I review it 420/69",1,1,1621775684.0,GamingGladi,False,positive,positive,positive,positive
gz6b8u6,NICE!,1,1,1621786983.0,,False,positive,positive,positive,positive
gz4wxae,[deleted],113,1,1621750960.0,,False,neutral,neutral,negative,neutral
gz52vw1,NICE,6,1,1621756519.0,-JudeanPeoplesFront-,False,positive,positive,positive,positive
gz57j6y,NICE,1,1,1621761091.0,Casper-2223,False,positive,positive,positive,positive
gz4xtds,Indeed,30,1,1621751755.0,ShinigamiAM,False,positive,neutral,neutral,neutral
gz5bnz3,And this is how a meme is born... Nice!!!,1,1,1621765157.0,UserSM,False,positive,positive,positive,positive
gz4zuad,Can you name a few that fits ? I tried on r/memes but I'm low on Karma apparently,63,1,1621753642.0,ShinigamiAM,False,neutral,neutral,negative,neutral
gz59q1l,r/books,1,1,1621763275.0,Super--sunday,False,neutral,neutral,negative,neutral
gz4sxb7,NICE!!!!,49,1,1621747619.0,A_random_zy,False,positive,positive,positive,positive
gz50km2,Nice,13,1,1621754335.0,Blitzkrieg_shanta,False,positive,positive,positive,positive
gz53poh,Nice,2,1,1621757323.0,jonfreakinsnow,False,positive,positive,positive,positive
gz5ef5r,good one. i appreciate it,3,1,1621767781.0,alkish,False,positive,positive,positive,positive
gz538ic,Starring Keanu Reeves,40,1,1621756859.0,vpsj,False,neutral,neutral,neutral,neutral
gz5cqs9,Nice,1,1,1621766192.0,dupdupdup3,False,positive,positive,positive,positive
gz5ibaq,Eh I’ll wait for the 69 episode tv-series reboot.,1,1,1621771094.0,reddit_is_my_work,False,neutral,neutral,neutral,neutral
gz5n419,"Oh it has, many many times",1,1,1621774523.0,SuperSMT,False,positive,neutral,neutral,neutral
gz6qbb1,Hope it has sequels,1,1,1621793939.0,hiteshchoudhary183,False,positive,positive,positive,positive
gz52jll,2 more likes!,13,1,1621756191.0,ToughObjective8252,False,neutral,neutral,positive,neutral
gz5xgq8,N I C E,1,1,1621780416.0,bikwho,False,neutral,neutral,neutral,neutral
gz53h17,[deleted],12,1,1621757091.0,,False,neutral,neutral,negative,neutral
gz5aqby,You are being so **Nice**,6,1,1621764257.0,ChowGamer123,False,positive,positive,positive,positive
gz5cuqe,>!Nice!<,4,1,1621766296.0,dupdupdup3,False,positive,positive,positive,positive
gz6s6li,Thanks for using the spoiler tags. I don't want to get spoiled with the Nice details.,1,1,1621794835.0,thecrazyhuman,False,negative,negative,positive,negative
gzdikds,https://i.imgur.com/OXZCGJh.png,1,1,1621937335.0,Josh_Crook,False,neutral,neutral,neutral,neutral
gz7pqpx,I had to scroll through way too many r/redditmoment level comments to find this one,2,1,1621811036.0,FlatPaprika,False,negative,neutral,neutral,neutral
gz56kn7,"I am imagining a scenario where you are sitting on a bench in airport reading this book. A nice lady comes and seats besides you and asks ""What are you reading?"" And you handover this book to her.",15,1,1621760147.0,random_____name,False,neutral,neutral,positive,neutral
gz5cu5k,Nice,2,1,1621766281.0,dupdupdup3,False,positive,positive,positive,positive
gz4xeka,"69? Nice. 

I am a bot lol.",21,1,1621751389.0,Generic_Reddit_Bot,False,positive,positive,positive,positive
gz6mjus,This is obviously just a blatant attempt at advertising an expensive book so people on reddit will buy it,2,1,1621792149.0,VVIredditor,False,negative,negative,negative,negative
gz4t2yu,"Naah I think 'Nice' suits better cuz 69 :) and I did it as a joke, who knew Amazon would actually approve it XD",32,1,1621747744.0,ShinigamiAM,False,positive,positive,positive,positive
gz50cnd,"""nice"" nice times indeed",3,1,1621754124.0,ShinigamiAM,False,positive,positive,positive,positive
gz5asmp,NOICE!!!,3,1,1621764315.0,ChowGamer123,False,positive,positive,neutral,positive
gz50mc8,Pretty nice,4,1,1621754379.0,ShinigamiAM,1621883686.0,positive,positive,positive,positive
gz55lfu,"69? Nice. 

I am a bot lol.",1,1,1621759185.0,Generic_Reddit_Bot,False,positive,positive,positive,positive
gz5087f,"[here's](https://www.amazon.in/dp/B095LVQ6YC) the link, apparently it takes 2-3 days to show up in the searches.",10,1,1621754007.0,ShinigamiAM,False,neutral,neutral,neutral,neutral
gz5at47,Noice,2,1,1621764328.0,ChowGamer123,False,neutral,neutral,negative,neutral
gz54p90,Auto generated by Amazon,4,1,1621758303.0,ShinigamiAM,False,neutral,neutral,neutral,neutral
gz5yeb0,:D,2,1,1621780900.0,comfort_bot_1962,False,positive,positive,neutral,positive
gz552ci,:D,1,1,1621758661.0,comfort_bot_1962,False,positive,positive,neutral,positive
gz619ow,:D,1,1,1621782339.0,comfort_bot_1962,False,positive,positive,neutral,positive
gz54pwi,Hope you have a Nice time reading,2,1,1621758320.0,ShinigamiAM,False,positive,positive,positive,positive
gz5n72x,Nice username.,1,1,1621774577.0,sonaldas110,False,positive,positive,positive,positive
gz68p3p,Nice,2,1,1621785813.0,The_Useless_IT_Guy,False,positive,positive,positive,positive
gz5p1be,this whole thread is r/redditmoment material,3,1,1621775739.0,gastro_destiny,False,negative,neutral,negative,negative
gz50xd0,Use [Kindle Direct Publishing](https://kdp.amazon.com). You can write own books and publish across all Amazon sites. Use [help center ](https://kdp.amazon.com/en_US/help/topic/G200634280) to know more about publishing books.,10,1,1621754669.0,xelnagatower,1621754929.0,neutral,neutral,neutral,neutral
gz51fep,Kaafi faila hua business hai :),6,1,1621755149.0,ShinigamiAM,False,neutral,neutral,negative,neutral
gz612q7,"It is available in 14 countries and I'm pretty sure I've made it available for the UK. Don't know why it's not showing up, [try](https://www.amazon.co.uk/dp/B095LVQ6YC) this link maybe",2,1,1621782243.0,ShinigamiAM,False,neutral,neutral,neutral,neutral
gz5c2wn,Bruh cool down with the spoilers mate.,2,1,1621765555.0,Dex_Lionhart,False,negative,neutral,neutral,neutral
gz4zvod,You'll learn Nice things for sure. Happy learning!!,3,1,1621753678.0,ShinigamiAM,False,positive,positive,positive,positive
gz51maj,"True, Amazon took around 48 to review my book, don't know what actually they reviewed XD. They're takin 30% of the profit, that's all what matters to them

Edit : it's 70% not 30",4,1,1621755327.0,ShinigamiAM,1622015182.0,neutral,neutral,neutral,neutral
gz52itq,"I wanted to check it out for myself, and he got inspired by one of his friends as well. So I don't see anything wrong here. Nice things only",-7,1,1621756172.0,ShinigamiAM,False,positive,positive,positive,positive
gz51vyw,"LOL that's the top result innit, it's high time we defeat them",2,1,1621755576.0,ShinigamiAM,False,positive,positive,neutral,positive
gz52lmh,That's definitely the target,1,1,1621756243.0,ShinigamiAM,False,neutral,neutral,positive,neutral
gz5242g,"69? Nice. 

I am a bot lol.",1,1,1621755785.0,Generic_Reddit_Bot,False,positive,positive,positive,positive
gz5264x,"69? Nice. 

I am a bot lol.",1,1,1621755838.0,Generic_Reddit_Bot,False,positive,positive,positive,positive
gz53pa2,"69? Nice. 

I am a bot lol.",1,1,1621757312.0,Generic_Reddit_Bot,False,positive,positive,positive,positive
gz6jayt,"But to be fair, if they didn't approve it, then it would be censorship.",1,1,1621790643.0,WhatsTheBigDeal,False,neutral,neutral,neutral,neutral
gz58uyk,"Thank you nice sir, nice meeting you as well",1,1,1621762410.0,ShinigamiAM,False,positive,positive,positive,positive
gz59mbd,:D,1,1,1621763173.0,comfort_bot_1962,False,positive,positive,neutral,positive
gz5yec1,:D,1,1,1621780900.0,comfort_bot_1962,False,positive,positive,neutral,positive
gz619pr,:D,1,1,1621782340.0,comfort_bot_1962,False,positive,positive,neutral,positive
gz5b3bl,Lmao 😂 don't forget to leave a nice review,2,1,1621764602.0,ShinigamiAM,False,positive,positive,positive,positive
gz5fpa5,LOL that would be funny. Let me see what I can do xd,1,1,1621768940.0,ShinigamiAM,False,positive,positive,positive,positive
gz5fogt,"69? Nice. 

I am a bot lol.",2,1,1621768921.0,Generic_Reddit_Bot,False,positive,positive,positive,positive
gz8vc3u,"I've applied for it, still under review by Amazon. Should be live on the site by tonight. It actually has 69 pages, 420nice on each page and a dimension of 6:9 (width:height of the book) XD",1,1,1621836967.0,ShinigamiAM,False,positive,neutral,neutral,neutral
gz5coqp,nice,1,1,1621766138.0,dupdupdup3,False,positive,positive,positive,positive
gz5oyjg,ahahah 69 keanu chungus amiriht guys ahaha nice brother updooted !!!,6,1,1621775691.0,gastro_destiny,False,positive,positive,neutral,positive
gz5mezw,"69? Nice. 

I am a bot lol.",0,1,1621774078.0,Generic_Reddit_Bot,False,positive,positive,positive,positive
gz54q6m,420 would be an apt bargain.,2,1,1621758328.0,cul-de-sac-is-sax,False,positive,positive,neutral,positive
gz5dv3f,"Lol just noticed the flair's changed to Nice! xd. I guess a moderator changed it, I had posted it under non-political",2,1,1621767261.0,ShinigamiAM,False,neutral,neutral,neutral,neutral
gz5b0gq,"Lmao people have started making fake ones as well XD. That ain't mine, here's the link to my one https://www.amazon.in/dp/B095LVQ6YC
Funny how the internet works.",2,1,1621764524.0,ShinigamiAM,False,negative,neutral,negative,negative
gz662ht,list ? you mean link ?,1,1,1621784615.0,ShinigamiAM,False,neutral,neutral,neutral,neutral
gz6kf6l,"Ahh sed, btw GBP's from which nation ? I've set different prices for different nations so as to make it all look funny (eg:- for euros, I've set it to €4.20)",1,1,1621791150.0,ShinigamiAM,False,neutral,neutral,positive,neutral
gz6wpba,">Amazon doesn’t actively sensor the books published on their platform and anyone can publish any kind of book.

And it's pretty easy and straight forward as well.

And as about my book, I did it as a joke. Had no idea it would blow up! Definitely don't want 100s of people to shitpublish books and hide the ones which are actually good.",1,1,1621796980.0,ShinigamiAM,False,neutral,neutral,positive,neutral
gz6xz6o,r/technicallythetruth,1,1,1621797592.0,ShinigamiAM,False,neutral,neutral,neutral,neutral
gz773cl,"I've applied for the paper back addition! It is currently under review, let's see what Amazon has to say. If everything goes well, the hardcopies should get available at the site within 30hrs or so.

Edit: also thanks for the 5 stars and review lol. Appreciate it",1,1,1621801919.0,ShinigamiAM,False,positive,positive,positive,positive
gz6vtpv,Haha thanks,1,1,1621796549.0,ShinigamiAM,False,positive,positive,positive,positive
gz53npi,"16107 with two ""NICE"" on front page. So 16109 nice in total :)",2,1,1621757270.0,ShinigamiAM,1621758260.0,positive,positive,positive,positive
gz53qt0,"69? Nice. 

I am a bot lol.",1,1,1621757354.0,Generic_Reddit_Bot,False,positive,positive,positive,positive
gz53s7y,"69? Nice. 

I am a bot lol.",1,1,1621757393.0,Generic_Reddit_Bot,False,positive,positive,positive,positive
gz561ei,Crazy!!! XD,1,1,1621759620.0,ShinigamiAM,False,positive,positive,negative,positive
gz55ucu,"It says 31, I dunno why( maybe bcz I've enabled flip pages and last few pages are paragraphs). But it is 69 pages if you actually download it",2,1,1621759427.0,ShinigamiAM,False,neutral,neutral,neutral,neutral
gz55l9k,"69? Nice. 

I am a bot lol.",1,1,1621759180.0,Generic_Reddit_Bot,False,positive,positive,positive,positive
gz56hxz,"Microsoft word lol. And publishing books, let it be e-book or paper back is pretty easy and straight forward.",1,1,1621760073.0,ShinigamiAM,False,positive,positive,positive,positive
gz58a35,LOl [here](https://www.amazon.com/dp/B095LVQ6YC),1,1,1621761825.0,ShinigamiAM,False,neutral,positive,neutral,neutral
gz5dauh,:D,1,1,1621766727.0,comfort_bot_1962,False,positive,positive,neutral,positive
gz5yedm,:D,1,1,1621780901.0,comfort_bot_1962,False,positive,positive,neutral,positive
gz619r2,:D,1,1,1621782340.0,comfort_bot_1962,False,positive,positive,neutral,positive
gz5ccye,"It's an e-book, how can it ever be out of stock XD. [here](https://www.amazon.in/dp/B095LVQ6YC), it is showing up just fine :)",2,1,1621765822.0,ShinigamiAM,False,positive,positive,positive,positive
gz5cny6,Now publish this lmao,1,1,1621766118.0,ShinigamiAM,False,negative,neutral,neutral,neutral
gz5dxhc,[Nice](https://www.amazon.in/dp/B095LVQ6YC),2,1,1621767324.0,ShinigamiAM,False,positive,positive,neutral,positive
gz5dw9y,69 ?,1,1,1621767293.0,ShinigamiAM,False,neutral,neutral,neutral,neutral
gz5p65p,"It is actually 69. I've replied to one of the top comment addressing why it shows 31, you can check that out..",1,1,1621775824.0,ShinigamiAM,False,neutral,neutral,neutral,neutral
gz6195l,"Amazon .com or .in ? If 'in', try out this [link](https://www.amazon.in/dp/B095LVQ6YC)",1,1,1621782332.0,ShinigamiAM,False,neutral,neutral,neutral,neutral
gz6ldpr,"69? Nice. 

I am a bot lol.",1,1,1621791600.0,Generic_Reddit_Bot,False,positive,positive,positive,positive
gz6n1kn,"69? Nice. 

I am a bot lol.",1,1,1621792382.0,Generic_Reddit_Bot,False,positive,positive,positive,positive
gzq5b9z,"Hi wepaygiftcard. It looks like your comment to /r/india was removed because you have been using a link shortener. Due to issues with spam and malware we do not allow shortened links on this subreddit. Feel free to re-submit using the full URL.

*I am a bot, and this action was performed automatically. Please [contact the moderators of this subreddit](/message/compose/?to=/r/india) if you have any questions or concerns.*",1,1,1622178747.0,AutoModerator,False,negative,neutral,negative,negative
gz6a7xh,[deleted],31,2,1621786515.0,,False,neutral,neutral,negative,neutral
gz59fxs,[removed],8,2,1621762998.0,,1621764149.0,neutral,neutral,negative,neutral
gz60zj2,Nice!,2,2,1621782200.0,crazykatana123,False,positive,positive,positive,positive
gz57ak3,Nice,53,2,1621760854.0,,False,positive,positive,positive,positive
gz54m9k,[deleted],16,2,1621758220.0,,1622478307.0,neutral,neutral,negative,neutral
gz56g6c,[deleted],1,2,1621760024.0,,False,neutral,neutral,negative,neutral
gz51joc,You can even 'look inside'. It is [nice indeed](https://i.imgur.com/pfGOtgy.jpg).,76,2,1621755261.0,indrex,False,positive,positive,positive,positive
gz54icn,Nice. It would have been even more *nice* if it had paperback edition,29,2,1621758111.0,Coder_Isis,False,positive,positive,positive,positive
gz564pi,[deleted],27,2,1621759710.0,,False,neutral,neutral,negative,neutral
gz51ub5,This isn’t fit for meme subreddits but definitely some like r/madlad or r/nice,94,2,1621755532.0,,False,negative,neutral,negative,negative
gz5230y,r/madlads,10,2,1621755758.0,TheDankPotatoRises,False,neutral,neutral,neutral,neutral
gz5al7d,"I would try and be cheeky and post it to /r/nextfuckinglevel 😂

I wonder how /r/books mods would feel about it. You should also try and do an AMA and a TIL a few years later. The possibilities are endless hahah",11,2,1621764119.0,kash_if,False,positive,neutral,positive,positive
gz50m20,"r/funny

r/dankmemes",11,2,1621754372.0,TrueSaiyanGod,False,neutral,positive,negative,neutral
gz53eby,r/indiameme,-2,2,1621757019.0,,False,neutral,neutral,neutral,neutral
gz5i5st,"r/nice, r/mildlyinteresting",1,2,1621770972.0,Little_Setting,False,neutral,positive,positive,positive
gz6grg9,Try /r/redditmoment or /r/EveryFuckingThread,1,2,1621789462.0,Harambeaintdeadyet,False,negative,negative,neutral,negative
gz9kcuj,/r/firstworldanarchists,1,2,1621859047.0,makes_mistakes,False,neutral,neutral,neutral,neutral
gz524kr,Nice,6,2,1621755798.0,yimlo322,False,positive,positive,positive,positive
gz558bs,https://youtu.be/esw-gH5W_i0,1,2,1621758826.0,Johny_Silver_Hand,False,neutral,neutral,neutral,neutral
gz55wz3,NICE!!,16,2,1621759499.0,lionforce93,False,positive,positive,positive,positive
gz56ixg,Someone stole Keanu’s nice book. Oh shit!!,8,2,1621760100.0,ronmagic1,False,negative,negative,negative,negative
gz5ibxr,"69? Nice. 

I am a bot lol.",1,2,1621771109.0,Generic_Reddit_Bot,False,positive,positive,positive,positive
gz55yzr,NOT NICE! EDIT: STILL NICE!,9,2,1621759554.0,lionforce93,1621759775.0,negative,negative,neutral,negative
gz572qh,"damn, you can release a revised edition",6,2,1621760646.0,gorangutan96,False,neutral,neutral,neutral,neutral
gz5cr9v,Nice,1,2,1621766205.0,dupdupdup3,False,positive,positive,positive,positive
gz5bvqq,Thank you! So nice of you.,3,2,1621765364.0,ProfessionalMix9129,False,positive,positive,positive,positive
gz8luab,You are welcome my nice friend.,1,2,1621829526.0,ProfessionalMix9129,False,positive,positive,positive,positive
gzdkokt,Nice!,1,2,1621939161.0,ProfessionalMix9129,False,positive,positive,positive,positive
gz5aruz,Nice 👍,2,2,1621764296.0,ChowGamer123,False,positive,positive,positive,positive
gzb448c,[deleted],1,2,1621884974.0,,False,neutral,neutral,negative,neutral
gz4t3og,"69? Nice. 

I am a bot lol.",23,2,1621747759.0,Generic_Reddit_Bot,False,positive,positive,positive,positive
gz4w6v7,Congratulations on a secondary income source! I wonder what are you gonna tell your kids!😄,6,2,1621750320.0,adamya_tripathi,False,positive,positive,positive,positive
gz50s99,"I found the book from the other comment. Thanks. 

# NICE WORK.",6,2,1621754531.0,,False,positive,positive,positive,positive
gz605z0,And how does this not violate rule 1? The only thing related to India is that (amazon).in.,4,2,1621781785.0,AyushPRS,False,negative,neutral,negative,negative
gz51roz,"Yep, pretty straight forward actually",3,2,1621755464.0,ShinigamiAM,False,positive,neutral,positive,positive
gz61lyh,"It worked, thanks a lot!",2,2,1621782507.0,ash_aranha,False,positive,positive,positive,positive
gz5grmp,Bruh spoiling is my passion.,1,2,1621769845.0,,False,positive,positive,negative,positive
gz56ndd,"By 30% profit, do you mean 30% of 69?",1,2,1621760221.0,random_____name,False,neutral,neutral,positive,neutral
gz52syj,"It's just that I don't understand your motive of fun here , nothing wrong.",4,2,1621756440.0,uniqutsv,False,negative,negative,positive,negative
gz52ira,Hell ya!! Lol,2,2,1621756170.0,snairgit,False,positive,positive,neutral,positive
gz5b4sv,Sure give me the link,2,2,1621764643.0,nvmnavi,False,neutral,neutral,neutral,neutral
gz8vcpn,"69? Nice. 

I am a bot lol.",1,2,1621836982.0,Generic_Reddit_Bot,False,positive,positive,positive,positive
gz5ozci,"69? Nice. 

I am a bot lol.",1,2,1621775705.0,Generic_Reddit_Bot,False,positive,positive,positive,positive
gz6663c,"My Autocorrect: 
Me: 'Nice'
(Yes Link)",2,2,1621784662.0,lazymetalhead,False,neutral,neutral,positive,neutral
gz6lxzx,The UK (Great British Pounds). I only seen it in your currency and converted it. Did you set it to 69p for us in the UK?,1,2,1621791865.0,RainbowAssFucker,False,neutral,neutral,positive,neutral
gz80rcm,Thanks for taking my criticism with the right spirit. Something is a rare commodity nowadays. Keep it up. You seem like a chill fella.,1,2,1621817109.0,,False,positive,positive,positive,positive
gz53u9n,Naughty bot!,1,2,1621757450.0,happydevil1,False,neutral,neutral,positive,neutral
gz54i5c,69,1,2,1621758105.0,happydevil1,False,neutral,neutral,neutral,neutral
gz55uxi,"69? Nice. 

I am a bot lol.",1,2,1621759442.0,Generic_Reddit_Bot,False,positive,positive,positive,positive
gz58cp4,Thanks for the info.,1,2,1621761897.0,into_void,False,positive,positive,positive,positive
gz5cf2s,"Oh acha, never bought e-book ever. So .haha thanks",1,2,1621765879.0,Ravinepz,False,neutral,neutral,positive,neutral
gz5p74g,"69? Nice. 

I am a bot lol.",1,2,1621775841.0,Generic_Reddit_Bot,False,positive,positive,positive,positive
gz5proz,I missed it somehow. My b,1,2,1621776192.0,saltymilkmelee,False,negative,negative,negative,negative
gz6a94f,"69? Nice. 

I am a bot lol.",15,3,1621786530.0,Generic_Reddit_Bot,False,positive,positive,positive,positive
gz5alem,Ce!,5,3,1621764125.0,sushant2thakran,False,neutral,neutral,neutral,neutral
gz5a2p2,Mice! Am i doing it correctly?,2,3,1621763618.0,hmuna,False,neutral,neutral,neutral,neutral
gz59mgp,Nice,38,3,1621763177.0,,False,positive,positive,positive,positive
gz54mrv,"69? Nice. 

I am a bot lol.",10,3,1621758235.0,Generic_Reddit_Bot,False,positive,positive,positive,positive
gz56goz,"69? Nice. 

I am a bot lol.",1,3,1621760038.0,Generic_Reddit_Bot,False,positive,positive,positive,positive
gz5k9nv,I’m learning TeX right now and that’s the most beautiful thing I’ve seen in a while.,1,3,1621772588.0,glider97,False,positive,positive,positive,positive
gz5nwic,Spoilers man! Jeez,1,3,1621775017.0,pattyfritters,False,negative,negative,negative,negative
gz56mwz,"I've enabled flip side and last few pages are paragraphs (31*2 = 62, 62+7 = 69) so it says 31. It's 69 pages if you actually download it",33,3,1621760210.0,ShinigamiAM,False,neutral,neutral,neutral,neutral
gz57uqx,NO-ICE!,1,3,1621761412.0,iluvredditalot,False,negative,negative,neutral,negative
gz52rym,if OP doesn't post to r/nice bit of a missed opportunity there,69,3,1621756413.0,travybel,False,negative,negative,negative,negative
gz521w2,yes agree,10,3,1621755727.0,mashihuzz5,False,positive,positive,positive,positive
gz6d4pa,"I've been ignoring the signs... But I give up. I admit, I am old. I thought I was cool, but what's r/nice about, what's 420, why is 69 suddenly famous again like you just figured it out yesterday. Don't even bother replying. I am just sad I am old and disconnected from your culture.",1,3,1621787851.0,peanutz456,False,negative,negative,negative,negative
gz52a49,Nice!,8,3,1621755942.0,chetanpdeshmukh,False,positive,positive,positive,positive
gz5bk0z,The 2nd edition has 69 words per page?! NICE!!,1,3,1621765053.0,jamesmoi,False,positive,positive,positive,positive
gzb4bcs,It would be funny if people weren’t wasting $70 bucks on a dumb joke on reddit that really isn’t funny,1,3,1621885061.0,VVIredditor,False,negative,negative,negative,negative
gz4u47f,This is hilarious!!,16,3,1621748569.0,PiccoloNeat,False,positive,positive,positive,positive
gz4wugm,"""Look at you, I was a professional writer by your age."" 😂",28,3,1621750892.0,ShinigamiAM,False,positive,neutral,neutral,neutral
gz590o8,"Do they have hardcopy printing too?
Or are you going to have to try out external publishing for it?",2,3,1621762567.0,fourSwordsStyle,False,neutral,neutral,neutral,neutral
gz56zqu,"Yea, 30% of 69. For every purchase they take 30%",1,3,1621760565.0,ShinigamiAM,False,neutral,neutral,positive,neutral
gz572h8,Well that's lot of free money for Amazon then. I bet they approve books even without reviewing them.,1,3,1621760640.0,random_____name,False,neutral,positive,positive,positive
gz53ahi,"I mean now I have a book published on Amazon, which has 69 pages and ""nice"" written over all the pages (of which I can joke about). Pretty fun if you ask me",-4,3,1621756913.0,ShinigamiAM,False,positive,positive,positive,positive
gz5b7vr,Here https://www.amazon.in/dp/B095LVQ6YC XD,1,3,1621764725.0,ShinigamiAM,False,neutral,neutral,neutral,neutral
gz66c9n,Oh [here](https://www.amazon.in/dp/B095LVQ6YC) it is. Wish you a nice read lol,1,3,1621784740.0,ShinigamiAM,False,positive,positive,positive,positive
gz6o68n,"Check [this](https://www.amazon.co.uk/dp/B095LVQ6YC) out for the UK. The prices might show different now as I've recently reviewed the prices for all countries as per the suggestion of a fellow redditor. But it should show $4.20 for the US, €4.20 for the UK and so on for other countries by tomorrow (As Amazon takes 24hr to review)",1,3,1621792917.0,ShinigamiAM,False,neutral,neutral,neutral,neutral
gz5aei4,Nice,31,4,1621763938.0,guywhosaynothing,False,positive,positive,positive,positive
gz559ni,Nice bot,3,4,1621758863.0,RareReaper387,False,positive,positive,positive,positive
gz56ni8,"69? Nice. 

I am a bot lol.",43,4,1621760225.0,Generic_Reddit_Bot,False,positive,positive,positive,positive
gz56w1n,Or check it out [here](https://imgur.com/gallery/hK1AFmR),1,4,1621760463.0,ShinigamiAM,False,neutral,neutral,neutral,neutral
gz6d5ub,"69? Nice. 

I am a bot lol.",1,4,1621787865.0,Generic_Reddit_Bot,False,positive,positive,positive,positive
gz52g5g,Nice!,8,4,1621756102.0,zeropurpose,False,positive,positive,positive,positive
gz5bkjh,"69? Nice. 

I am a bot lol.",1,4,1621765067.0,Generic_Reddit_Bot,False,positive,positive,positive,positive
gzb5rzg,[deleted],1,4,1621885713.0,,False,neutral,neutral,negative,neutral
gz4ymu7,Sick burn....,0,4,1621752519.0,adamya_tripathi,False,negative,negative,negative,negative
gz5hwca,External.,1,4,1621770760.0,PsychologicalFoxAppu,False,neutral,neutral,positive,neutral
gz53azc,"69? Nice. 

I am a bot lol.",-2,4,1621756928.0,Generic_Reddit_Bot,False,positive,positive,positive,positive
gz5booz,Done,1,4,1621765176.0,nvmnavi,False,positive,neutral,neutral,neutral
gz670rm,I'm sure it's going to be Nice.,1,4,1621785047.0,lazymetalhead,False,positive,positive,positive,positive
gz6oz52,£1.19 :(,1,4,1621793296.0,RainbowAssFucker,False,negative,negative,neutral,negative
gz5ajmg,Nice,27,5,1621764075.0,ChowGamer123,False,positive,positive,positive,positive
gz57g4q,Good bot,13,5,1621761008.0,harshbhatia7,False,positive,positive,positive,positive
gz5dzbb,Love u bot,1,5,1621767371.0,mubeen9,False,positive,positive,positive,positive
gz6y22e,Nice bot,1,5,1621797628.0,lambu-atta,False,positive,positive,positive,positive
gz5fdn0,nice,1,5,1621768658.0,Murky-Guidance-1153,False,positive,positive,positive,positive
gz6dj3s,Fuuuuuuuuu,1,5,1621788029.0,peanutz456,False,neutral,negative,negative,negative
gz52j9g,nICE,6,5,1621756183.0,vishal24anand,False,positive,positive,positive,positive
gz578uj,Nice!,1,5,1621760808.0,IamEichiroOda,False,positive,positive,positive,positive
gzb5t96,"69? Nice. 

I am a bot lol.",1,5,1621885729.0,Generic_Reddit_Bot,False,positive,positive,positive,positive
gzb5xbt,"I’ll admit I didn’t see what subreddit we were in, I saw this on the front page. But the point stands that people are wasting money on a dumb joke which was the intent of The poster",1,5,1621885779.0,VVIredditor,False,negative,negative,negative,negative
gz6p7om,:( should get updated by tomorrow,1,5,1621793409.0,ShinigamiAM,False,neutral,neutral,neutral,neutral
gz5akn9,[deleted],21,6,1621764103.0,,False,neutral,neutral,negative,neutral
gz6kmzv,Now kiss >!and 69!<,1,6,1621791253.0,Random_Idiotic_Alien,False,neutral,neutral,neutral,neutral
gz52kqn,Very nice,5,6,1621756220.0,No_Kaleidoscope7022,False,positive,positive,positive,positive
gz5784t,NiCe.,1,6,1621760789.0,IamEichiroOda,False,neutral,neutral,positive,neutral
gz6r2io,"My man, I'll buy it when I get payed this week.



Nice",1,6,1621794299.0,RainbowAssFucker,False,positive,positive,positive,positive
gz5azjx,Nice,19,7,1621764499.0,Medical-Wolverine,False,positive,positive,positive,positive
gz6n8zh,Well I don’t have that luxury,1,7,1621792480.0,mubeen9,False,negative,negative,neutral,negative
gz52sh4,super nice,5,7,1621756427.0,travybel,False,positive,positive,positive,positive
gz5b3sv,Nice,18,8,1621764615.0,ProsaicDork,False,positive,positive,positive,positive
gz5kb6k,Nice,7,8,1621772620.0,existentialdrama,False,positive,positive,positive,positive
gz5b6ro,Nice,12,8,1621764696.0,nikhildotexe,False,positive,positive,positive,positive
gz5312u,Super nice Pro Maxx,8,8,1621756656.0,studwildboar99,False,positive,positive,positive,positive
gz5bt41,Nice,11,9,1621765292.0,akki21686,False,positive,positive,positive,positive
gz5kzx0,Nice,7,9,1621773116.0,IamHeeHoo,False,positive,positive,positive,positive
gz5cu4f,Nice,11,9,1621766280.0,,False,positive,positive,positive,positive
gz5bv1j,#nice,1,9,1621765344.0,paulomanson,False,positive,positive,positive,positive
gz54jcz,Ultra Max Pro Nice,7,9,1621758139.0,cul-de-sac-is-sax,False,positive,positive,positive,positive
gz54e8g,nIcE,2,9,1621758002.0,bisomaticc,False,neutral,neutral,positive,neutral
gz609d7,Nice,2,1,1621781834.0,RC08,False,positive,positive,positive,positive
gz72nth,Nice,2,1,1621799815.0,No-Guide-6181,False,positive,positive,positive,positive
gz5dnm4,Nice,1,1,1621767064.0,PegRoots,False,positive,positive,positive,positive
gz5jmac,Nice,0,1,1621772100.0,tusharbose003,False,positive,positive,positive,positive
gz5nv5h,Nice,1,1,1621774994.0,CityHunter69420,False,positive,positive,positive,positive
gz5yq7x,Noice xD,1,1,1621781065.0,tamsb05,False,neutral,positive,neutral,neutral
gz5cyr9,Nice,2,1,1621766402.0,,False,positive,positive,positive,positive
gz5es9q,Nice,1,1,1621768109.0,guywholikescoffee,False,positive,positive,positive,positive
gz609wy,Nice,1,1,1621781842.0,RC08,False,positive,positive,positive,positive
gz8ihnv,Nice,1,1,1621827332.0,tatti_khale_,False,positive,positive,positive,positive
gz5dqzi,NiCe,2,1,1621767152.0,Spartan0710,False,neutral,neutral,positive,neutral
gz5k6ia,Nice,1,1,1621772521.0,AnonymousGiant69420,False,positive,positive,positive,positive
gz562no,"Max level NICE, to the point that even Modi cried (real tears this time)
Edit: try beating this level redditors.",1,1,1621759654.0,yimlo322,False,positive,positive,neutral,positive
gz5dufd,Nice,1,2,1621767244.0,masakkkali,False,positive,positive,positive,positive
gz8qcom,Nice,1,2,1621832816.0,cosmosoracle,False,positive,positive,positive,positive
gz5dq2n,Nice,2,2,1621767127.0,Sandolol,False,positive,positive,positive,positive
h0odv0a,Nice!,1,2,1622893940.0,crazyboi6767,False,positive,positive,positive,positive
gz5gbeg,Nice,2,2,1621769467.0,Ajit_op,False,positive,positive,positive,positive
gz580on,"Super duper ultra Maxx level nice nice to the point where Joe Biden stumbles upon steps,white cat starts to Vibe for levan polkka,shobha karandlaje gives English speech reaching to the peak where even CG announces 3 months complete lockdown.",3,2,1621761571.0,studwildboar99,1621761784.0,positive,neutral,positive,positive
gz5h7t4,Nice,1,3,1621770212.0,swamshua,False,positive,positive,positive,positive
gz96kf9,Nice,1,3,1621847537.0,Cyka_blyatsumaki,False,positive,positive,positive,positive
gz5eg9w,Nice,2,3,1621767809.0,Hot-Holiday-835,False,positive,positive,positive,positive
gz5hoqi,[deleted],2,3,1621770593.0,,False,neutral,neutral,negative,neutral
gz5huij,Nice,1,4,1621770718.0,lihkatahtmai,False,positive,positive,positive,positive
gz5ehd6,Nice,2,4,1621767839.0,siddhant841997,False,positive,positive,positive,positive
gz5jl0l,Nice,2,4,1621772073.0,jamienexon,False,positive,positive,positive,positive
gz5i8oi,[deleted],2,5,1621771036.0,,1622205993.0,neutral,neutral,negative,neutral
gz5ewql,Nice.,2,5,1621768221.0,,False,positive,positive,positive,positive
gz5jfic,Nice,2,6,1621771957.0,charan_88,False,positive,positive,positive,positive
gz5kasq,Nice,1,6,1621772612.0,existentialdrama,False,positive,positive,positive,positive
gz5hfte,Nice,1,6,1621770393.0,n4nish,False,positive,positive,positive,positive
gz5jquy,Nice,2,7,1621772197.0,Cotton_Phoenix_97,False,positive,positive,positive,positive
gz5hwt4,Nice,1,7,1621770770.0,zayntawfik,False,positive,positive,positive,positive
gz5k4tq,Nice,2,8,1621772486.0,Buck-Boost,False,positive,positive,positive,positive
gz5ifa3,Nice,1,8,1621771182.0,pacificf,False,positive,positive,positive,positive
gz5llmz,Nice,2,9,1621773532.0,JOKES6969,False,positive,positive,positive,positive
gz5j581,Nice,1,9,1621771738.0,AdiNayak,False,positive,positive,positive,positive
gz5mgai,Nice,2,1,1621774102.0,Dilbert_168,False,positive,positive,positive,positive
gz5rjh0,Nice,1,1,1621777262.0,Elroz39,False,positive,positive,positive,positive
gz5k7n6,Nice,1,1,1621772545.0,nikhil1sunny,False,positive,positive,positive,positive
gz5s7p9,Nice,1,1,1621777620.0,AJWolverine07,False,positive,positive,positive,positive
gz5xcne,Nice,1,1,1621780356.0,literarygeek,False,positive,positive,positive,positive
gz6dmq6,Nice,1,1,1621788076.0,HappyPerception1029,False,positive,positive,positive,positive
gz5ofb4,Nice,2,2,1621775348.0,zionator99,False,positive,positive,positive,positive
gz5qiis,Ice,1,2,1621776647.0,Exile4444,False,neutral,neutral,neutral,neutral
gz5q1zd,Nice,2,3,1621776368.0,redditpl_s,False,positive,positive,positive,positive
gz5rtn8,Nice,2,4,1621777415.0,PrathamJ,False,positive,positive,positive,positive
gz8l28r,Nice,1,4,1621829008.0,nishithrpatnaik,False,positive,positive,positive,positive
gz5vhel,Nice,2,5,1621779366.0,Candid_Let7404,False,positive,positive,positive,positive
gz612hm,Nice,2,6,1621782240.0,crazykatana123,False,positive,positive,positive,positive
gz64612,Nice,1,7,1621783734.0,BrownButterLove,False,positive,positive,positive,positive
gz6c0n1,Nice,2,8,1621787349.0,Frosty_Entertainer97,False,positive,positive,positive,positive
gz6lm7b,Nice,3,9,1621791710.0,IamThOrBusTeR,False,positive,positive,positive,positive
gz8nd61,Nice,1,1,1621830569.0,Intelligent_Papaya63,False,positive,positive,positive,positive
