Comment ID,Comment Text,Comment Score,Comment Depth,Created Timestamp,Author,Edited,Semantic Label,Semantic Label 2,Semantic Label 3,Major_Semantic
gzh8cf7,"And, many comments and not a a mention of envy! wow! 

The pic is nice. Of course!

Though the fact that you, my friend, are spending the lockdown in Coorg is making me fume with resentment! 

Wishes from BLR; hope a crow shits on your shirt! (carry tissues)",82,0,1622004177.0,OpinionAdventurous44,False,negative,negative,neutral,negative
gzgvata,I wish I had a teleportation machine! Would love to enjoy such walk!!,183,0,1621996637.0,always__high,False,positive,positive,positive,positive
gzh3x4b,Far over the misty mountains cold...,119,0,1622001483.0,Cm_Punk_SE,False,neutral,neutral,neutral,neutral
gzh0wbw,This is excellent.,25,0,1621999702.0,Money_Bicycle_7433,False,positive,positive,positive,positive
gzh09ip,"is this madikeri,virajpet or somwarpet? it looks to me like Galebidu",21,0,1621999346.0,media_it25,False,neutral,neutral,neutral,neutral
gzh1yeu,Awesome pic at many levels.,20,0,1622000312.0,iceage991,False,positive,positive,positive,positive
gzgzjc2,Very very beautiful,31,0,1621998943.0,Darth_Edge,False,positive,positive,positive,positive
gzgz1bb,This is gorgeous! What did you use to take the shot?,12,0,1621998661.0,tk123465,False,positive,positive,positive,positive
gzh4h9y,r/fairytaleasfuck,19,0,1622001819.0,h3is3nb3rg3,False,negative,negative,neutral,negative
gzgvfyf,"Thank you for this. Do you have an Instagram or something where you post this stuff??

If not I recommend creating one",16,0,1621996715.0,,False,positive,positive,positive,positive
gzh0c69,Where in Coorg? Can you help me I love that place been there few times,7,0,1621999386.0,,False,positive,positive,positive,positive
gzh6ar8,"So beautiful, this is going to be my wallpaper forever",8,0,1622002939.0,13rokendreamer,False,positive,positive,positive,positive
gzh2ij0,Absolutely beautiful.,7,0,1622000638.0,Coom_Machale,False,positive,positive,positive,positive
gzh5hsi,"That's amazing. The mist and the trees, it feels so calm just by looking at the pic. Wish I could be there.",5,0,1622002446.0,smmoke,False,positive,positive,positive,positive
gzh8wcp,looking like a cool game concept art,5,0,1622004520.0,R-Zade,False,positive,positive,positive,positive
gzh97ls,Woooaah! So enchanting <3,5,0,1622004721.0,Hijikata_san_mayo13,False,positive,positive,positive,positive
gzh5qxz,Chanag ide. Mast.,8,0,1622002601.0,0111011001100111,False,neutral,neutral,neutral,neutral
gzh7v0j,"Wherever it is, I want to visit asap!!!",5,0,1622003882.0,HM_26,False,positive,positive,neutral,positive
gzh7vsj,Can a get a high quality one??,4,0,1622003895.0,YOLOwRider,False,neutral,neutral,neutral,neutral
gzhdjuo,I was there once when I was small it was great,3,0,1622007642.0,marvelwalker,False,positive,positive,positive,positive
gzhdpj4,Looks like this is outta sum video game. Surreal.,3,0,1622007761.0,PapaGlozzy,False,negative,neutral,negative,negative
gzhzdhy,Will visit coorg once everything gets back normal,3,0,1622026231.0,,False,positive,neutral,neutral,neutral
gzi1ncl,The door to NARNIA awaits you human!!!!,3,0,1622027930.0,Money-Inside-326,False,negative,positive,neutral,neutral
gzhm73l,Found my new wallpaper,2,0,1622014580.0,SaberSupreme,False,positive,positive,neutral,positive
gzhuy51,Awesome,2,0,1622022575.0,huntelaaar,False,positive,positive,positive,positive
gzhx2sz,Wow cool place.,2,0,1622024419.0,Comprehensive_Ad6396,False,positive,positive,positive,positive
gzhxpmv,Amazeee,2,0,1622024919.0,begonee_thought,False,neutral,positive,positive,positive
gzhy7jl,Such a beautiful capture ❤️ I miss coorg,2,0,1622025316.0,Environmental-Put874,False,positive,positive,positive,positive
gzhyoad,Metal af,2,0,1622025684.0,,False,neutral,neutral,negative,neutral
gzhys8f,Haven't been on a good walk sinces days! Would love to witness this first hand!,2,0,1622025772.0,JerryFernandes,False,positive,negative,positive,positive
gzi3d1k,"Bro, i want to be at that forest and talking the walk. Wow",2,0,1622029128.0,steamingsilver,False,positive,positive,neutral,positive
gzi3lq9,"This looks gorgeous! 

Incredible. I can almost smell the air in the photo.",2,0,1622029295.0,brown_burrito,False,positive,positive,positive,positive
gzi6qf3,Majestic place . Went hiking in mandalpatti. Absolute gem of a place,2,0,1622031285.0,scacecr,False,positive,positive,positive,positive
gzi7a4i,This is so cool 🥶,2,0,1622031611.0,Avantgarde19,False,positive,positive,positive,positive
gzi8o40,This is so BEAUTIFUL ! ☘️,2,0,1622032426.0,TheJOKER141,False,positive,positive,positive,positive
gzilhgu,Phone Wallpaper worthy,2,0,1622038747.0,,False,positive,positive,positive,positive
gzim8fh,"Damn, it looks like a forest of weed XD",2,0,1622039069.0,AshuBK786,False,neutral,neutral,negative,neutral
gziuco7,"Fuck that looks divine. Reminds me of the thing called ""Outside"" we once knew.",2,0,1622042310.0,HighSchoolTobi,False,positive,negative,neutral,neutral
gziw0c5,"For a second, I thought it said Mistry morning. This is a beautiful shot!",2,0,1622042977.0,mysterious_evoX,False,positive,positive,positive,positive
gzj49l9,Wow..,2,0,1622046359.0,BrilliantNarrow9744,False,positive,positive,neutral,positive
gzj4dof,"Killah shot, spliff !",2,0,1622046406.0,hrish350,False,neutral,neutral,negative,neutral
gzj8p18,Pretty,2,0,1622048187.0,StateWeak,False,positive,positive,positive,positive
gzjfzug,"If I ever share this with my friend and talk about having a stroll in a place like this 
I will specify that I will be the wearing shorts..no discussion",2,0,1622051223.0,ok-Ay_guy,False,neutral,neutral,neutral,neutral
gzjgevz,Sooper Magane!,2,0,1622051395.0,muzic_san,False,positive,neutral,negative,neutral
gzl9hwx,"""to a memory i cannot return back to""  
https://www.youtube.com/watch?v=YbgnlkJPga4&list=PLFs4vir\_WsTzcfD7ZE8uO3yX-GCKUk9xZ&index=19",2,0,1622081496.0,Megaoptimizer,False,negative,neutral,neutral,neutral
gzlpoej,Amazing the soft greens and the depth in the image is absolutely aesthetically great,2,0,1622091158.0,Inevitable_Science10,False,positive,positive,positive,positive
gzlpv3z,Nice Pic,2,0,1622091284.0,Similar-Tadpole-3401,False,positive,positive,positive,positive
gzlrgg0,Coorg My Home! Atleast others know about this place!,2,0,1622092406.0,turdboi4202,False,neutral,positive,negative,neutral
gzm6k3r,Loved this image so much I made a [wallpaper](https://imgur.com/a/hsqJKPu) out of it.,2,0,1622105276.0,,False,positive,positive,positive,positive
gzn6lsd,Awesome!!,2,0,1622127698.0,Azqaadesigns,False,positive,positive,positive,positive
gzq9rdx,"Absolutely gorgeous! Visited Coorg with my family a few years ago, absolutely gorgeous place :) Hope you enjoyed yourself as much as I did!",2,0,1622181963.0,iDontOwnAToaster,False,positive,positive,positive,positive
h90azrr,Beautiful! I can only close my eyes and imagine how being here might feel. You should keep taking photos,2,0,1629013963.0,amotleydisposition,False,positive,positive,positive,positive
gzh745q,Man that's dope,2,0,1622003442.0,Rohitmathad,False,positive,positive,negative,positive
gzh9919,"Dude that is such a “neroche” vibe... 
day in day out",2,0,1622004746.0,danimaker13,False,neutral,negative,neutral,neutral
gzhb6o1,This is lovely. Was there a couple of years back. Miss this beautiful place!,2,0,1622005995.0,,False,positive,positive,neutral,positive
gzhcnoc,This looks like Forest Moon of Endor,2,0,1622007006.0,,False,neutral,neutral,positive,neutral
gzhd9si,Wow so beautiful and peaceful,2,0,1622007441.0,Eksalar,False,positive,positive,positive,positive
gzh4myw,r/itookapicture,2,0,1622001914.0,d3athR0n,False,neutral,neutral,neutral,neutral
gzhqz5e,Thank you /u/coffeewala,1,0,1622018877.0,SpliffKillah,False,positive,positive,positive,positive
gzhswxv,Can you mention the place? Thanks!,1,0,1622020755.0,NiceHighway_,False,positive,neutral,positive,positive
gzqa387,"Yes, I was lucky enough to stay there for over a year.",1,0,1622182216.0,SpliffKillah,False,positive,positive,positive,positive
gzh80r5,Fucking amazing,1,0,1622003979.0,dilator,False,positive,positive,positive,positive
gzh821l,Wow,1,0,1622004001.0,Silverback152,False,positive,positive,positive,positive
gzh8izl,walking through heaven's gate.,1,0,1622004287.0,kingyadu,False,positive,neutral,neutral,neutral
gzh9nkx,Blissful!,1,0,1622005006.0,sunnywayne,False,negative,positive,positive,positive
gzhcwtv,u/Plenty-Moose6814,1,0,1622007188.0,MrKrabbydaddy,False,neutral,neutral,neutral,neutral
gzhe8v6,Eeeh nammade stalam,1,0,1622008156.0,,False,neutral,neutral,positive,neutral
gzheiqi,I didn't care until I read the word Cooorg \*,1,0,1622008359.0,Thoughtscroll,False,negative,neutral,neutral,neutral
gzhej6f,Brilliant catch! Cherish the moment and the friendships.,1,0,1622008369.0,trollsack2,False,positive,positive,positive,positive
gzhemp1,This looks heavenly. Lovely capture.,1,0,1622008442.0,myheartinthecity,False,positive,positive,positive,positive
gzheniv,Beautiful. Always wanted to visit Coorg.,1,0,1622008459.0,jpatil1982,False,positive,positive,positive,positive
gzhepw3,Wow......what a  breathtaking view ❤️,1,0,1622008511.0,list_mist2215,False,positive,positive,positive,positive
gzhf5xr,[deleted],1,0,1622008865.0,,False,neutral,neutral,negative,neutral
gzhfnei,"Me rembering the Delhi Pollution. 

Please stay home bro!",1,0,1622009234.0,,False,neutral,negative,neutral,neutral
gzhfusl,Beautiful,1,0,1622009397.0,dr_greg_mouse,False,positive,positive,positive,positive
gzhh11s,This reminds me of an area in a game called Dark Souls. Feels majestic,1,0,1622010317.0,life_never_stops_97,False,positive,positive,positive,positive
gzhh8j6,Looks like very soothing ☺️,1,0,1622010486.0,thisarrit,False,positive,positive,positive,positive
gzhhz10,This is a really nice picture,1,0,1622011074.0,KazuyaOW,False,positive,positive,positive,positive
gzhi4mq,I’m from Coorg (maternally) !!!!!!!!!!!,1,0,1622011198.0,TheJun1107,False,positive,neutral,neutral,neutral
gzhiyfg,damn bro,1,0,1622011855.0,ashwazz,False,negative,negative,negative,negative
gzhj44d,This is fucking mesmerising!!,1,0,1622011972.0,vishviscount,False,positive,positive,negative,positive
gzhjg12,Wundebar!!!,1,0,1622012238.0,taco_sengupta,False,positive,positive,neutral,positive
gzhjpdt,Wow,1,0,1622012450.0,Affectionate-Ice-921,False,positive,positive,positive,positive
gzhjwva,Return of the Morning Mist.,1,0,1622012629.0,proprocastinator007,False,neutral,neutral,neutral,neutral
gzhk3cr,Beautiful 🥺,1,0,1622012778.0,,False,positive,positive,positive,positive
gzhkdaa,"Me, sitting in hyderabad, sweating and staring at this beautiful pic in sadness...",1,0,1622013007.0,akhilennium,False,negative,negative,negative,negative
gzhkzeo,Excellent shot and edit! Do you have an IG that i can follow,1,0,1622013528.0,v1ka5h,False,positive,positive,positive,positive
gzhlio7,r/mostbeautiful,1,0,1622013991.0,That_CreepyPasta,False,positive,positive,positive,positive
gzhlq0g,Wow !,1,0,1622014171.0,Fit-Spinach-8387,False,positive,positive,positive,positive
gzhmgeu,"Dude, this reminds me of LOTR , so well done man! I loved this photo. Good job OP!",1,0,1622014806.0,IammadIguess,False,positive,positive,positive,positive
gzhnsj8,"Holy shit, this is amazing",1,0,1622015994.0,Jittering_Jester,False,positive,positive,positive,positive
gzhnzuo,I remember there used to be a chapter about Koorg in the 10 th NCERT English text book.,1,0,1622016166.0,Nofucksgiven0017,False,neutral,neutral,neutral,neutral
gzhoq2q,Old forest. That's a amazing shot. Loved it,1,0,1622016817.0,kbamborde,False,positive,positive,positive,positive
gzhov9q,"what I would ride around on a bike, and be just the sound of nature, would be beautiful",1,0,1622016956.0,daniel_ionescu,False,positive,positive,positive,positive
gzhpd75,Beautiful shot!!,1,0,1622017421.0,cerebrumInfotech123,False,positive,positive,positive,positive
gzhpqdv,Bro wtf wow,1,0,1622017771.0,Unlucky_Influence,False,neutral,neutral,negative,neutral
gzhqjuw,What a view. Thanks for the new phone wallpaper,1,0,1622018495.0,awesome_fighter,False,positive,positive,positive,positive
gzhqusm,Dammmnnn.. that place is beautiful,1,0,1622018766.0,afif1400,False,positive,positive,positive,positive
gzhr4ya,WOW lovely,1,0,1622019023.0,Altruistic_Sky1866,False,positive,positive,positive,positive
gzhu1jd,r/NatureIsFuckingLit content,1,0,1622021773.0,ClearlyAwake,False,negative,neutral,neutral,neutral
gzhvfan,W0•owww!!!,1,0,1622023007.0,,False,positive,negative,neutral,neutral
gzhvxjm,Really and awesome click...,1,0,1622023468.0,peace_needed5322,False,positive,positive,positive,positive
gzhx1mp,This soo much reminds me of my grandma's place.....the mornings are soo amazing in the estates of coorg❤️,1,0,1622024394.0,minimal_bob,False,positive,positive,positive,positive
gzh9b2m,Bhaiya covid hai. 6ft distance rakho.,0,0,1622004783.0,myfoodiscooking,False,neutral,neutral,neutral,neutral
gzheft9,[deleted],0,0,1622008298.0,,False,neutral,neutral,negative,neutral
gzhkpt3,Where are the masks? This pandemic is no joke.,0,0,1622013297.0,Zealousideal_Total79,False,negative,negative,negative,negative
gzhbg37,The right side guy definitely didn't wear mask.,0,0,1622006169.0,JaganModiBhakt,False,neutral,neutral,neutral,neutral
gzhbt7j,Bhai goomne jane ka mann karra hai ye pic dekh kar,0,0,1622006415.0,ninjaflyingarts,False,neutral,neutral,positive,neutral
gzhdtx4,Hows talks of Shib coin there right now?,0,0,1622007850.0,Heartfull_of_Wind,False,neutral,neutral,negative,neutral
gzhfsnt,"Is it a recent one? Considering the weather, I think so....Coorg would have been a perfect getaway now!",0,0,1622009350.0,pree_panda,False,positive,positive,positive,positive
gzhwu7g,"Are you from Coorg? Or how did you go there during lockdown? 

I would love to move there, I am looking to move to a hill station permanently. City life has become un liveable to a great extent...",0,0,1622024232.0,Set1Less,False,neutral,positive,neutral,neutral
gzhshpt,Is it standard for every Indian tourist to wear shorts when visiting a touristic place or going abroad as tourist?,-3,0,1622020343.0,,False,neutral,neutral,neutral,neutral
gzhnc72,And so much trash on the sides of that road. And the rampant raping of helpless women.,-3,0,1622015589.0,igbad,False,negative,negative,negative,negative
gzi65hd,While beautiful...isnt that the stretch where the two dudes on a motorcycle had a tiger come chasing them out of the bush??,1,0,1622030933.0,,False,positive,positive,positive,positive
gzijv5a,Why aren't they smoking a joint? ://,1,0,1622038008.0,Stoned_Anarchist,False,negative,negative,neutral,negative
gzipv4a,So where in coorg exactly I want to experience this too,1,0,1622040622.0,3nchantingdevil,False,neutral,neutral,neutral,neutral
gziqumn,Literally My Name,1,0,1622041031.0,ChillySummerMist,False,neutral,neutral,neutral,neutral
gziuzyf,Do you have an image without your friends..I want to use it as wallpaper,1,0,1622042568.0,,False,neutral,neutral,neutral,neutral
gzh95b1,"This is from my archives, I am also shitting bricks in Bangalore",63,1,1622004680.0,SpliffKillah,False,negative,negative,negative,negative
gzi0pdo,Thank you for saying this i would give you my kidney but i might need it to buy an oxygen cylinder in the future.,8,1,1622027233.0,ouchouchosler34,False,positive,positive,positive,positive
gzjo66h,I read crow as cow and had a very vivid mental image,1,1,1622054629.0,thirdeyehealing,False,negative,neutral,positive,neutral
gzgvhnu,"me too, I always wanted to be a Jumper.",73,1,1621996741.0,SpliffKillah,False,positive,positive,neutral,positive
gzh39r6,Wish I had friends to enjoy walks with .,35,1,1622001090.0,zafar_bull,False,positive,positive,positive,positive
gzhdbi0,so true,5,1,1622007476.0,Eksalar,False,positive,positive,positive,positive
gzitlv1,Anywhere door,1,1,1622042001.0,im_a_brat,False,neutral,neutral,positive,neutral
gzh5mxd,...to dungeons deep and caverns old...,65,1,1622002535.0,KingBileygr993,False,neutral,neutral,neutral,neutral
gzh495z,Close below the earthly mud fold..,18,1,1622001683.0,SpliffKillah,False,neutral,neutral,neutral,neutral
gzh0zvk,Thank you,8,1,1621999761.0,SpliffKillah,False,positive,positive,positive,positive
gzh0yrt,"This is in between madikeri and virajpet, Murnad.",23,1,1621999742.0,SpliffKillah,False,neutral,neutral,neutral,neutral
gzh205z,Thank you kindly.,12,1,1622000341.0,SpliffKillah,False,positive,positive,positive,positive
gzgzwtq,"It was indeed, passing on a hopeful message during these bad times.",22,1,1621999150.0,SpliffKillah,False,positive,positive,neutral,positive
gzgzf2e,"Thank you.
Shot in 2013/14 on a Canon 550d using a 55-250mm lens.",18,1,1621998876.0,SpliffKillah,False,positive,positive,positive,positive
gzgvz84,"Thank you too. Yes, I have an Instagram, but it is not organized as I like to shoot Nature, Candid, BnW, Street and Abstract.  So it is kind of mixed.  


Would love a feedback, here is my Instagram  @ colourbinge",17,1,1621997003.0,SpliffKillah,False,neutral,neutral,positive,neutral
gzh57r4,"This is in Murnad, exactly in between virajpet and madikeri.",7,1,1622002276.0,SpliffKillah,False,neutral,neutral,neutral,neutral
gzh6nmt,"Thats a nice  compliment, thank you.",6,1,1622003157.0,SpliffKillah,False,positive,positive,positive,positive
gzh66lz,Exactly what I felt when I opened this from my archives.,3,1,1622002867.0,SpliffKillah,False,neutral,neutral,neutral,neutral
gzhelb9,[removed],1,1,1622008413.0,,False,neutral,neutral,negative,neutral
gzh6a8c,Thumba Dhanyavaadhagalu,7,1,1622002929.0,SpliffKillah,False,neutral,neutral,negative,neutral
gzh99em,"Well this was taken in 2013/2014 so the quality is not that great.  
But i have tried my best to restore by removing some noise, here you go - https://unsplash.com/photos/DcUCqYqVCIo",5,1,1622004754.0,SpliffKillah,False,negative,neutral,positive,neutral
gzhyl1l,Me too.,2,1,1622025613.0,SpliffKillah,False,neutral,neutral,neutral,neutral
gzlcrsx,"Wow, thanks man.",1,1,1622083268.0,SpliffKillah,False,positive,positive,positive,positive
gzls9v7,Full gauji hehe,1,1,1622093008.0,SpliffKillah,False,positive,positive,positive,positive
gzm821n,"So cool man, thank you.",1,1,1622106730.0,SpliffKillah,False,positive,positive,positive,positive
h90c7k5,"Thank you so much, it means a lot.",2,1,1629014975.0,SpliffKillah,False,positive,positive,positive,positive
gzh9v4z,"Thank you for this, I just listened to it.",0,1,1622005143.0,SpliffKillah,False,positive,positive,positive,positive
gzhbc03,Glad to have brought some memories 😌,2,1,1622006094.0,SpliffKillah,False,positive,positive,positive,positive
gzhd86l,r/hetookapicture,0,1,1622007409.0,WideVacuum,False,neutral,neutral,positive,neutral
gzht4l5,"Murnad, Coorg",1,1,1622020959.0,SpliffKillah,False,neutral,neutral,neutral,neutral
gzhec1g,Enganaaee!,1,1,1622008221.0,SpliffKillah,False,positive,neutral,positive,positive
gzhenvn,Underrated statement.,2,1,1622008467.0,SpliffKillah,False,negative,positive,positive,positive
gzhesc2,Thank you,1,1,1622008564.0,SpliffKillah,False,positive,positive,positive,positive
gzhesu7,You should someday.,1,1,1622008575.0,SpliffKillah,False,positive,neutral,neutral,neutral
gzhf7q6,For this I shot on Canon 550d on 55-250 lens.,1,1,1622008904.0,SpliffKillah,False,neutral,neutral,positive,neutral
gzhicm6,Chaytuliya. Full gauji,1,1,1622011381.0,SpliffKillah,False,neutral,neutral,neutral,neutral
gzhzo3i,Don't be sad. Here's a [hug!](https://media.giphy.com/media/3M4NpbLCTxBqU/giphy.gif),2,1,1622026459.0,comfort_bot_1962,False,positive,positive,positive,positive
gzhkkz2,Don't be sad. Here's a [hug!](https://media.giphy.com/media/3M4NpbLCTxBqU/giphy.gif),2,1,1622013184.0,comfort_bot_1962,False,positive,positive,positive,positive
gzid601,Don't be sad. Here's a [hug!](https://media.giphy.com/media/3M4NpbLCTxBqU/giphy.gif),1,1,1622034799.0,comfort_bot_1962,False,positive,positive,positive,positive
gzio8s6,Don't be sad. Here's a [hug!](https://media.giphy.com/media/3M4NpbLCTxBqU/giphy.gif),1,1,1622039931.0,comfort_bot_1962,False,positive,positive,positive,positive
gzjb9nn,Don't be sad. Here's a [hug!](https://media.giphy.com/media/3M4NpbLCTxBqU/giphy.gif),1,1,1622049257.0,comfort_bot_1962,False,positive,positive,positive,positive
gzhl49g,"Thank you, you can find me at colourbinge.",1,1,1622013642.0,SpliffKillah,False,positive,positive,positive,positive
gzhml4y,"Wow, thank you",1,1,1622014918.0,SpliffKillah,False,positive,positive,positive,positive
gzhx8hy,Indeed.,1,1,1622024539.0,SpliffKillah,False,neutral,neutral,neutral,neutral
gzh9raf,Pre covid photo hai,2,1,1622005072.0,SpliffKillah,False,neutral,neutral,positive,neutral
gzhek8q,And that is?,1,1,1622008390.0,SpliffKillah,False,neutral,neutral,neutral,neutral
gzhkqzl,Pre pandemic this is,1,1,1622013324.0,SpliffKillah,False,neutral,neutral,neutral,neutral
gzhfw7z,No this is from 2013.,1,1,1622009430.0,SpliffKillah,False,neutral,neutral,negative,neutral
gzhx1p1,"No I used to work there.
This was shot in 2013.
That is a good plan, if you have the resources to sustain life there then you should do something about it.
Being a city boy, I managed to spend about 3 years in hill stations but had to come to the city. Now I feel like an off tuned guitar.",3,1,1622024395.0,SpliffKillah,False,neutral,positive,neutral,neutral
gziq622,"It is near the murnad ground, but so many places in coorg has a similar feel.",1,1,1622040748.0,SpliffKillah,False,neutral,neutral,neutral,neutral
gzh9h22,"Well, that's fair. The crow won't be able to shit on you then! :)",20,2,1622004890.0,OpinionAdventurous44,False,positive,neutral,neutral,neutral
gzi6kyh,"Fair enough; I would swap the kidney for an Apple product, and perhaps an accessory or two!",5,2,1622031192.0,OpinionAdventurous44,False,neutral,positive,positive,positive
gzlfh0m,"Holy Kau! You just ruined it for me; all I can think of cow-shit falling from the sky!

And and, my friend, you gotta step outside for some fresh air. And, for you, I really hope a single-horned flying-cow (unikau) shits on you!",2,2,1622084808.0,OpinionAdventurous44,False,negative,negative,neutral,negative
gzgw1z4,Then we can open a courier company!,44,2,1621997044.0,always__high,False,positive,neutral,neutral,neutral
gzilid4,Watch out for Samuel L Jackson,2,2,1622038758.0,njaana,False,neutral,neutral,neutral,neutral
gzh5o1s,F,9,2,1622002553.0,0111011001100111,False,neutral,neutral,neutral,neutral
gzh7rnp,Everyone is a friend on the walk of life!! Just enjoy it and you will find people joining you!,20,2,1622003827.0,always__high,False,positive,positive,positive,positive
gzivvm6,What would you like to be on the other side of the door?,1,2,1622042924.0,always__high,False,neutral,neutral,neutral,neutral
gzhbpi7,We must away,33,2,1622006345.0,TrueSaiyanGod,False,neutral,negative,negative,negative
gzhjpnq,That's what she told! /s,5,2,1622012457.0,tara1966,False,neutral,neutral,neutral,neutral
gzhjnvp,My aunt lives near Murnad! Fantastic place man.,12,2,1622012417.0,John-McAfee,False,positive,positive,positive,positive
gzhs024,oh wow! my sister in law just lives by the masjid there :-),5,2,1622019855.0,media_it25,False,positive,positive,neutral,positive
gzh1qsc,"Hope we all get through this safely. 
I love clicking too but haven't touched my Camera since last year.",7,2,1622000193.0,Darth_Edge,False,positive,positive,positive,positive
gzhfxgr,"If you said it was a phone, I would shatter my current phone and buy that one!",9,2,1622009458.0,,False,negative,negative,negative,negative
gzh6pem,"You're welcome, keep doing great work",2,2,1622003189.0,13rokendreamer,False,positive,positive,positive,positive
gzhem0n,"69? Nice. 

I am a bot lol.",3,2,1622008427.0,Generic_Reddit_Bot,False,positive,positive,positive,positive
gzh9oef,Thank you so much!! 😊,2,2,1622005021.0,YOLOwRider,False,positive,positive,positive,positive
gzlsmeh,"Yes! 🙌
Nowadays Covid increasing. 2nd fastest spreader in Karnataka after bangalore.",1,2,1622093268.0,turdboi4202,False,neutral,positive,positive,positive
gzhd98f,"The subreddit r/hetookapicture does not exist. Maybe there's a typo? If not, consider [creating it](/subreddits/create?name=hetookapicture).

---
^🤖 ^this ^comment ^was ^written ^by ^a ^bot. ^beep ^boop ^🤖

^feel ^welcome ^to ^respond ^'Bad ^bot'/'Good ^bot', ^it's ^useful ^feedback. [^github](https://github.com/Toldry/RedditAutoCrosspostBot)",0,2,1622007430.0,sub_doesnt_exist_bot,False,negative,neutral,neutral,neutral
gzhedpe,Thonni😂😂,0,2,1622008255.0,,False,neutral,neutral,neutral,neutral
gzhfdd4,[deleted],1,2,1622009023.0,,False,neutral,neutral,negative,neutral
gzhl1oc,Fank you,0,2,1622013583.0,akhilennium,False,positive,neutral,positive,positive
gzha7tr,Ooo Okies. V pretty nevertheless x,1,2,1622005370.0,myfoodiscooking,False,positive,positive,positive,positive
gzhndkt,India is fucking gross.,-2,2,1622015624.0,igbad,False,negative,negative,negative,negative
gzhl1o1,Ah ok. Cheers.,-1,2,1622013583.0,Zealousideal_Total79,False,positive,positive,neutral,positive
gzhgkl9,Really old...but I am sure this can be recreated if we weren't in lockdown. You can actually revisit and do that in coming future...,0,2,1622009962.0,pree_panda,False,neutral,neutral,neutral,neutral
gzhxa53,"Blast from the past? Nice! Yeah I can work online, so its not a big deal where I live. I havent lived any significant time in mountains except travel now and then, but it sounds like something worth doing. I live in Bangalore now, I used to think living in a city matters for going to pubs, partying, friends etc but this COVID19 disaster has been a wake up call. My friends in Himachal are still going around freely, trekking , enjoying their life etc.. while here shit is badly fucked up and cant even step out of the home.",1,2,1622024573.0,Set1Less,False,positive,neutral,negative,neutral
gzgwemz,haha yeah and name it 'Send It' lol,31,3,1621997235.0,SpliffKillah,False,positive,positive,neutral,positive
gzgw5qi,"or, you know, jump inside a vault to grab your daily allowance ;)",9,3,1621997100.0,evereddy,False,neutral,neutral,neutral,neutral
gzhuqyu,Beautiful words by a person who's always _high_,11,3,1622022397.0,Random_Idiotic_Alien,False,positive,positive,positive,positive
gzhqr5s,Wow.,4,3,1622018676.0,ComprehensiveTooth2,False,positive,positive,positive,positive
gzhutn8,r/usernamechecksout,2,3,1622022464.0,,False,neutral,neutral,neutral,neutral
gziwkok,What else... This place. Perfect place to smoke weed man.,2,3,1622043207.0,im_a_brat,False,positive,positive,positive,positive
gzhbzuv,"ere break of day,
To find our long-forgotten gold.",38,3,1622006539.0,,False,neutral,neutral,negative,neutral
gzhjtyt,"Nice, couple of my friends too.",4,3,1622012559.0,SpliffKillah,False,positive,positive,positive,positive
gzh1zbp,The same.,5,3,1622000328.0,SpliffKillah,False,neutral,neutral,neutral,neutral
gzlt07l,"I understand, have a bit of parangi molu.  
Ellinja ninga? just brushing my kodava tak.",1,3,1622093556.0,SpliffKillah,False,neutral,neutral,neutral,neutral
gzhej5z,Lol,1,3,1622008368.0,SpliffKillah,False,neutral,positive,neutral,neutral
gzhfmbb,"Yes, the noise is high since there was hardly any sunlight. And it was an older camera shot at ISO 800 in 2013.  


But here you can see a denoised version, just a tad bit better.  
https://unsplash.com/photos/DcUCqYqVCIo",2,3,1622009211.0,SpliffKillah,False,neutral,positive,neutral,neutral
gzhxhhp,"It is definitely worth staying, you need to start by looking out for a plot of land or renovate an old home. Lot of places nearby Bangalore to do that too.",1,3,1622024733.0,SpliffKillah,False,positive,positive,positive,positive
gzhcezx,Sounds like a plan partner!! Let's start once you get your jumper super power!!,15,4,1622006835.0,always__high,False,positive,positive,positive,positive
gzheugu,"'Send it' has other implications when there's a spliff involved, at least from around here.",8,4,1622008611.0,Wanderandian,False,neutral,neutral,negative,neutral
gzhcbcs,Nothing left in those vaults my boy!! Better to run a legitimate business!!,7,4,1622006764.0,always__high,False,negative,neutral,neutral,neutral
gzhaaq2,Now r/Holup a second!!,7,4,1622005422.0,WhiteSkinButDickLong,False,neutral,neutral,negative,neutral
gziwq0d,It would be perfect! And then relax or meditate,1,4,1622043267.0,always__high,False,positive,positive,positive,positive
gzhgde7,"And of stories, close to our dear hearts we hold",26,4,1622009804.0,ef_aitch,False,positive,neutral,neutral,neutral
gzhfxxo,r/unexpectedhobbit,17,4,1622009468.0,R4INZy,False,neutral,neutral,neutral,neutral
gzhorh0,"The dwarves of yore made mighty spells,",9,4,1622016855.0,synchronisedchaos,False,neutral,positive,neutral,neutral
gzlttpp,"Kushalnagar, and I have a Coffee-Pepper estate in Chettalli. And I don't know much kodava sorry if i disspoint you. I understand tho. I dont belong to the kodava community.",2,4,1622094162.0,turdboi4202,False,negative,neutral,negative,negative
gzijd9e,"Yes, looking forward in this joint venture.",3,5,1622037777.0,SpliffKillah,False,positive,positive,positive,positive
gzhexoe,Still the parcel will be delivered.,11,5,1622008682.0,SpliffKillah,False,neutral,neutral,neutral,neutral
gzhzq5m,"Trees like torches, blazed with lights",9,5,1622026501.0,AJGILL03,False,neutral,neutral,neutral,neutral
gzhnroz,MY PEOPLE!!,8,5,1622015973.0,orange_monk,False,positive,positive,neutral,positive
gzhrx4p,"to the farlands where I belong,",4,5,1622019776.0,Straight_Jackfruit_3,False,neutral,neutral,neutral,neutral
gzlv3xq,Aah both places are nice. I used to stay at hakathur,1,5,1622095141.0,SpliffKillah,False,positive,positive,positive,positive
