Comment ID,Comment Text,Comment Score,Comment Depth,Created Timestamp,Author,Edited,Semantic Label,Semantic Label 2,Semantic Label 3,Major_Semantic
h0k6mbs,"Bhai the detailing in 1st pic and 3rd pic is astonishing.

How many years did it take for you to reach this level. Would be glad if you shared some tips.",110,0,1622810183.0,Puneri_Gunner001,False,positive,positive,positive,positive
h0k5tdx,Magnificent work veeru,276,0,1622809721.0,beaffe,False,positive,positive,positive,positive
h0k9i08,Can I commision you to do a sketch for the wife? Her birthday is coming up. I am in Bangalore. Will you be able to mail it.,140,0,1622811759.0,readyplayer202,False,neutral,neutral,neutral,neutral
h0k5gbv,"Excellent work!

And that picture of kid with gun, really shook me at core. His eyes are accusing everyone.",119,0,1622809509.0,Shakaahaari,False,negative,negative,positive,negative
h0k7t54,"Mashallah !!
Kaafi sundar bhai :)",60,0,1622810852.0,CaptSan_99,False,positive,positive,negative,positive
h0kdmyw,r/nextfuckinglevel,39,0,1622813750.0,isusernamemandatory,False,negative,neutral,neutral,neutral
h0kbexs,I legit thought half of these were real pictures. Great job bud!,18,0,1622812631.0,GamerRihan,False,positive,positive,positive,positive
h0k708c,"These are one of the best pencil sketching I've ever seen! If you're selling these, I hope you're selling them at the right price and not underselling your talent!",32,0,1622810401.0,nahushrc,False,positive,positive,positive,positive
h0k7b9u,Fucking Awesome. fifth and ninth are my favourite.,15,0,1622810573.0,TooLazyToSleep_15,False,positive,positive,positive,positive
h0k8sxi,Last one is Mirzapur guy?,13,0,1622811390.0,AuntyIndian,False,neutral,neutral,neutral,neutral
h0kaeg3,"Bruh I was expecting a rickroll at the end, but anyway good work",18,0,1622812185.0,UltraGuitarShredder,False,positive,positive,positive,positive
h0kb88s,"Great artwork! I kind of chuckled at your title though, as if the viewers of /r/india would not know where Punjab is!",24,0,1622812536.0,smallaubergine,False,positive,positive,positive,positive
h0kag4s,"Great work Rahul.

Are you selling your art?",9,0,1622812204.0,be_sugary,False,positive,positive,positive,positive
h0k8dum,"Draw hentai!.

Jokes apart, these sketches are majestic!",13,0,1622811166.0,Elegant_Context3297,False,positive,positive,positive,positive
h0kd7a3,"No stfu those are b/w pictures(/s), no human shall posses that much talent",12,0,1622813532.0,,False,negative,negative,negative,negative
h0k7a12,Magnificent!! Blew my mind. Keep doing this.,5,0,1622810554.0,spinless_spinor,False,positive,positive,neutral,positive
h0k7hqx,"This is surreal, you have to look closely to see that it's made out of pencil.",5,0,1622810675.0,abyssabsymal,False,negative,neutral,neutral,neutral
h0kc24a,Some of them look like black and white photos. Amazing skills op!,5,0,1622812958.0,Ericcartman0618,False,positive,positive,positive,positive
h0kd99h,"Noice.
Is there any way to support your art.",6,0,1622813560.0,Congr0julations,False,neutral,neutral,neutral,neutral
h0kewe8,"Anyone saw my jaw? Just dropped it here somewhere.

Damnit, should've gotten health insurance.",9,0,1622814364.0,whatdayisitnow,1622816608.0,negative,negative,neutral,negative
h0k78mm,Awesome 👏,4,0,1622810533.0,brupera,False,positive,positive,positive,positive
h0k8buy,Did you use a while pencil to get the detail in the first picture?,3,0,1622811137.0,ExamAmbitious,False,neutral,neutral,neutral,neutral
h0k8buz,Did you use a while pencil to get the detail in the first picture?,3,0,1622811137.0,ExamAmbitious,False,neutral,neutral,neutral,neutral
h0kef3u,"the 1st and the last one are so realistic, I thought it was a photograph of the person. But after reading the title, then I was awestruck.",4,0,1622814133.0,Pandemic_Over,False,positive,positive,positive,positive
h0kg217,You should sell them on NFT market,3,0,1622814908.0,Riishabhz,False,neutral,neutral,neutral,neutral
h0ku0fy,OP! Definitely going to be a top post in r/India 😁,4,0,1622821061.0,,1622829341.0,positive,positive,positive,positive
h0k8d4k,Glbt pajji,3,0,1622811155.0,simysingh20,False,neutral,neutral,neutral,neutral
h0k9658,Solid hai 👌,3,0,1622811585.0,mercified_rahul,False,positive,positive,positive,positive
h0k99sj,Really cool,3,0,1622811638.0,drogon777,False,positive,positive,positive,positive
h0k9br2,Awesome.....,3,0,1622811666.0,Timeisours,False,positive,positive,positive,positive
h0k9ht3,Amazing🤩,3,0,1622811757.0,Doc4869,False,positive,positive,neutral,positive
h0kayz3,This is awesome. How much time did it take you to develop this skill?,3,0,1622812403.0,BookYeller,False,positive,positive,positive,positive
h0kbtko,Pencil??!???!?? Holyyyy fkn shite these are sooooooo beautiful. Keep up the good work brother.,3,0,1622812838.0,,False,positive,positive,positive,positive
h0kd2ul,These are absolutely beautiful mate. Talented and gifted.,3,0,1622813471.0,GooglyEyedunicorn,False,positive,positive,positive,positive
h0kd4mi,Amazing!,3,0,1622813496.0,metalhead079,False,positive,positive,positive,positive
h0kdggs,"Your work is surreal and so inspiring! These look like photographs. Omg! I'm so giving you my free award the next time I get it.

Do you have an art account I can follow?

Edit: The first one is my favorite <3 I could watch it all day long!",3,0,1622813660.0,Hijikata_san_mayo13,False,positive,positive,positive,positive
h0ketoj,"My mind is not ready to believe that this is possible using pencil!!!

So amazing! Salute to your talent.",3,0,1622814330.0,amreddish,False,positive,positive,positive,positive
h0kmkz8,The first drawing really got me I thought it was a photograph. Great work OP.,3,0,1622817869.0,abhi_thorat,False,positive,positive,positive,positive
h0ko2sk,Great job mate.Share your patreon link here as well.,3,0,1622818517.0,SoundofLife123,False,positive,positive,positive,positive
h0krl9g,I mistook it for b/w prints,3,0,1622820031.0,vyper01,False,neutral,neutral,neutral,neutral
h0krreg,"Woww, these look so original - the details are uncanny, one of the best pencil artworks I have ever come across. Loved the old man, the horse, and most certainly Pankaj Tripathi",3,0,1622820102.0,batabyalanisa,False,positive,positive,positive,positive
h0kv2jg,"If I give you a picture, will you be able to sketch? How much will you charge for a sketch?",3,0,1622821523.0,lawaythrow,False,neutral,neutral,neutral,neutral
h0l2bjh,"Come on dude, you are photographer not an artist. 

This is a photo!",3,0,1622824655.0,ken_1712,False,negative,negative,negative,negative
h0l2bp9,"Wow, I'm stunned by how realistic all of these drawings. I respect such people who put their efforts into these details.",3,0,1622824657.0,vizfadz,1622825159.0,positive,positive,positive,positive
h0l58eu,"Camera was invented in 1888
People before 1888 :",3,0,1622825902.0,dopeman477,False,neutral,neutral,neutral,neutral
h0l8j4i,Holy mother of god!,3,0,1622827288.0,MuchNeighborhood7,False,positive,positive,positive,positive
h0l8m2t,r/nextfuckinglevel,3,0,1622827324.0,freak10349,False,negative,neutral,neutral,neutral
h0lq5q0,I’m sure one day u will be good at it keep it up Punjab,3,0,1622834742.0,Gunsmithgee,False,positive,positive,positive,positive
h0k9kmu,amazing,2,0,1622811797.0,prshnt,False,positive,positive,positive,positive
h0kbb8e,Great work op,2,0,1622812578.0,nikskd,False,positive,positive,positive,positive
h0kbhs7,Amazing work man!,3,0,1622812671.0,Moriar_tea28,False,positive,positive,positive,positive
h0ke2aj,Awsome man,2,0,1622813958.0,Desperate_Ad_1494,False,positive,positive,positive,positive
h0kehsb,"These are truely mind blowing. Art has been my nemesis for far too long, so it's good to see such great and realistic sketches.",2,0,1622814169.0,lazy_fella,False,positive,positive,positive,positive
h0keugk,You made this?,2,0,1622814339.0,,False,neutral,neutral,neutral,neutral
h0kfigb,Amazing!!,2,0,1622814651.0,paintedlayd,False,positive,positive,positive,positive
h0kgek1,brah I would pay for this,2,0,1622815071.0,,False,positive,neutral,positive,positive
h0kgg5l,"This is so good!!

You should consider putting some sort of a signature or watermark on these images. We know how easily people steal content on the internet",2,0,1622815092.0,Low-Way3753,False,positive,positive,neutral,positive
h0kls2t,"I’m amazed by all, first one to be more specific . The details 💯 I hope your talent gets you somewhere on the very top someday. Good luck.",2,0,1622817513.0,-HannibalLecter-,False,positive,positive,positive,positive
h0km1xh,Literally chakk de phatte bro.,2,0,1622817634.0,namey_mcnameson,False,neutral,neutral,negative,neutral
h0km30l,Woah,2,0,1622817648.0,PunjabDa,False,positive,neutral,negative,neutral
h0km5vf,Consider making these NFTs + commission on every sale,2,0,1622817683.0,hughhefnerd,False,neutral,neutral,neutral,neutral
h0kmhz1,Many of them seem to be photographs. You are awesome.,2,0,1622817831.0,devil_21,False,positive,positive,positive,positive
h0kmjy1,"Damn this is so refreshing, really love your light and shadows on these arts, all the best wishes and keep this up!",2,0,1622817856.0,,False,positive,positive,positive,positive
h0kmtvh,Amazing pieces. You my man are really talented!,2,0,1622817982.0,gocool96,False,positive,positive,positive,positive
h0kmvwd,Omg amazing,2,0,1622818008.0,sangeeta9,False,positive,positive,positive,positive
h0knbzb,Looks realistic...keep up the good work,2,0,1622818205.0,Niscu,False,positive,positive,positive,positive
h0knkyf,These are so damn good man. Saving your mail id for future. Will definitely like to commission some work. These are outstanding.,2,0,1622818313.0,smmoke,False,positive,positive,positive,positive
h0koaum,"Amazing work, man.  
AK n first one are another level. Great work.  
Can you share your insta id?",2,0,1622818583.0,rogerbhaiya,False,positive,positive,positive,positive
h0kom4q,How much for a commission,2,0,1622818711.0,RobinDebank420,False,neutral,neutral,neutral,neutral
h0kpfiu,next level artworks,2,0,1622819077.0,Alison_Charlotte,False,positive,neutral,neutral,neutral
h0kppjq,Do you do commission work?,2,0,1622819201.0,Ill_kites_710,False,neutral,neutral,neutral,neutral
h0kqa2i,Bhaji bahut vadiya 👍👏👏,2,0,1622819453.0,Empty-buckett,False,positive,neutral,positive,positive
h0kr6no,[photo](https://documentcloud.adobe.com/link/track?uri=urn:aaid:scds:US:d272ee0d-9099-4541-a9f9-1a4be3c40b8e),2,0,1622819854.0,Awasthir314,False,neutral,neutral,neutral,neutral
h0ku5cw,Hi beautiful work. Can you share what pencil and drawing paper is used here? I am a noob and would love to get some advice from you.,2,0,1622821119.0,chadarmod666,False,positive,positive,positive,positive
h0kyet5,How do you make art like this if it takes more than 100 hours? Do you have photographic memory or something?,2,0,1622822962.0,Smok33y69,False,negative,neutral,neutral,neutral
h0kzekm,"So friend-zoned by 3 girls? 🥲
jk. Amazing work bro.",2,0,1622823401.0,Ticking_box,False,positive,neutral,positive,positive
h0l014a,Where from in Punjab? Would love to get these done,2,0,1622823670.0,tvich1015,False,positive,positive,positive,positive
h0l0uup,This is so so beautiful! I hope you post more of these!,2,0,1622824025.0,Clumsy_Punk,False,positive,positive,positive,positive
h0l0zya,And u threw some self portraits there.. Nice work man,2,0,1622824087.0,SirKnghtRydr,False,positive,positive,positive,positive
h0l2ixe,Omg this is the best i have seen here so far. You got an instagram?,2,0,1622824742.0,omkar_T7,False,positive,positive,positive,positive
h0l2w77,[removed],2,0,1622824900.0,,False,neutral,neutral,negative,neutral
h0l39ta,Bhai bohot proud feel karva diya aaj. 🙏🏼🤟🏻👍🏻✊🏼,2,0,1622825062.0,rusepetes,False,positive,positive,positive,positive
h0l4aei,I dont know them but i may be misremembering,2,0,1622825496.0,XTheLegendProX,False,negative,neutral,negative,negative
h0l4ju0,r/paintings,2,0,1622825610.0,Odd-Book3616,False,neutral,neutral,negative,neutral
h0l5qfn,"Fantastic. Thank you for sharing. Such emotion, it makes me think you are a very deep person, emotionally. It is beautiful. Stirring. Evocative. Lovely. Thank you. :)",2,0,1622826118.0,AceOn14Par3,False,positive,positive,positive,positive
h0l5rf2,Biggiantcutehme220kayearbegreat,2,0,1622826130.0,0rarar,False,positive,positive,neutral,positive
h0l659m,First imiige is grandpa,2,0,1622826299.0,This-Is-The-Real-God,False,neutral,neutral,neutral,neutral
h0l67le,Wow this is amazing work.,2,0,1622826327.0,lemon_meringue_tie,False,positive,positive,positive,positive
h0l6kuy,"Awesome artwork bhaji!!!

Punjab mei kahan se!!!",2,0,1622826485.0,GirlfriendHunter,False,positive,positive,positive,positive
h0l7zyc,do you do hedcuts ?,2,0,1622827055.0,Kemosahbe,False,neutral,neutral,neutral,neutral
h0l82pv,Wow.. Just wow.,2,0,1622827089.0,djconnexion,False,positive,positive,positive,positive
h0l8370,Relevant username,2,0,1622827095.0,TheDarkSinghRises,False,neutral,positive,neutral,neutral
h0l9gm7,"Damn bro, you fire !",2,0,1622827693.0,theoozmakappa,False,positive,positive,neutral,positive
h0l9iap,I think the horse and dog are the best ones. Really nailed the hair on those.,2,0,1622827712.0,twitchosx,False,positive,positive,positive,positive
h0l9osh,[removed],2,0,1622827790.0,,False,neutral,neutral,negative,neutral
h0l9t4n,👌,2,0,1622827841.0,jahfar007,False,positive,neutral,neutral,neutral
h0la5xx,Holy cow. Wow man. Those are master pieces!,2,0,1622827994.0,1piece_forever,False,positive,positive,positive,positive
h0lagdb,Awsome veera,2,0,1622828119.0,S_kanwarjeet,False,positive,positive,positive,positive
h0lalxy,Dude this is incredible!,2,0,1622828187.0,balaramesh04,False,positive,positive,positive,positive
h0lao7d,Bohot sohna kam aa veere!❤️,2,0,1622828213.0,radiantpixels27,False,positive,neutral,positive,positive
h0lc53b,baarah bajne waale ha,2,0,1622828859.0,ExternalAd5417,False,neutral,neutral,neutral,neutral
h0lc7dh,Can I commission you for some portrait work?,2,0,1622828887.0,punjabmyth,False,neutral,neutral,neutral,neutral
h0ld7z8,Who’s the army man?,2,0,1622829327.0,Shloeb,False,neutral,neutral,neutral,neutral
h0ld9l7,#2 Guru Nanak?,2,0,1622829347.0,Super--sunday,False,neutral,neutral,neutral,neutral
h0lddkx,These are insanely realistic!,2,0,1622829397.0,MirrorWithSecrets,False,positive,positive,positive,positive
h0ldq6v,"Wow.. great
Looks 3D",2,0,1622829551.0,H4X0RCS,False,positive,positive,positive,positive
h0ldrvb,"This is amazing. How do you draw white hair? Do you use an eraser to erase in a shape of a hair strand, or do you draw around that area?",2,0,1622829570.0,,False,positive,positive,positive,positive
h0ldrx2,Beautiful work. The first one left me speechless.,2,0,1622829571.0,amitnagpal1985,False,positive,positive,positive,positive
h0le7hm,These are incredible! Thank you for sharing.,2,0,1622829760.0,User_NotFound_404,False,positive,positive,positive,positive
h0leqyz,Amazing man!,2,0,1622829995.0,SahibD,False,positive,positive,positive,positive
h0levk8,9th one is my favourite!,2,0,1622830050.0,SahibD,False,positive,positive,positive,positive
h0lexwb,Amazing artwork buddy!,2,0,1622830078.0,newtondubey,False,positive,positive,positive,positive
h0lf4wq,Amazing work! Do you have an Instagram?,2,0,1622830165.0,SinghInNYC,False,positive,positive,positive,positive
h0lgche,"Amazing work!! 

How much time does it take? (I know its not possible to compare the time taken for two different works as there are multiple factors involved)..  In general, how long? Probably with reference to some pictures shared above?",2,0,1622830629.0,sanwfa,False,positive,positive,positive,positive
h0lgtb7,"Absolutely speechless, hats off man",2,0,1622830793.0,BaroonMacaroon,False,positive,positive,positive,positive
h0lhztc,"I usually don't like photorealism, but you have a very distinctive style and it makes it feel more artistic. Well done!",2,0,1622831244.0,doom_chicken_chicken,False,positive,positive,positive,positive
h0li7cu,Pencil!?,2,0,1622831337.0,ForeverAlone_69420,False,neutral,neutral,positive,neutral
h0lj1d0,"This is truly some outstanding work, keep it up! 💛",2,0,1622831709.0,gabrielleraul,False,positive,positive,positive,positive
h0lj61w,I thought the older man was a photograph. Incredible work!,2,0,1622831766.0,,False,positive,positive,positive,positive
h0ljots,Jai Hind.,2,0,1622831999.0,raam194,False,positive,neutral,positive,positive
h0lkwac,Wow!! Where in punjab are you from bro!! I am from ludhiana,2,0,1622832447.0,Runner_Artichoke_,False,positive,positive,neutral,positive
h0llik6,Pankaj Tripathi was unexpected. The sketches are photorealistic. Amazing work <3,2,0,1622832719.0,ativsc,False,positive,positive,positive,positive
h0lm3a6,Stunningly beautiful! Congrats!,2,0,1622832971.0,Libless,False,positive,positive,positive,positive
h0lnuf8,"Fam those are totally photos, they looks just like real life",2,0,1622833730.0,,False,neutral,neutral,positive,neutral
h0lo8hk,[deleted],2,0,1622833902.0,,False,neutral,neutral,negative,neutral
h0lohyz,Okay 😔,2,0,1622834016.0,autistic-dad,False,negative,neutral,neutral,neutral
h0lolrx,"I just stared at your drawings. Legit awesome ❤️

Especially the child with gun and Pankaj Tripathi",2,0,1622834063.0,DeathlyHallows97,False,positive,positive,positive,positive
h0lot6o,One of them must be your true love ❤️,2,0,1622834154.0,singhVirender1947,False,positive,positive,positive,positive
h0lp037,Who is the long hair lady? She's beautiful,2,0,1622834238.0,LingonberryMoney8466,False,positive,positive,positive,positive
h0lpapv,You have a great eye for highlights. Keep it up.,2,0,1622834368.0,VikasDeChoko,False,positive,positive,positive,positive
h0lq0vi,"Everyone :deep fake looks so real .
Me: u see this guys painting right .


Btw Awesome paintings",2,0,1622834683.0,BrightSignature1444,False,neutral,positive,neutral,neutral
h0lq289,God level 🔥,2,0,1622834699.0,Bourne_7,False,positive,positive,positive,positive
h0lqgnp,Op bhai,2,0,1622834874.0,kaafi_hard,False,neutral,neutral,neutral,neutral
h0lrq9u,Great Job and keep it up. God Bless 🙏🏽🙏🏽,2,0,1622835425.0,phizool,False,positive,positive,positive,positive
h0lrsdg,You are incredible!,2,0,1622835450.0,Mr_Abberation,False,positive,positive,positive,positive
h0ls78x,Oh bete re bete mauj kardi! Tam to bade heavy artist ho,2,0,1622835635.0,raghubeer123,False,neutral,neutral,negative,neutral
h0ls8zc,"This is amazing, friend! The level of detail is just 👌",2,0,1622835656.0,mittuu,False,positive,positive,positive,positive
h0ltyw3,[removed],2,0,1622836410.0,,False,neutral,neutral,negative,neutral
h0lujbj,That kid with the AK is insane. Terrifying. Is there a bigger version of it?,2,0,1622836654.0,rtoid,False,negative,negative,negative,negative
h0mo3t5,"That horse is gorgeous. I know a lot of horsey-folk who would pay a fortune for commissions, do you happen to do any?",2,0,1622850708.0,Tintoretto_Robusti,False,positive,positive,positive,positive
h0mo5xf,Do you do custom art work for sale?,2,0,1622850739.0,1o0o010101001,False,neutral,neutral,neutral,neutral
h0mssy7,r/nextfuckinglevel 🤩,2,0,1622853231.0,ffivefootnothingg,False,positive,neutral,neutral,neutral
h0mvn89,Amazing talent! Do you sell your artwork? Please DM me if you’re interested in selling.,2,0,1622854757.0,poodah_gip,False,positive,positive,positive,positive
h0n28t9,"Bai siraaa laya pya ... Sketches are brilliant . Tusi Punjab cho kitno o ... 
Translation : it looks magnificent. From which location in Punjab.",2,0,1622858388.0,kamal_saran,False,positive,positive,positive,positive
h0n2v9r,"Maja aagaya... Award hota mere paas toh de deta

Edit: I came back to give the award",2,0,1622858726.0,windhelmguard17,1622965482.0,neutral,neutral,positive,neutral
h0n9jsg,Kaleen Bhaiya!,2,0,1622862409.0,YOLOsometime,False,neutral,neutral,positive,neutral
h0nf3y4,Liked it but it is very ugly. Not that it is old. I have seen beautiful pics of old people but it is scary. My apologies if you are somehow related to this person but I wish you had chosen a nice face.,2,0,1622865629.0,Abhiggyan,False,negative,negative,neutral,negative
h0nf7ut,"😱🤩🤩🤩🤩🤩🤩 You must be jobless, cause your are great!",2,0,1622865695.0,wethefingers,False,positive,positive,positive,positive
h0ngncr,What is the backstory of #9?  The child (with perhaps father) and the AK-47?,2,0,1622866603.0,BilunSalaes,False,neutral,neutral,neutral,neutral
h0nguh5,"Wow this is extra ordinary , lots of love and support for amazing work . I also draw will take isnpiration from you.",2,0,1622866727.0,friendy_cfg,False,positive,positive,positive,positive
h0nimt9,Have to ask. Do these sketches make money? Or is it your past time and the real moolah maker is something else.,2,0,1622867881.0,rebel_druid,False,negative,neutral,neutral,neutral
h0niobx,"Unbelievable , could you suggest which types of pencils you use to make it.... Please.....🤗🤗🤗",2,0,1622867908.0,SPAIKRA,False,positive,neutral,positive,positive
h0nlhzw,Username checks out,2,0,1622869875.0,blurrscreen,False,neutral,neutral,neutral,neutral
h0nlqe0,You blow my mind! Love it! Will DM,2,0,1622870046.0,jason_bo,False,positive,positive,positive,positive
h0nmyvz,"You can promote your work at mydigitalNews.in or register in it and send us u r publication able work , to feature in our site. Email mydigitalnews.in@gmail.com",2,0,1622870952.0,SatisfactionOk3154,False,neutral,neutral,neutral,neutral
h0nn1oi,u/Rahulgraphite post this in r/nextfuckinglevel,2,0,1622871011.0,lemon_zest278,False,negative,neutral,neutral,neutral
h0nnhzu,Dammm its so real,2,0,1622871357.0,Eksalar,False,neutral,neutral,neutral,neutral
h0nnnwf,"Is it real? When I see the picture 1st, I thought it was real photograph taken by camera",2,0,1622871478.0,Totalgyan_45,False,neutral,neutral,neutral,neutral
h0no2fr,Awsmmmm,2,0,1622871786.0,creativeditor,False,neutral,neutral,positive,neutral
h0nodpc,"Where from Punjab, I’m from Ludhiana currently living in Canada",2,0,1622872030.0,bluetiger699,False,neutral,neutral,neutral,neutral
h0np2uo,Can you make an Etsy store or some website where we can actually see your stuff for sale (a Reddit post doesn't seem that good for sharing purposes) so that we can share it via our social media? I'm not really in the place where I can spend money on art but this is such amazing artwork that eventually sharing it around will get it to people that want to buy it.,2,0,1622872576.0,rgg1999,False,neutral,positive,positive,positive
h0np3dy,It is perfection............... so excellent,2,0,1622872588.0,Kuldeep81,False,positive,positive,positive,positive
h0nr6mn,Beautiful.,2,0,1622874265.0,AJGILL03,False,positive,positive,positive,positive
h0nrbae,"Very talented, I am sure you will become famous soon if not already.",2,0,1622874373.0,baggarbilla,False,positive,positive,positive,positive
h0nrbck,Damnnnnnnnnnn,2,0,1622874375.0,ReadyAd215,False,neutral,negative,negative,negative
h0ns202,You’re sick af. I’m American so that means your art skills are amazing. Just to clarify.,2,0,1622874985.0,,False,positive,neutral,neutral,neutral
h0nsitr,"Wow! Your grandpa’s pic is stunning. 
And I really like that pic #6!",2,0,1622875370.0,Strange_Weather_,False,positive,positive,positive,positive
h0nsnc9,Wow you are insanely talented,2,0,1622875473.0,Shitfaced_Thunder,False,positive,positive,positive,positive
h0nso4t,"Stunning

You'd make a killing as a tattoo artist but I'm not too sure how big the market is for such a thing in India",2,0,1622875492.0,Marty-G70,False,positive,neutral,positive,positive
h0nt3jp,r/ArtPorn,2,0,1622875856.0,WolfgangReddy,False,neutral,neutral,neutral,neutral
h0nt4pz,The dog and the horse look photo-real,2,0,1622875883.0,horror_fan,False,neutral,neutral,neutral,neutral
h0ntcge,"I can't imagine being so passionate about something you can get this talented. So good, and so many different styles too.",2,0,1622876072.0,Capyoazz90,False,positive,positive,positive,positive
h0nusf7,"How in the hell?!? You're genuinely, truly talented in this. Try to do this for a living if you don't already.",2,0,1622877349.0,TheBenevolentTitan,False,positive,positive,positive,positive
h0nuvoh,These are amazing compared to mine and otherwise! Good luck on future endeavours!,2,0,1622877433.0,Yuki_Hikari,False,positive,positive,positive,positive
h0nvns0,Wonderful!,2,0,1622878138.0,raghav2903,False,positive,positive,positive,positive
h0nxf48,Amazing,2,0,1622879740.0,SandhuG,False,positive,positive,positive,positive
h0nxsba,"I refuse to believe this is drawn with a pencil
 Jk OP great work. And here I am, not being able to draw a house.",2,0,1622880090.0,OFFICIAL_memologist,False,negative,negative,neutral,negative
h0nyyqe,This is beyond great! I'm gobsmacked!! Splendid work brother!,2,0,1622881199.0,sicparvismagna369,False,positive,positive,neutral,positive
h0o0old,Did you say pencil work? Unimaginable. Well done (still in doubt sorry),2,0,1622882834.0,OptimalSkin,False,positive,positive,negative,positive
h0o1mut,I M INTERESTED IN BUYING THESE PENCIL WORKS - PLS CALL OR SHARE MORE INFORMATION AT 9811159502 (MANOJ BATRA),2,0,1622883682.0,Ok_Pangolin_622,False,positive,positive,neutral,positive
h0o9598,Bahot vadia ji.,2,0,1622890281.0,wokeprince2020,False,neutral,neutral,negative,neutral
h0o98f4,nazare bnn ditte bhra tusi tan...,2,0,1622890350.0,Labh90,False,neutral,neutral,neutral,neutral
h0obo37,Stunning! Absolutely stunning!,2,0,1622892299.0,FraudMallu,False,positive,positive,positive,positive
h0oearl,I adore the second to last one,2,0,1622894262.0,NosikaOnline,False,positive,positive,positive,positive
h0ox5v1,This is phenomenal,2,0,1622905197.0,jay_dew,False,positive,positive,positive,positive
h0pee52,[deleted],2,0,1622913282.0,,False,neutral,neutral,negative,neutral
h0pesx8,You are unbelievably awesome man!!! Wish you incredible success!! 👏🏼👏🏼👌🏼👌🏼,2,0,1622913488.0,Aromatic-Might,False,positive,positive,positive,positive
h0q4x0f,So smooth 😎,2,0,1622926601.0,ZUMO118,False,positive,positive,positive,positive
h0rooem,"your pencil work  looks realistic , NICE WORK DUDE",2,0,1622959960.0,ganwaniKamal,False,positive,positive,positive,positive
h0rpxhc,Absolutely incredible man. No words. Here's something you should try out. There's a website called my heritage deep nostalgia. You can actually animate some of your photos and watch your art come to life,2,0,1622961010.0,theblackJack364,False,positive,positive,positive,positive
h0rqu2f,Such hard work and skill u have put in your sketches !!!!!!,2,0,1622961785.0,No_Veterinarian5546,False,positive,positive,negative,positive
h0sq9k6,Price?,2,0,1622989587.0,SudhirSachdeva29,False,neutral,neutral,positive,neutral
h0tqcyk,Really !! These sketches forced me to join reddit !!  You are Awesome dear.  *Amazing*,2,0,1623007048.0,to_know_the_Truth,False,positive,positive,positive,positive
h0v4ctj,Bro register on wazirx and sell them as NFTs. You will get a lot of value for your hard work,2,0,1623032094.0,kuku1687,False,positive,positive,neutral,positive
h0vw6qy,I thought the first drawing was an actual photo. Wow your fantastic,2,0,1623050964.0,Chris_Weezy123,False,positive,positive,positive,positive
h0wu8al,"What the fuck do you mean the best 

Those are some best sketches I've seen",2,0,1623075906.0,Financial-Neat7887,False,positive,positive,positive,positive
h1049wf,Absotustuluskyly fantastic,2,0,1623132924.0,ValahariVaat,False,positive,positive,positive,positive
h10i548,These look fantastic!,2,0,1623145712.0,legendforever7,False,positive,positive,positive,positive
h10iu4k,"Amazing
The first one like like a photograph",2,0,1623148870.0,Snoo-33433,False,positive,positive,positive,positive
h10odnp,superb man!,2,0,1623153443.0,rajikhatri,False,positive,positive,positive,positive
h1fce8j,"The 12th photo is the artist's self portrait. Been following his progress from many year, he is amazing.",2,0,1623432684.0,caramelio,False,positive,positive,positive,positive
h1m31b5,"So realistic.

No words to appreciate your art

So here you go

👏👏👏",2,0,1623584954.0,kaysri,False,positive,positive,positive,positive
h2d9nkn,Wow. Amazing.,2,0,1624141270.0,kambling123,False,positive,positive,positive,positive
h2folsu,:'(,2,0,1624201966.0,Steve1924,False,negative,negative,neutral,negative
h2uv8qk,r/indianartandthinking,2,0,1624514470.0,noodledanger1,False,neutral,neutral,neutral,neutral
h33okc9,I am actually confused if it is  your  pencil work or black and white photographs....it is damn amazing...awesome.....,2,0,1624712114.0,Chubby_Bunny_17,False,positive,positive,positive,positive
h3bnjas,"These are mind bogglingly realistic, to the point I'm legit confused if they're actually real or picture with filters applied. I tired reverse searching and found images which look really l damn close but has some differences so maybe you used them as references? I'm not accusing you of art art theft in any way but being an artist myself, stolen stuff is so annoying so I'm checking, just in case. Seems like this is your orignal work! Great job dude! That's so freaking good! I love your work!",2,0,1624890281.0,Brokeshadow,False,negative,positive,positive,positive
h489stp,Bro are you sure these are pencil art but not black & white photo cause they look like photos,2,0,1625573626.0,Logical_Guard_5948,False,neutral,neutral,neutral,neutral
h6v9157,wow i thought the first drawing was an actual photograph!,2,0,1627500836.0,imsorry2019,False,positive,neutral,neutral,neutral
hfionnx,holy mother of god sake it's soo good,2,0,1633463673.0,indianpandaaaaa,False,positive,positive,positive,positive
h0lgtc1,"I am really overwhelmed with the response getting here here on reddit. I was trying since more than a year and this is the first time my posts hit up. 


You guys are really amazing. I  very happy and trying to reply each and everyone but sorry if i miss someone's post. 

The notifications are really very much. 

Thank you guys! You are amazing 
Much love 
Rahul",1,0,1622830793.0,Rahulgraphite,False,positive,positive,positive,positive
h0khlqu,if it is not personal can i ask how much you earn ? because i heard that artists are not paid well . and seriously man your pictires are astonishing. co grats for that.,1,0,1622815634.0,Confident-Chair5821,False,positive,negative,positive,positive
h0lhksa,Need a Yo-yo Honey Singha portrait in there ....,1,0,1622831093.0,Ok-Recognition2098,False,neutral,neutral,neutral,neutral
h0ntuxa,Nice job phanchod,0,0,1622876525.0,Jatt710,False,positive,positive,positive,positive
h0kiptb,[deleted],-5,0,1622816143.0,,False,neutral,neutral,negative,neutral
h0kdctz,This is incredible. How long did the first portrait take?,1,0,1622813610.0,voiletfalcon36,False,positive,positive,positive,positive
h0kgcqd,Wowww,1,0,1622815047.0,TheUnknownValour,False,positive,positive,neutral,positive
h0kglqv,These are so photographic I couldn't tell at first glance! 🏅,1,0,1622815165.0,_Cow__,False,positive,neutral,positive,positive
h0kgr7d,Incredible.,1,0,1622815235.0,reeree24,False,positive,positive,positive,positive
h0kgv6m,Awesome 👍,1,0,1622815287.0,sac666,False,positive,positive,positive,positive
h0kgxnt,This is some excellent work. Have you considered some kind of online profile and doing this professionally and make some money?,1,0,1622815320.0,,False,positive,positive,positive,positive
h0kh4oz,Woahhh this is so cool!,1,0,1622815413.0,grinlowr,False,positive,positive,positive,positive
h0kh56e,Gosh you are amazing!!!!,1,0,1622815419.0,_sup_homie_,False,positive,positive,positive,positive
h0kh8og,"Bloody hell! Damn good stuff, bro.",1,0,1622815465.0,laksh01sh,False,positive,positive,positive,positive
h0khc96,This is mesmerizing! The details are really next level. Amazing work,1,0,1622815511.0,,False,positive,positive,positive,positive
h0khnkp,Super,1,0,1622815657.0,randomindian007,False,positive,positive,positive,positive
h0khte2,Amazing work bro keep it up.,1,0,1622815731.0,LEGENDARYlol1,False,positive,positive,positive,positive
h0ki4kx,Kaint,1,0,1622815871.0,dynamite-bud,False,neutral,neutral,neutral,neutral
h0kifvz,"Veerji, too good.. superb. 
+1 to your list of followers :)",1,0,1622816016.0,Puzzleheaded-Judge-3,False,positive,positive,positive,positive
h0kikcr,This is beautiful! I’ll message you offline...,1,0,1622816073.0,knockheavensdoor,False,positive,positive,positive,positive
h0kil5d,Amazing work!!,1,0,1622816083.0,Such-Smoke-8196,False,positive,positive,positive,positive
h0kj31t,Amazing,1,0,1622816309.0,Raey52,False,positive,positive,positive,positive
h0kjgy1,Great works OP.  That horse is roided  up like crazy though.,1,0,1622816482.0,rimjobcleanup,False,positive,positive,positive,positive
h0kk4fo,You are such a legend bruh. Beautiful.,1,0,1622816773.0,AdmirableAra,False,positive,positive,positive,positive
h0kk8of,Love #6 - the man in a pugdi holding a phone. It's amazing how this drawing has comparatively less pencil work but that brings out the sun reflection even more making it more striking. Plus it has the soft water color effect which is awesome.,1,0,1622816825.0,wromit,False,positive,positive,positive,positive
h0kler3,You sir are one of the best artists I’ve seen recently. I hope you explode soon !,1,0,1622817349.0,sapioman117,False,positive,positive,positive,positive
h0klfgf,Great work my friend,1,0,1622817358.0,Samalvii,False,positive,positive,positive,positive
h0kljyw,Very impressive. Keep going on,1,0,1622817414.0,BasedBallsInMyFace,False,positive,positive,positive,positive
h0kln87,Those details 🔥💯,1,0,1622817453.0,Kind_Ad4173,False,positive,neutral,neutral,neutral
h0klsrl,This is incredible work!,1,0,1622817521.0,shaan__,False,positive,positive,positive,positive
h0knrqt,Wow! Love and respect!,1,0,1622818394.0,pkdtezpur88,False,positive,positive,positive,positive
h0knswv,Very photorealistic! Good job!,1,0,1622818409.0,amritzoad,False,positive,positive,positive,positive
h0knwmb,/r/Art,1,0,1622818455.0,Vigyanic,False,neutral,neutral,neutral,neutral
h0ko3mk,This is really good. I thought most of them were pictures not drawings. Keep up the good work,1,0,1622818528.0,mraseelak,False,positive,positive,positive,positive
h0kog02,Great work buddy,1,0,1622818636.0,Weekly-Phone,False,positive,positive,positive,positive
h0koman,Which paper and pencils you use,1,0,1622818713.0,Exciting_Radish4515,False,neutral,neutral,neutral,neutral
h0kpbaw,Bloody hell! I thought it was BW filter.,1,0,1622819025.0,droningcaddy,False,negative,negative,negative,negative
h0kpdj5,Magnificent dude just amazing,1,0,1622819052.0,Feeling-Worldliness8,False,positive,positive,positive,positive
h0kpkum,Man this is amazing,1,0,1622819143.0,ameen__shaikh,False,positive,positive,positive,positive
h0kpm6h,You should post them on r/Art,1,0,1622819159.0,Responsible_Ad4458,False,neutral,neutral,neutral,neutral
h0kpnkv,This belongs to r/nextfuckinglevel,1,0,1622819176.0,Darth_Priyo,False,negative,neutral,neutral,neutral
h0kppx2,"As someone who can only draw stick figures, your talent absolutely bops. You should start posting with watermark in your work lest someone starts infringing them.

Do you have insta for your works?",1,0,1622819205.0,TheIndianchick,False,positive,neutral,positive,positive
h0kpsx3,"Don't waste your talent.

Draw revolution. Take people's side and put your talent to the best use.",1,0,1622819243.0,letzseeee,False,positive,positive,positive,positive
h0kpv3y,This is superb !,1,0,1622819270.0,jprbruce,False,positive,positive,positive,positive
h0kpyjl,Check DM,1,0,1622819312.0,irahulldubey,False,neutral,neutral,neutral,neutral
h0kpz1w,Truly outstanding work.,1,0,1622819318.0,dinkletrump,False,positive,positive,positive,positive
h0kq0m1,People really be too talented sometimes. Damn!,1,0,1622819338.0,ladiesman3691,False,positive,neutral,positive,positive
h0kq20k,Gajab!! You are very skilled!!,1,0,1622819354.0,ryuk33,False,positive,positive,positive,positive
h0kqd9o,"I can't believe how you managed to shade the dog so well...it looks so realistic

Here's a gold 😄",1,0,1622819492.0,Niru2169,False,positive,positive,positive,positive
h0kqhyq,Your work really does come across professional. Self taught or learnt?,1,0,1622819550.0,SurugaMonke,False,neutral,neutral,neutral,neutral
h0kqj9l,"Beautiful realistic work !!

I especially loved the detailing of the fur of the dog!

I’d never be able to tell if your profile picture is a photo or a sketch now 😃!",1,0,1622819566.0,chai-means-tea,False,positive,positive,positive,positive
h0kslrz,These are absolutely incredible!,1,0,1622820464.0,RayTheRogue,False,positive,positive,positive,positive
h0ktk83,Veerje wadiya !,1,0,1622820868.0,Calderon1915,False,neutral,neutral,neutral,neutral
h0ktlcn,"It's so goood it doesn't even looks like it's drawn, looks like it's real life form",1,0,1622820882.0,bruhamesh,False,positive,positive,neutral,positive
h0ku7tf,u/Rahulgraphite consider posting on r/art,1,0,1622821150.0,,False,neutral,neutral,neutral,neutral
h0kun8q,Ngl the first pic scared the shit outta me but great work tho,1,0,1622821337.0,Trick-Forever6426,False,negative,positive,neutral,neutral
h0kv4ad,"Post this on r/nextfuckinglevel
This really is next fucking level!",1,0,1622821546.0,GatesMotel,False,negative,negative,negative,negative
h0kv6jq,Wow! That's amazing,1,0,1622821573.0,KindYam4623,False,positive,positive,positive,positive
h0kvr9v,damn bro you got talent.,1,0,1622821822.0,MeeiiT,False,positive,positive,positive,positive
h0kvso8,Isn't it to much realistic?,1,0,1622821838.0,shinigami_rem,False,negative,neutral,neutral,neutral
h0kw0jy,"Mai nai manta, video dikhao. 

/s. Truly mind blowing yaar. Love it.",1,0,1622821932.0,AnkitGargOP,False,positive,positive,positive,positive
h0kw2lb,Username checks out,1,0,1622821955.0,nraheez1,False,neutral,neutral,neutral,neutral
h0kwqrt,Perfect ending. Tussi great ho,1,0,1622822242.0,Sudzud,False,positive,positive,positive,positive
h0kx1iw,The first one is absolutely incredible! I just awarded a free silver to another post and saw this.. I would have definitely given this one. Superb work!,1,0,1622822369.0,atanew,False,positive,positive,positive,positive
h0kx1mf,Send me the tutorial videos please 🥺.,1,0,1622822370.0,RobustSapiens,False,positive,neutral,neutral,neutral
h0kx6cp,"Lol. Its funny the last character you drew looks very similar to pankaj tripathi. 
What are the odds!",1,0,1622822425.0,CancerousSarcasm,False,neutral,positive,positive,positive
h0kx92i,lovely.. just lovely.,1,0,1622822458.0,QuantumEnormity,False,positive,positive,positive,positive
h0ky637,tbh you are great in what ur doing. it's so real..,1,0,1622822855.0,glitch_inmatrix,False,positive,positive,positive,positive
h0kyivg,Beautiful-Thank you,1,0,1622823013.0,Jacque3455,False,positive,positive,positive,positive
h0kyzcj,So surreal.. You are extremely talented ma man..Keep up the good work.,1,0,1622823216.0,The_Antenna,False,positive,positive,positive,positive
h0kz7m9,"Woaah dude, You are just awesome
Great work",1,0,1622823316.0,bluebloodsnowman,False,positive,positive,positive,positive
h0kzasl,Your pictures look like they are going to come to life any moment.... Amazing,1,0,1622823354.0,,False,positive,positive,positive,positive
h0kznix,Amazing work man....keep it up,1,0,1622823510.0,arunabharocks123456,False,positive,positive,positive,positive
h0kzotv,Very talented!,1,0,1622823525.0,crazyIndieDev,False,positive,positive,positive,positive
h0kzr7f,Big pp,1,0,1622823553.0,ToonWrecker69,False,neutral,neutral,neutral,neutral
h0l0kyz,"Waa bahi waa, terrific work",1,0,1622823906.0,Altruistic_Sky1866,False,positive,positive,positive,positive
h0l0lf3,Omg you are dangerously talented!,1,0,1622823911.0,StatsGirly,False,positive,positive,positive,positive
h0l0pn2,"Fucking hell, you're awesome!",1,0,1622823962.0,remind_me_to_pee,False,positive,positive,positive,positive
h0l1dma,Panjak Tripathi is bang on with his grumpy smirk.,1,0,1622824250.0,souroda,False,negative,negative,positive,negative
h0l1xqb,"Are you sure its pencil ?

Its damn good",1,0,1622824491.0,manajain,False,positive,positive,positive,positive
h0l2k06,Nice,1,0,1622824755.0,CafePancake,False,positive,positive,positive,positive
h0l2r0y,Kid with ak47 looks like black and white photo damm,1,0,1622824838.0,monsieur_bi,False,negative,neutral,negative,negative
h0l3gp2,No 15 and 17 are my favorite,1,0,1622825145.0,gwk74,False,positive,positive,positive,positive
h0l3m8f,"I can sketch too, stick man sketch... :(",1,0,1622825210.0,A_random_zy,False,negative,negative,neutral,negative
h0l3slx,great work op,1,0,1622825286.0,,False,positive,positive,positive,positive
h0l3wof,This is too good ^^,1,0,1622825334.0,spectkiller_reddit,False,positive,positive,positive,positive
h0l3zor,Omg!!! You are very talented. Thank you so much for sharing with us.,1,0,1622825370.0,melancholy86,False,positive,positive,positive,positive
h0l4ekm,Bohot sundar hain Bhai. Well done 👏🏼👏🏼,1,0,1622825547.0,Odd-Book3616,False,positive,positive,positive,positive
h0l4vyb,Amazing and realistic  work mate,1,0,1622825754.0,m2d2r2,False,positive,positive,positive,positive
h0l78f4,"Amazing artwork, please post on r/nextfuckinglevel",1,0,1622826719.0,ancient_pablo,False,positive,positive,positive,positive
h0l8mrz,"How to you get so thin whites?

Paint?",1,0,1622827332.0,newInnings,False,neutral,neutral,neutral,neutral
h0lfyxw,fucking hell i thought some of these were black and white pics of ppl,1,0,1622830501.0,flickrsplikr,False,negative,negative,negative,negative
h0lgcc9,amazing,1,0,1622830627.0,AwkwardMajor9504,False,positive,positive,positive,positive
h0lvi48,Duuude this is soo good!!!,1,0,1622837075.0,jconaholiday,False,positive,positive,positive,positive
h0lvlg3,Amazing,1,0,1622837114.0,SuryaYlp,False,positive,positive,positive,positive
h0lwv3l,Excellent artistic work brother.. keep it up!!,1,0,1622837669.0,THIK_COCK,False,positive,positive,positive,positive
h0lwy0x,Beginner here.How many hours did you have to put in to reach this level?,1,0,1622837705.0,ledepression,False,neutral,neutral,neutral,neutral
h0lx17i,"Holy shit, absolutely incredible work! Wish I had an idea for a commissioned piece, I'll be sure to save this and reach out when I'm on the market for one!",1,0,1622837744.0,willllllllllllllllll,False,positive,positive,positive,positive
h0lx1f9,This is absolutely fantastic. You’re truly talented. Wish you the best veerey.,1,0,1622837747.0,golubeerji,False,positive,positive,positive,positive
h0lxluk,"Dude, you are extraordinarily talented. Keep it up!",1,0,1622837999.0,Zimp_not_Simp,False,positive,positive,positive,positive
h0ly03d,Dude this is so freaking amazing. 11 and last of Pankaj tripathi stole the show for me. Good job OP. This is r/NextFuckingLevel,1,0,1622838171.0,AnxiousAvocado2107,False,positive,positive,positive,positive
h0ly851,That’s fucking next level veerey. r/nextfuckinglevel,1,0,1622838270.0,gandhi_rahul,False,negative,negative,negative,negative
h0lze8h,That’s amazing,1,0,1622838797.0,hopeless--Romantic,False,positive,positive,positive,positive
h0lzrfz,"Itna talent late kaha se ho, hamare paas to nahi hai.",1,0,1622838963.0,iamthepkn,False,neutral,neutral,negative,neutral
h0lzskt,Amazing!!,1,0,1622838976.0,nightjourney,False,positive,positive,positive,positive
h0m0254,Amazing work! Mind blowing halftone and blending! Values is something I struggle so much with.,1,0,1622839095.0,MaiqTyson,False,positive,positive,positive,positive
h0m0ay5,Amazing work. You have a talent you were born with. Wishing you much success.,1,0,1622839207.0,ArmadilloRare2503,False,positive,positive,positive,positive
h0m10xl,Great artists are a dime a dozen. Memorable artists are controversial and political. Rich artists are copied. Wealthy artists can not be copied. I  am none of these,1,0,1622839534.0,Top-Opportunity-9023,False,neutral,neutral,negative,neutral
h0m26bq,BHENCHOD! That’s one of the best things I have seen this year!,1,0,1622840051.0,Curious-pussy-cat,False,positive,positive,positive,positive
h0m2koc,Loved the Pankaj Tripathi one,1,0,1622840233.0,,False,positive,positive,positive,positive
h0m30gt,Best sketch that I've ever seen! Keep it up veere,1,0,1622840430.0,terminatorSingh,False,positive,positive,positive,positive
h0m35l9,"Wait, this isn't a picture?? Get out of here!",1,0,1622840496.0,baloney24,False,negative,negative,neutral,negative
h0m41uq,"What a talent ,you lucky man !!",1,0,1622840909.0,Maleficent-Tree-4516,False,positive,positive,positive,positive
h0m515c,"Boht ghaint veerey, laggey raho! You got an IG or somewhere where I could follow?",1,0,1622841362.0,crocSauce109,False,neutral,neutral,neutral,neutral
h0m6p2g,These are amazing!!,1,0,1622842129.0,shuttervelocity,False,positive,positive,positive,positive
h0m7i9l,"Loved the last one, Kaleem Bhaiya op 💯",1,0,1622842503.0,Ok_Win_2265,False,positive,positive,positive,positive
h0max72,Att kara di veere,1,0,1622844090.0,Gobar_Eater,False,neutral,neutral,neutral,neutral
h0mbu71,The first one looks like a literal photograph. You're amazing!,1,0,1622844521.0,KyloTheBird,False,positive,positive,positive,positive
h0mcr7g,Awesome bro !!!!,1,0,1622844969.0,deadlypankaj17,False,positive,positive,positive,positive
h0mcu2z,Loved the picture of the kid,1,0,1622845008.0,deadlypankaj17,False,positive,positive,positive,positive
h0me2pd," WOW the first one can't be a pencil drawing..it looks exactly like a photograph!!!

Absolutely mind-blowing",1,0,1622845604.0,Spideyocd,False,positive,positive,positive,positive
h0meeo0,Beautiful pictures. Well done.,1,0,1622845766.0,Dev7812,False,positive,positive,positive,positive
h0mfd7e,"Share it with some of the artists, a shout out will help you get more audience.",1,0,1622846235.0,,False,positive,positive,neutral,positive
h0mh3kp,Amazing!!!,1,0,1622847094.0,AltheaTones,False,positive,positive,positive,positive
h0mhwyt,Nah half these are photos I can prove it! Takes big mistake eraser....uh oh..I'm sorry I'm sorry I'm so so sorry please use this eraser upon me!,1,0,1622847505.0,uubuer,False,negative,negative,negative,negative
h0miuk8,Post these on r/art right away,1,0,1622847985.0,,False,neutral,neutral,neutral,neutral
h0mkalp,Awesomeeeeeeeeeeeeeeeeee.,1,0,1622848723.0,No_Championship_7285,False,positive,positive,positive,positive
h0mlao9,These are really great!!,1,0,1622849238.0,ChefDanG,False,positive,positive,positive,positive
h0mm4ez,I would but number 9 and frame it. That is amazing work. Thank you for sharing,1,0,1622849669.0,Cyntakz,False,positive,positive,positive,positive
h0mrlb9,I am sure your Sketch looks more real than the original old guy,1,0,1622852571.0,LexiconDealer,False,neutral,positive,neutral,neutral
h0mt6uz,This really is amazing! Im an artist and my skill level isnt a drawing that really appears to be a photograph! Youre so impressive!,1,0,1622853438.0,mmparks781,False,positive,positive,positive,positive
h0mu90i,Hanje: These are far too detailed to be drawn by a human.,1,0,1622854011.0,,False,negative,neutral,neutral,neutral
h0mv4n9,The dog sketch is awesome 👏,1,0,1622854484.0,knhariharan,False,positive,positive,positive,positive
h0mvjdj,Beautiful work Bai Ji.,1,0,1622854701.0,,False,positive,positive,positive,positive
h0mx4x1,pencil? these look real. amazing work man <3,1,0,1622855587.0,verrtically,False,positive,positive,positive,positive
h0mxisf,Excellent.,1,0,1622855800.0,MV_Murali,False,positive,positive,positive,positive
h0mxm07,Amazing!,1,0,1622855849.0,DesiLyfe,False,positive,positive,positive,positive
h0mxm1o,Amazing 🤩,1,0,1622855850.0,gurjeetchahal91,False,positive,positive,positive,positive
h0my4qj,Kaim 💯💯,1,0,1622856132.0,SumitDh,False,positive,neutral,positive,positive
h0mygy1,My stick figures arms aren’t even straight,1,0,1622856320.0,iABUSEmyMEAT,False,negative,negative,neutral,negative
h0mylxo,"this is the most punjabi post i have ever seen. from one to another, cheers yaar.",1,0,1622856397.0,bob905,False,positive,positive,positive,positive
h0myqrt,Couldn't believe that these are not photographs...awesome work...uv caught the expressions so well ...efforts n dedication....stay blessed mate!,1,0,1622856476.0,Rosasenensis,False,positive,positive,positive,positive
h0n0i9h,"Dude I love it!!! It’s just right not real but really really close, it’s great!",1,0,1622857447.0,qwert384,False,positive,positive,positive,positive
h0n10x4,Geez these are incredible. I think your best is number 3 but my favorite is number 4. Which of these do you like the most?,1,0,1622857730.0,,False,positive,positive,positive,positive
h0n1gar,"Superb. You can join and post it in r/drawing or r/painting. You will better appreciation and feedback.

Drawing ke maamle mein hum majnu bhai hai.",1,0,1622857962.0,svlsr2000,False,positive,positive,positive,positive
h0n4wyb,"Sooo realistic that i wonder it is a b/w filter.
Super work",1,0,1622859826.0,Cheralathan-E,False,positive,positive,positive,positive
h0n52h0,Amazing!   Wow!,1,0,1622859910.0,Somamang,False,positive,positive,positive,positive
h0n60sy,Awesome hai,1,0,1622860446.0,bhasski,False,positive,positive,positive,positive
h0n6b59,Woah! This is legit artwork.,1,0,1622860601.0,lady-sherlock,False,positive,positive,positive,positive
h0n6w5v,Genuinely gifted. Great work.,1,0,1622860926.0,zen4ever99,False,positive,positive,positive,positive
h0n6xzw,I would love to see an exhibition of your beautiful artworks,1,0,1622860956.0,,False,positive,positive,positive,positive
h0n7aa3,Wow! Holy shit these are fantastic.,1,0,1622861147.0,massiveboner911,False,positive,positive,positive,positive
h0n8u5z,These are unbelievably true to life.,1,0,1622862013.0,RiantRobo,False,positive,positive,positive,positive
h0nafrb,Bhai itna acha kaise bana lete ho 0.0,1,0,1622862924.0,AzkabanResident,False,neutral,neutral,negative,neutral
h0nb66r,"Wow man, I thought these were black & white photos at first, you have an insane amount of talent.",1,0,1622863341.0,Phantomkiller03,False,positive,positive,positive,positive
h0nbg8u,How is this even possible lol? Next fucking level.,1,0,1622863496.0,ohwtf123,False,negative,negative,neutral,negative
h0nbx7n,Absolutely stunning!! So life-like,1,0,1622863766.0,rainbow_magi,False,positive,positive,positive,positive
h0nc0q7,God damn!,1,0,1622863823.0,Anteemo,False,negative,negative,negative,negative
h0nczfj,"Oh,,,My,,,,,God,,,,I can't belive it,,,,,this is freaking amazinggg🤩🤩🤩🤩",1,0,1622864363.0,kVPng,False,positive,positive,negative,positive
h0nd3m2,WHOEVER AND WHEREVER YOU ARE YOU ARE LEGENDRY AND BLESSED WITH LOTS OF TALENT.!! KEEP IT UP!!!,1,0,1622864430.0,One-Ambition300,False,positive,positive,positive,positive
h0ndfhg,I love these,1,0,1622864620.0,,False,positive,positive,positive,positive
h0ndt40,Bro open a youtube channel. Start making speed arts. You can get more work,1,0,1622864838.0,nalinpuri,False,neutral,neutral,neutral,neutral
h0neivw,So much talent!!!! Good job! I'm moved to tears by a couple of them. I love how you try to capture the essence of the person.,1,0,1622865268.0,anjibern,False,positive,positive,positive,positive
h0nf829,So talented. Thanks for posting.,1,0,1622865698.0,B0ssc0,False,positive,positive,positive,positive
h0nfbe6,Dude you are amazing artist. Keep it up:),1,0,1622865757.0,better__guy,False,positive,positive,positive,positive
h0nfelp,Mindblowing. Especially love the details on the first one !,1,0,1622865812.0,problem_solver1,False,positive,positive,positive,positive
h0nflm0,Hats off bro,1,0,1622865932.0,,False,positive,positive,neutral,positive
h0ng32u,Superb one👌👌,1,0,1622866238.0,Extension-Level3786,False,positive,positive,positive,positive
h0ngaqj,Ohhhh my god! That is amazing..,1,0,1622866376.0,karlailin,False,positive,positive,positive,positive
h0ngryl,"Bro, teach me. This is  photo-realistic.  Love it!",1,0,1622866684.0,Nimbus1m,False,positive,positive,positive,positive
h0nh1ki,Excellent job man! Absolutely love what seems like a communication engineer!,1,0,1622866850.0,,False,positive,positive,positive,positive
h0nh5ka,Amazing work!,1,0,1622866920.0,D3V1LM4N,False,positive,positive,positive,positive
h0ni0cy,Awesome job! Keep up the great work!,1,0,1622867474.0,ZenseiPlays,False,positive,positive,positive,positive
h0nikpf,"Superb, Wow",1,0,1622867842.0,Bulky_Edge_6856,False,positive,positive,positive,positive
h0niqp6,"This is done in pencil? Wow,  I thought it was a photo. This is really wonderful!",1,0,1622867950.0,vsujeesh,False,positive,positive,positive,positive
h0nj5j9,I thought it was a bw pic first,1,0,1622868227.0,,False,neutral,neutral,neutral,neutral
h0nj7qf,Breathtaking and stunning!,1,0,1622868270.0,plipyplop,False,positive,positive,positive,positive
h0njzwa,Dude this is amazing,1,0,1622868805.0,MrDv09,False,positive,positive,positive,positive
h0nm26r,Its beautiful 🥵😍😍😍,1,0,1622870282.0,No-Rutabaga-6151,False,positive,positive,positive,positive
h0nosgc,This is absolutely brilliant!,1,0,1622872344.0,Tsyklone,False,positive,positive,positive,positive
h0nr6lz,Beautiful.,1,0,1622874265.0,AJGILL03,False,positive,positive,positive,positive
he7eb2f,Nice,1,0,1632565308.0,TheultimateMONKEE,False,positive,positive,positive,positive
h0k6rj5,"Thank you so much bhai. 
I started in 2015 after i failed in final year mathematics exam and then professionally started working since 2017.
I would love to help you.",158,1,1622810264.0,Rahulgraphite,False,positive,positive,positive,positive
h400ogf,Even Speedwagon is astonished,2,1,1625381669.0,CreepyPasta253,False,neutral,neutral,positive,neutral
h0k5yww,Thank you 😄,87,1,1622809810.0,Rahulgraphite,False,positive,positive,positive,positive
h0lzg79,You Really An Artist man.,2,1,1622838821.0,paradoxically_mental,False,positive,positive,positive,positive
h0kbr5i,"Yes sir. Thats my profession. You can mail me at shuklasketches@gmail.com 
I do ship worldwide",144,1,1622812804.0,Rahulgraphite,False,neutral,neutral,neutral,neutral
h0k6kgq,"Yess i made that for an exhibition in 2017. Its very close to me. 
Thank you for appreciating!! 🙏",63,1,1622810153.0,Rahulgraphite,False,positive,positive,positive,positive
h0kbgmd,Thank you bhaijaan,30,1,1622812655.0,Rahulgraphite,False,positive,positive,positive,positive
h0kgk1d,:D,8,1,1622815143.0,comfort_bot_1962,False,positive,positive,neutral,positive
h0lmzor,:D,1,1,1622833362.0,comfort_bot_1962,False,positive,positive,neutral,positive
h0mrb3r,:D,1,1,1622852418.0,comfort_bot_1962,False,positive,positive,neutral,positive
h0na0e8,:D,1,1,1622862679.0,comfort_bot_1962,False,positive,positive,neutral,positive
h0ncnl8,:D,1,1,1622864175.0,comfort_bot_1962,False,positive,positive,neutral,positive
h0niddl,:D,1,1,1622867713.0,comfort_bot_1962,False,positive,positive,neutral,positive
h0ke3hv,Thank you man 🌺,14,1,1622813975.0,Rahulgraphite,False,positive,positive,positive,positive
h0kcipx,Thats so nice of you 🌺,4,1,1622813193.0,Rahulgraphite,False,positive,positive,positive,positive
h0pcnl5,THEY ARE REAL PICTURES. Were there no pictures before photography?!,4,1,1622912421.0,Hot_Supermarket7933,False,neutral,positive,neutral,neutral
h0k75vk,"Thats so sweet of you. 
Honestly i am not very good at selling my work. Just trying since then. 
But still i am thankful and believe i ll get someday.",21,1,1622810489.0,Rahulgraphite,False,positive,positive,positive,positive
h0k7dqg,Thank you ☺️,4,1,1622810612.0,Rahulgraphite,False,positive,positive,positive,positive
h0kcdxe,Pankaj sir. 🌺 and he also shared this artwork as a story on his Instagram.,20,1,1622813123.0,Rahulgraphite,False,positive,neutral,neutral,neutral
h0k96tj,Yes. Pankaj Tripathi,7,1,1622811595.0,Zod50,False,neutral,neutral,neutral,neutral
h0k95ko,"Yep, pankaj tripathi",6,1,1622811577.0,mercified_rahul,False,neutral,neutral,neutral,neutral
h0kcfnh,Sorry to hurt your expectations but thanks man,13,1,1622813148.0,Rahulgraphite,False,negative,neutral,neutral,neutral
h0kd9a8,Sorry to hurt you man! But i am Proud to be a Punjabi. 🌺,19,1,1622813560.0,Rahulgraphite,False,positive,positive,negative,positive
h0l3hp9,Maybe to differentiate between Pakistan Punjab? idk...,9,1,1622825157.0,A_random_zy,False,neutral,neutral,neutral,neutral
h0kr9nu,He might mean Punjab Pakistan,14,1,1622819891.0,,False,neutral,neutral,neutral,neutral
h0kd23k,"Thank you so much!
Yes i am a Professional.",8,1,1622813461.0,Rahulgraphite,False,positive,positive,positive,positive
h0kbcf3,Hentai does pay a lot more,15,1,1622812595.0,,False,neutral,neutral,neutral,neutral
h0kdepq,Best comment so far.,8,1,1622813636.0,Rahulgraphite,False,positive,positive,positive,positive
h0k7by2,Thank you dear ❤️,3,1,1622810584.0,Rahulgraphite,False,positive,positive,positive,positive
h0kcjad,🙏🙏😊,3,1,1622813201.0,Rahulgraphite,False,positive,neutral,neutral,neutral
h0kdc1l,Keep sharing so that i can get work. 😅,8,1,1622813599.0,Rahulgraphite,False,neutral,neutral,neutral,neutral
h0kezxo,Hahahaha!! Nice one,3,1,1622814410.0,Rahulgraphite,False,positive,positive,positive,positive
h0k7cil,Thank you bru 🌺,2,1,1622810593.0,Rahulgraphite,False,positive,positive,positive,positive
h0kcbky,Yes. White pen. Btw he was my grandfather.,11,1,1622813091.0,Rahulgraphite,False,neutral,neutral,neutral,neutral
h0kejo7,1st was my grandfather and last one is my favourite actor alive!,5,1,1622814194.0,Rahulgraphite,False,positive,positive,positive,positive
h0kek6k,And thank you 😊,3,1,1622814201.0,Rahulgraphite,False,positive,positive,positive,positive
h0kg7gt,I tried to sell on Rarible but not able to understand it properly,2,1,1622814980.0,Rahulgraphite,False,negative,negative,negative,negative
h0rrg0t,Thanks!,1,1,1622962314.0,Rahulgraphite,False,positive,positive,positive,positive
h0rrhds,Shukriya bhaji,1,1,1622962346.0,Rahulgraphite,False,neutral,neutral,negative,neutral
h0kch4z,Started in 2015 and still improving.,4,1,1622813170.0,Rahulgraphite,False,positive,neutral,positive,positive
h0kdgcx,Thank you googlyyyy,1,1,1622813659.0,Rahulgraphite,False,positive,positive,positive,positive
h0kfeop,"Thank you so much dear. 
My Instagram is /rahulgraphite",4,1,1622814604.0,Rahulgraphite,False,positive,positive,neutral,positive
h0kffyu,First was my grandfather 😄,2,1,1622814620.0,Rahulgraphite,False,positive,neutral,neutral,neutral
h0kftmn,Thank you for not believing man 🌺,1,1,1622814795.0,Rahulgraphite,False,positive,neutral,positive,positive
h0kmv94,Thank you for the compliment 🌺,1,1,1622818000.0,Rahulgraphite,False,positive,positive,positive,positive
h0kpbei,Thank you mate but i dont have patreon. I should make one.,2,1,1622819026.0,Rahulgraphite,False,positive,neutral,positive,positive
h0rroyb,Thank you! Pankaj sir is favourite!,2,1,1622962527.0,Rahulgraphite,False,positive,positive,positive,positive
h0l0b13,Please dm,1,1,1622823786.0,Rahulgraphite,False,neutral,neutral,neutral,neutral
h0l3hcf,One of the best comments!!,2,1,1622825152.0,Rahulgraphite,False,positive,positive,positive,positive
h0l3fy4,Thats so nice of you! Thanks 🌺,1,1,1622825136.0,Rahulgraphite,False,positive,positive,positive,positive
h0pdf9h,Not exactly. It was advanced & practical before the American Civil War…,2,1,1622912800.0,Hot_Supermarket7933,False,neutral,neutral,neutral,neutral
h0l5ft3,Hahaha!! Nice 👍,1,1,1622825991.0,Rahulgraphite,False,positive,positive,positive,positive
h0lqv0b,Thank you so much brother,1,1,1622835046.0,Rahulgraphite,False,positive,positive,positive,positive
h0ke4mt,Thank you 🙏,1,1,1622813990.0,Rahulgraphite,False,positive,positive,positive,positive
h0keyf7,Thank you so much brother. Make art your bread and eat it. You will be enriched with Art then.,2,1,1622814390.0,Rahulgraphite,False,positive,positive,positive,positive
h0kfrh0,Give me some time to answer.,1,1,1622814768.0,Rahulgraphite,False,neutral,neutral,neutral,neutral
h0kh1qm,Thats so nice of you! You can dm brother.,1,1,1622815375.0,Rahulgraphite,False,positive,positive,positive,positive
h0kgzcq,I have signatures on some but automatically cropped here while uploading. Full photograph available at my insta handle,3,1,1622815343.0,Rahulgraphite,False,neutral,neutral,neutral,neutral
h0kmh8t,Thank you so much 🙏,1,1,1622817822.0,Rahulgraphite,False,positive,positive,positive,positive
h0knllw,Napp de killi!!!,1,1,1622818321.0,Rahulgraphite,False,neutral,neutral,neutral,neutral
h0kma7c,I am not familiar to that. I tried but didn't understand.,1,1,1622817736.0,Rahulgraphite,False,negative,negative,negative,negative
h0knim3,Thank you for this beautiful comment 🙏,2,1,1622818284.0,Rahulgraphite,False,positive,positive,positive,positive
h0knhbo,Thank you so much 🙏🙏,2,1,1622818269.0,Rahulgraphite,False,positive,positive,positive,positive
h0knfn0,Thanks a lot! 🌺,1,1,1622818249.0,Rahulgraphite,False,positive,positive,positive,positive
h0knbxd,Thank you 😊,1,1,1622818205.0,Rahulgraphite,False,positive,positive,positive,positive
h0kne24,Thank you 🙏,1,1,1622818230.0,Rahulgraphite,False,positive,positive,positive,positive
h0koek9,Thank you so much 😊,2,1,1622818620.0,Rahulgraphite,False,positive,positive,positive,positive
h0kom4e,"Thanks! 
Its /rahulgraphite",1,1,1622818711.0,Rahulgraphite,False,positive,positive,positive,positive
h0kp65a,Please dm,1,1,1622818960.0,Rahulgraphite,False,neutral,neutral,neutral,neutral
h0kps5n,"Yes i do
Please dm",1,1,1622819234.0,Rahulgraphite,False,neutral,neutral,neutral,neutral
h0ksr6o,Thank you so much! Can you share it on my fb account,1,1,1622820528.0,Rahulgraphite,False,positive,positive,positive,positive
h0kss53,Its Rahul Shukla,1,1,1622820539.0,Rahulgraphite,False,neutral,neutral,neutral,neutral
h0kzf6q,"No, i have an image and it took lot of days!",2,1,1622823409.0,Rahulgraphite,False,neutral,neutral,negative,neutral
h0l05zq,Thank you so much,1,1,1622823727.0,Rahulgraphite,False,positive,positive,positive,positive
h0l03ws,Ludhiana,2,1,1622823702.0,Rahulgraphite,False,neutral,neutral,neutral,neutral
h0l12a4,Please check insta to see all my works,1,1,1622824115.0,Rahulgraphite,False,neutral,neutral,neutral,neutral
h0l13dt,Thank you so much 😊,1,1,1622824128.0,Rahulgraphite,False,positive,positive,positive,positive
h0l3csn,"Thank you so much! 
Its /rahulgraphite (insta)",2,1,1622825098.0,Rahulgraphite,False,positive,positive,positive,positive
h0l35f5,Its indenting method. Thank you!! 🌺,1,1,1622825010.0,Rahulgraphite,False,positive,positive,neutral,positive
h0l3e44,Hahahaha! Bhai shukriya 🙏,3,1,1622825114.0,Rahulgraphite,False,positive,neutral,positive,positive
h0l5mb4,We all know each other 😀,1,1,1622826068.0,Rahulgraphite,False,positive,neutral,neutral,neutral
h0l4ri7,Thank you 🙏,2,1,1622825701.0,Rahulgraphite,False,positive,positive,positive,positive
h0l8n7l,:D,3,1,1622827337.0,comfort_bot_1962,False,positive,positive,neutral,positive
h0l5ulo,Thank you so much! I am deep. Just like you!,2,1,1622826169.0,Rahulgraphite,False,positive,positive,positive,positive
h0lmzq3,:D,2,1,1622833363.0,comfort_bot_1962,False,positive,positive,neutral,positive
h0mrb4y,:D,2,1,1622852418.0,comfort_bot_1962,False,positive,positive,neutral,positive
h0na0eu,:D,2,1,1622862679.0,comfort_bot_1962,False,positive,positive,neutral,positive
h0ncnnd,:D,2,1,1622864176.0,comfort_bot_1962,False,positive,positive,neutral,positive
h0nidej,:D,2,1,1622867714.0,comfort_bot_1962,False,positive,positive,neutral,positive
h0l61q3,Someone please decode this!,1,1,1622826256.0,Rahulgraphite,False,neutral,neutral,neutral,neutral
h0l68ia,My grandfather he was.,1,1,1622826338.0,Rahulgraphite,False,neutral,neutral,neutral,neutral
h0l69ou,Thanks 😊,2,1,1622826352.0,Rahulgraphite,False,positive,positive,positive,positive
h0l7v9n,Bhaji Ludhiana,1,1,1622826996.0,Rahulgraphite,False,neutral,neutral,positive,neutral
h0l8de0,What's that?,1,1,1622827220.0,Rahulgraphite,False,neutral,neutral,neutral,neutral
h0l88xd,Thank you 🙏,1,1,1622827167.0,Rahulgraphite,False,positive,positive,positive,positive
h0lgbv8,Thanks bro 🙏,1,1,1622830623.0,Rahulgraphite,False,positive,positive,positive,positive
h0lgaii,I have horse in my room! Its very large size.,1,1,1622830610.0,Rahulgraphite,False,positive,neutral,positive,positive
h0lg7rw,Not seen yet.,1,1,1622830583.0,Rahulgraphite,False,neutral,neutral,neutral,neutral
h0lg6g4,🙏,1,1,1622830572.0,Rahulgraphite,False,positive,neutral,neutral,neutral
h0lg4uj,Thank you veere,2,1,1622830556.0,Rahulgraphite,False,positive,positive,positive,positive
h0lg3qu,Thank you so much brother,1,1,1622830545.0,Rahulgraphite,False,positive,positive,positive,positive
h0lcmx6,Shukriya veer,1,1,1622829075.0,Rahulgraphite,False,neutral,neutral,neutral,neutral
h0lcm49,Nice information brother!,1,1,1622829064.0,Rahulgraphite,False,positive,positive,positive,positive
h0lckmu,Yes please! Thats my profession! Please dm,1,1,1622829046.0,Rahulgraphite,False,positive,positive,neutral,positive
h0lg22s,"World war 2 veteran. Fought under britishers. Check his whole tragic story on my Instagram. 

/rahulgraphite",1,1,1622830531.0,Rahulgraphite,False,negative,negative,negative,negative
h0lfx4f,Yes!! Baba nanak! 🙏🙏,1,1,1622830482.0,Rahulgraphite,False,positive,positive,positive,positive
h0lfuu4,Thank you mirror 🪞🌺,1,1,1622830462.0,Rahulgraphite,False,positive,positive,positive,positive
h0lfrkl,Thank you so much!!!,1,1,1622830432.0,Rahulgraphite,False,positive,positive,positive,positive
h0lfl95,"Actually there i applied three different methods.
Identing method, white pen and tombow mono zero eraser.",2,1,1622830366.0,Rahulgraphite,False,neutral,neutral,neutral,neutral
h0lfbbq,It's very close to me. Hanging near me in my room right now.,1,1,1622830244.0,Rahulgraphite,False,neutral,neutral,neutral,neutral
h0lf8w3,Thank you so much for commenting! 🙏,1,1,1622830214.0,Rahulgraphite,False,positive,positive,positive,positive
h0lf521,Thank you bro,1,1,1622830166.0,Rahulgraphite,False,positive,positive,positive,positive
h0lf42m,Its also one of mine !,1,1,1622830155.0,Rahulgraphite,False,positive,positive,neutral,positive
h0lf2om,Thank you so much brother,2,1,1622830137.0,Rahulgraphite,False,positive,positive,positive,positive
h0lf76f,"Yes brother!
/rahulgraphite",1,1,1622830193.0,Rahulgraphite,False,positive,positive,neutral,positive
h0lti70,Approximately more than 70 hours on first drawing,2,1,1622836208.0,Rahulgraphite,False,neutral,neutral,negative,neutral
h0lojc1,Thank you!!,1,1,1622834033.0,Rahulgraphite,False,positive,positive,positive,positive
h0lmqz0,Thank you so much !!,2,1,1622833257.0,Rahulgraphite,False,positive,positive,positive,positive
h0lmp9u,Pencil ..,1,1,1622833235.0,Rahulgraphite,False,neutral,neutral,neutral,neutral
h0llvck,Thank you so much! Keep sharing Please,1,1,1622832873.0,Rahulgraphite,False,positive,positive,positive,positive
h0ll4zp,I like this comment,2,1,1622832554.0,Rahulgraphite,False,positive,positive,positive,positive
h0lnm14,Jai hind,1,1,1622833630.0,Rahulgraphite,False,positive,neutral,positive,positive
h0lnkg7,I am also from Ludhiana bro,3,1,1622833611.0,Rahulgraphite,False,neutral,neutral,neutral,neutral
h0lnco6,Forget to post anurag kashyap. Check my insta,2,1,1622833519.0,Rahulgraphite,False,neutral,neutral,neutral,neutral
h0ln9up,Thank you so much,1,1,1622833485.0,Rahulgraphite,False,positive,positive,positive,positive
h0lnyce,I like this fam.,1,1,1622833777.0,Rahulgraphite,False,positive,positive,positive,positive
h0lomgy,"Thanks 
Hoping same for you!",1,1,1622834072.0,Rahulgraphite,False,positive,positive,positive,positive
h0loktk,Why so sad?,1,1,1622834052.0,Rahulgraphite,False,negative,negative,negative,negative
h0lp6wm,Thanks so much! The child is warrior,1,1,1622834322.0,Rahulgraphite,False,positive,positive,positive,positive
h0lozs0,"Love is an illusion! Once you get it, its gone.",1,1,1622834235.0,Rahulgraphite,False,negative,positive,neutral,neutral
h0lp562,There are two i think. Both are commissions,1,1,1622834300.0,Rahulgraphite,False,neutral,neutral,neutral,neutral
h0lpcwh,Thank you!!! My eyes are weak now,1,1,1622834394.0,Rahulgraphite,False,positive,positive,neutral,positive
h0lrsg0,Thanks so much!!,1,1,1622835450.0,Rahulgraphite,False,positive,positive,positive,positive
h0lqwcf,Oh God 🙏,1,1,1622835062.0,Rahulgraphite,False,positive,neutral,neutral,neutral
h0lqtjw,Thanks bhai,1,1,1622835028.0,Rahulgraphite,False,positive,positive,positive,positive
h0ltaxo,Thank you so much 😀😀,1,1,1622836119.0,Rahulgraphite,False,positive,positive,positive,positive
h0lsnjv,Thank you so much,2,1,1622835834.0,Rahulgraphite,False,positive,positive,positive,positive
h0lv3j1,Thank you bro,1,1,1622836898.0,Rahulgraphite,False,positive,positive,positive,positive
h0luqo7,"Indeed its quite disturbing to see children at this age with guns. 
I have real Artwork but no big version. 
I large scanned copy version can be given if you need.",1,1,1622836744.0,Rahulgraphite,False,negative,negative,negative,negative
h0n2ftl,Yes i do take commissions but i made that one for me personally. Its framed and hanged in my working room.,1,1,1622858492.0,Rahulgraphite,False,neutral,neutral,neutral,neutral
h0n2bfr,Yes please check dm,1,1,1622858428.0,Rahulgraphite,False,neutral,neutral,neutral,neutral
h0mvp9s,Please check dm,1,1,1622854788.0,Rahulgraphite,False,neutral,neutral,neutral,neutral
h0n2lsn,"Shukriya ji! 
Im from Ludhiana",2,1,1622858585.0,Rahulgraphite,False,positive,neutral,positive,positive
h0n37a2,Keh diya aapne wahi award hai 🙏,2,1,1622858902.0,Rahulgraphite,False,neutral,neutral,positive,neutral
h0o9grr,I can understand the contrast. Actually he was from hills and really a face like that. I can dm you the actual photo,1,1,1622890546.0,Rahulgraphite,False,neutral,neutral,positive,neutral
h0nfc3l,No you.,1,1,1622865769.0,,False,neutral,negative,negative,negative
h0okokh,Nice guess!,1,1,1622898410.0,Rahulgraphite,False,positive,positive,positive,positive
h0okmav,Its a very famous photograph from syria. I dont think he is his father.,1,1,1622898375.0,Rahulgraphite,False,neutral,neutral,positive,neutral
h0okja0,Thats great! Keep drawing,1,1,1622898327.0,Rahulgraphite,False,positive,positive,positive,positive
h0ok8qe,Its my profession,1,1,1622898161.0,Rahulgraphite,False,neutral,positive,neutral,neutral
h0ok7h3,"Fabriano Academia 9000 pencils
Staedtler pencils
Tombow mono zero eraser 0.2 mm
Mechanical pencil",1,1,1622898141.0,Rahulgraphite,False,neutral,neutral,neutral,neutral
h0ok47b,Yassss,1,1,1622898088.0,Rahulgraphite,False,positive,positive,neutral,positive
h0ok2wl,Thank you! Dm anytime!,1,1,1622898067.0,Rahulgraphite,False,positive,positive,positive,positive
h0o98dc,Is it paid?,1,1,1622890349.0,Rahulgraphite,False,neutral,neutral,neutral,neutral
h0ok1v8,Sureee mate,1,1,1622898050.0,Rahulgraphite,False,positive,neutral,positive,positive
h0ok17c,Really!,1,1,1622898040.0,Rahulgraphite,False,positive,neutral,positive,positive
h0ojzlx,It is a photo actually 😛,1,1,1622898015.0,Rahulgraphite,False,positive,neutral,positive,positive
h0ojy8i,Yeaaahhh thanksss,1,1,1622897993.0,Rahulgraphite,False,positive,positive,positive,positive
h0o8wui,Near jamalpur,1,1,1622890092.0,Rahulgraphite,False,neutral,neutral,neutral,neutral
h0o8vqi,"I tried etsy once but didnt get response. 
You can share my Instagram and Facebook profiles.
Btw thanks for thinking so much for me!",1,1,1622890067.0,Rahulgraphite,False,neutral,positive,positive,positive
h0ojwni,Thank you sir,1,1,1622897967.0,Rahulgraphite,False,positive,positive,positive,positive
h0ojw0k,🙏🙏,1,1,1622897956.0,Rahulgraphite,False,positive,neutral,neutral,neutral
h0ojvjb,Just going to buy a suit for Red carpet,2,1,1622897948.0,Rahulgraphite,False,neutral,neutral,neutral,neutral
h0oju1f,Nooooooooooo,1,1,1622897921.0,Rahulgraphite,False,neutral,negative,neutral,neutral
h0ojswx,Thanks mate!! Your comment is nice af!!,1,1,1622897903.0,Rahulgraphite,False,positive,positive,positive,positive
h0ojra9,6 is ww2 veteran,1,1,1622897876.0,Rahulgraphite,False,neutral,neutral,positive,neutral
h0ojppt,Thanks man!,1,1,1622897849.0,Rahulgraphite,False,positive,positive,positive,positive
h0o8s35,Its not a very good value of Art here honestly. People don't understand,1,1,1622889983.0,Rahulgraphite,False,negative,negative,negative,negative
h0ojp38,Thanks !,1,1,1622897839.0,Rahulgraphite,False,positive,positive,positive,positive
h0ojojr,Thank you 🙏,1,1,1622897830.0,Rahulgraphite,False,positive,positive,positive,positive
h0ojjfv,Thank you so much,1,1,1622897745.0,Rahulgraphite,False,positive,positive,positive,positive
h0o8q1o,Thanks a lot. I am Professionally doing this!,1,1,1622889938.0,Rahulgraphite,False,positive,positive,positive,positive
h0ojg7z,Thank you so much! Keep working 🌺,2,1,1622897690.0,Rahulgraphite,False,positive,positive,positive,positive
h0ojf2g,Thanks !!,2,1,1622897671.0,Rahulgraphite,False,positive,positive,positive,positive
h0o8kzf,"You will one day! 
Thank you so much 😊",1,1,1622889820.0,Rahulgraphite,False,positive,positive,positive,positive
h0ojeeb,Thank you so much gobsmacked man!,2,1,1622897660.0,Rahulgraphite,False,positive,positive,neutral,positive
h0ojd60,Thanks 🙏,1,1,1622897639.0,Rahulgraphite,False,positive,positive,positive,positive
h0odmj9,Thank you ji 🙏,1,1,1622893772.0,Rahulgraphite,False,positive,positive,positive,positive
h0oj8pp,Shukriya janaab 🙏,2,1,1622897564.0,Rahulgraphite,False,neutral,neutral,negative,neutral
h0oja47,Thanks 😊,1,1,1622897588.0,Rahulgraphite,False,positive,positive,positive,positive
h0ojbzw,Guru Nanak dev ji 🙏,1,1,1622897619.0,Rahulgraphite,False,positive,neutral,positive,positive
h0p5exr,Thank you so much brother,2,1,1622908811.0,Rahulgraphite,False,positive,positive,positive,positive
h0ppf3c,Thank you 🙏,1,1,1622918721.0,Rahulgraphite,False,positive,positive,positive,positive
h0rqrbu,Thank you so much brother,1,1,1622961719.0,Rahulgraphite,False,positive,positive,positive,positive
h0rq6rf,Thank you so much! I will try soon,1,1,1622961230.0,Rahulgraphite,False,positive,positive,positive,positive
h0sqb90,Please check dm,1,1,1622989611.0,Rahulgraphite,False,neutral,neutral,neutral,neutral
h0wp899,Thank you so much brother,1,1,1623073509.0,Rahulgraphite,False,positive,positive,positive,positive
h0vaacg,I tried yesterday but failed to connect my wazirx wallet. Can you help please?,1,1,1623035308.0,Rahulgraphite,False,negative,negative,negative,negative
h0w4f1v,Thank you 🙏,1,1,1623058988.0,Rahulgraphite,False,positive,positive,positive,positive
h0wud5f,Thanks huge man!! 😄,1,1,1623075967.0,Rahulgraphite,False,positive,positive,positive,positive
h1079ww,Thank you so much,1,1,1623135427.0,Rahulgraphite,False,positive,positive,positive,positive
h1fdqc5,Thank you so much 🌺,1,1,1623433267.0,Rahulgraphite,False,positive,positive,positive,positive
h1p9n02,Thank you so much!!!',1,1,1623648796.0,Rahulgraphite,False,positive,positive,positive,positive
h33ozi5,Thank you so much!,1,1,1624712399.0,Rahulgraphite,False,positive,positive,positive,positive
h3buho1,"Thank you so much!!
Yes that's true, these days stolen art has been used a lot by fake names but at-least these are not.",2,1,1624893557.0,Rahulgraphite,False,neutral,positive,positive,positive
h4h95f8,Thanks mate,1,1,1625755771.0,Rahulgraphite,False,positive,positive,positive,positive
hfpu5lo,Thanks man,1,1,1633606993.0,Rahulgraphite,False,positive,positive,positive,positive
h0ljghu,Only if someone ll order.,1,1,1622831894.0,Rahulgraphite,False,neutral,neutral,neutral,neutral
h0klhgf,You must be either extremely blind or way more talented than this artist. Probably the former.,0,1,1622817382.0,_MechaNiX,False,negative,neutral,negative,negative
h0kpq2k,"Here,you forgot this : ""/s""",1,1,1622819207.0,Responsible_Ad4458,False,negative,neutral,negative,negative
h0kkq43,:D,1,1,1622817041.0,comfort_bot_1962,False,positive,positive,neutral,positive
h0lmzrp,:D,1,1,1622833364.0,comfort_bot_1962,False,positive,positive,neutral,positive
h0mrb6n,:D,1,1,1622852419.0,comfort_bot_1962,False,positive,positive,neutral,positive
h0na0fq,:D,1,1,1622862680.0,comfort_bot_1962,False,positive,positive,neutral,positive
h0ncnow,:D,1,1,1622864176.0,comfort_bot_1962,False,positive,positive,neutral,positive
h0nidfc,:D,1,1,1622867714.0,comfort_bot_1962,False,positive,positive,neutral,positive
h0ojxfw,Thanks a ton!,1,1,1622897980.0,Rahulgraphite,False,positive,positive,positive,positive
h0knsts,"There are no failures. Only outcomes. 

You're extremely talented, and I'm sure you will do really well in life!",79,2,1622818408.0,Zer0Treble,False,positive,positive,positive,positive
h12jl91,Do u sell ur work bro??,2,2,1623183425.0,Ray911k,False,neutral,neutral,neutral,neutral
h0k8zjg,[deleted],92,2,1622811487.0,,1686311439.0,neutral,neutral,negative,neutral
h0l6bfo,"Don't lie mate 

*Loads Pistol*

Which printer do you use? /s",27,2,1622826372.0,indian_weeaboo_69,False,neutral,neutral,negative,neutral
h0ko5l7,"Remember it's not the result that matters, it's the effort!
(Still magnificent though!)",8,2,1622818552.0,uh_oh69,False,positive,positive,positive,positive
h0n7bw6,My dude you can draw! 🤩,4,2,1622861173.0,massiveboner911,False,positive,positive,neutral,positive
h0kww99,"The work is fantastic, btw!",17,2,1622822307.0,mathakoot,False,positive,positive,positive,positive
h0kwupa,How much do you typically charge?,26,2,1622822289.0,mathakoot,False,neutral,neutral,neutral,neutral
h0kzxnb,"Seconded, the child soldier drawing is superb. His eyes are haunting, and the detail and posing of the man's grip on his head is perfect. All the pieces are great but this one really captivated me.",17,2,1622823629.0,RainbowDissent,False,positive,positive,positive,positive
h0kef29,You should post your best ones there.. People will be genuinely interested since you do worldwide shipping..,15,2,1622814132.0,isusernamemandatory,False,positive,positive,positive,positive
h0klych,"Hey,

I'm a up and coming marketer and I'm going to have some spare time on my hands soon. Hmu, if you'd like help showcasing your work better. I've spent about 2.5 years in an advertising agency now and I'd be happy to help you out.

You're too good not be putting your work out there.

Edit: Removed the sexist assumption that you're a man.",17,2,1622817590.0,lucky_oye,False,positive,positive,neutral,positive
h0k7p92,"You're not the only one my friend. A LOT of artists undermine their own work and don't price accordingly...
I'd like to know what size are these sketches?",15,2,1622810792.0,nahushrc,False,negative,negative,negative,negative
h0orpx0,"Great artwork ... Like everyone else, I am also mind-blown!!! Since you have said that you are not very good at selling and also at pricing them probably, you may want to seriously consider doing some online courses that talks about price discovery in art or read some good books in this area. Since it is your profession, I am guessing this knowledge will help you a lot in gaining some financial independence ... All the best!!!!!",2,2,1622902356.0,anon_runner,False,positive,positive,positive,positive
h0kdgvu,You should be proud! I just found it funny that you said (India) like we wouldn't know where Punjab is :),13,2,1622813666.0,smallaubergine,False,positive,positive,positive,positive
h0kxsg7,read the title again,-4,2,1622822693.0,nomad80,False,neutral,neutral,neutral,neutral
h0kjkyo,Where can we view and buy your work?,5,2,1622816532.0,be_sugary,False,neutral,neutral,neutral,neutral
h0kbm6m,Ask hentai to give me a commission drawing. Haha!,13,2,1622812733.0,Rahulgraphite,False,positive,neutral,positive,positive
h0lhgo4,"1/392 chance boiss , we did it boiss,

 my luck is no more bad",2,2,1622831046.0,,False,positive,positive,positive,positive
h0kd2al,You have great talent! Keep going at it!,3,2,1622813464.0,ExamAmbitious,False,positive,positive,positive,positive
h0li6sl,How did you start learning? I'd love to start too. Btw fantastic work man!,2,2,1622831330.0,frost_inmachine,False,positive,positive,positive,positive
h0kk9ip,Awesome! Thanks a lot :),1,2,1622816836.0,Hijikata_san_mayo13,False,positive,positive,positive,positive
h0kkaua,He's a lovely man! :),2,2,1622816853.0,Hijikata_san_mayo13,False,positive,positive,positive,positive
h0kgklz,I made this.,4,2,1622815150.0,,False,neutral,positive,positive,positive
h0kh7me,"Oh right, my bad

I didn't view the full images the first time around. Also, I'd love to commision a sketch from you. You respond to your email you shared earlier right?",2,2,1622815451.0,Low-Way3753,False,neutral,neutral,neutral,neutral
h0ksft5,Subhe Naal!,2,2,1622820393.0,namey_mcnameson,False,neutral,neutral,positive,neutral
h0kowa1,Remarkable work. May you have a long and fruitful career.,2,2,1622818837.0,T466,False,positive,positive,positive,positive
h0ku24m,"I am also Rahul. So this is the honor of my name also to share your work, bcz its mine also😉",2,2,1622821081.0,Awasthir314,False,positive,positive,neutral,positive
h0kue0n,Please share profile link in dm.,2,2,1622821226.0,Awasthir314,False,neutral,neutral,neutral,neutral
h0l0du9,How much do you charge on average for one potrait?,2,2,1622823820.0,tvich1015,False,neutral,neutral,neutral,neutral
h0l14wa,Sure I will!,2,2,1622824147.0,Clumsy_Punk,False,positive,positive,positive,positive
h0l4xml,Great Job Sir. How much do charge For a Portrait Or painting? I would like to gift one to my mum and sis on their Birthday and some for home. Would try to convince dad to get these beauties 😍,2,2,1622825775.0,Odd-Book3616,False,positive,positive,positive,positive
h0l606d,Cheers! 😃,2,2,1622826237.0,AceOn14Par3,False,positive,positive,positive,positive
h0l7dpb,Yes,2,2,1622826782.0,This-Is-The-Real-God,False,positive,positive,neutral,positive
h0l819v,Pass hi hai phir to!!! I'm from Jalandhar!!!,2,2,1622827071.0,GirlfriendHunter,False,neutral,neutral,neutral,neutral
h0ls8b9,"
[lots of dots](https://www.google.com/search?q=hedcuts&rlz=1C1GCEB_enUS898US898&sxsrf=ALeKk001K-kWDWLIhB655bbVwEKESOru5Q:1622835607091&source=lnms&tbm=isch&sa=X&ved=2ahUKEwiDpI7f3f7wAhUOXM0KHec1BHoQ_AUoAXoECAEQAw&biw=1424&bih=730)",2,2,1622835648.0,Kemosahbe,False,neutral,neutral,neutral,neutral
h0ld7u5,just helping wherever i can,2,2,1622829326.0,ExternalAd5417,False,positive,positive,positive,positive
h0m812v,What would be an average charge and the time involved for a portrait and where in Punjab are you based,2,2,1622842743.0,punjabmyth,False,neutral,neutral,neutral,neutral
h0loosx,Because they are not so good 😔,2,2,1622834101.0,autistic-dad,False,negative,negative,neutral,negative
h0lp6lz,May be. But my guess is that you are yet to get it.,2,2,1622834318.0,singhVirender1947,False,negative,negative,neutral,negative
h0lpfvw,They are both very beautiful! Congratulations on your work!,2,2,1622834430.0,LingonberryMoney8466,False,positive,positive,positive,positive
h0lzxd8,I would like to print it for personal use (on a large canvas for my living room). How can I pay for your work?,1,2,1622839036.0,rtoid,1622839248.0,neutral,neutral,neutral,neutral
h0nbtj6,Main v Ludhiana to e ... Tusi fir pind ch ya city ch rehnde,1,2,1622863708.0,kamal_saran,False,neutral,neutral,neutral,neutral
h0oqbhz,Ahh.  Thank you.  Your collection is very well done and we enjoyed it.,2,2,1622901601.0,BilunSalaes,False,positive,positive,positive,positive
h0on5te,Thank you so much......,1,2,1622899840.0,SPAIKRA,False,positive,positive,positive,positive
h0oburm,"Free,",2,2,1622892443.0,SatisfactionOk3154,False,positive,neutral,positive,positive
h0p6p3a,"Your welcome, same to you.",1,2,1622909458.0,Yuki_Hikari,False,positive,positive,positive,positive
h0rs2a5,"welcome, make Instagram account and youtube channel for more growth",2,2,1622962855.0,ganwaniKamal,False,positive,positive,positive,positive
h0vbo3k,Did you use metamask and had some ether in it?,1,2,1623036125.0,kuku1687,False,neutral,neutral,neutral,neutral
h3byep0,"Yeah, thanks for taking it lightly! You did a great job with your art man! They look great! Goodluck for the future :D",2,2,1624895330.0,Brokeshadow,False,positive,positive,positive,positive
h3bydzd,"Yeah, thanks for taking it lightly! You did a great job with your art man! They look great! Goodluck for the future :D",1,2,1624895321.0,Brokeshadow,False,positive,positive,positive,positive
h0kmrje,20/20 bitch,1,2,1622817952.0,mayankify,False,negative,negative,negative,negative
h0kqt26,"I heard a comedian called Kautuk Srivastava once said that there is nothing like talent. Its just hard work. 

If you think about talent, then you will think in binary forms- Either I will be able to sketch very well because I am talented or I won't be able to sketch at all because I am not talented. So imo OP is not talented, its just his hard work which must have paid off in these excellent creations.",23,3,1622819686.0,silentalways,False,neutral,neutral,neutral,neutral
h0mtyal,Thank you so much,1,3,1622853847.0,Rahulgraphite,False,positive,positive,positive,positive
h12y537,Yes please dm,1,3,1623189944.0,Rahulgraphite,False,neutral,neutral,positive,neutral
h0kdkce,I have some artwork where i spent more than 100 hours,132,3,1622813713.0,Rahulgraphite,False,neutral,neutral,neutral,neutral
h0kdljt,Btw thank you for b/w 😅,17,3,1622813730.0,Rahulgraphite,False,positive,positive,positive,positive
h0l6ebk,Finger print,43,3,1622826406.0,Rahulgraphite,False,neutral,neutral,positive,neutral
h0n89tl,Yess brother,3,3,1622861692.0,Rahulgraphite,False,positive,positive,neutral,positive
h0l090n,Please dm,31,3,1622823763.0,Rahulgraphite,False,neutral,neutral,neutral,neutral
h0nkhv3,How much does he charge,3,3,1622869160.0,teady_bear,False,neutral,neutral,negative,neutral
h0l4whq,Thank you so much! Its still available with me.,6,3,1622825761.0,Rahulgraphite,False,positive,positive,positive,positive
h0kfbhk,I poster few some weeks ago but didnt get much response.,8,3,1622814562.0,Rahulgraphite,False,negative,neutral,neutral,neutral
h0km4y8,That would be very nice of you. Your experience can do wonders. I would love to collaborate.,9,3,1622817671.0,Rahulgraphite,False,positive,positive,positive,positive
h0kbjl4,True that! Mostly sizes are A3 but also some are A2 and A1.,6,3,1622812697.0,Rahulgraphite,False,positive,positive,neutral,positive
h0pcv8u,Thank you for the valuable information. I will surely try this soon,2,3,1622912524.0,Rahulgraphite,False,positive,positive,positive,positive
h0kdoqw,Haha! Yeah man! Just  kidding brother. 🌺,8,3,1622813773.0,Rahulgraphite,False,positive,positive,neutral,positive
h0kzvwq,"Nah /u/GroundbreakingToe340 is right, maybe OP was trying to differentiate Indian Punjab from Pakistani Punjab. Makes sense I just forgot that Punjab extends into Pakistan.",9,3,1622823609.0,smallaubergine,False,neutral,neutral,neutral,neutral
h0kpidg,This is hentai for art lovers!,2,3,1622819112.0,Responsible_Ad4458,False,positive,positive,positive,positive
h0kq2qr,Start with manga lol,2,3,1622819363.0,Flaneeur,False,neutral,neutral,positive,neutral
h0lnph1,Haha! Nice one,2,3,1622833671.0,Rahulgraphite,False,positive,positive,positive,positive
h0kdhik,Thank you 😃,1,3,1622813675.0,Rahulgraphite,False,positive,positive,positive,positive
h0ln5jc,I failed in mathematics exam in final tear of graduation and started this with help of youtube,1,3,1622833433.0,Rahulgraphite,False,negative,negative,negative,negative
h0rrehl,Thank you 😊,2,3,1622962278.0,Rahulgraphite,False,positive,positive,positive,positive
h0rrf5t,But he's no more,2,3,1622962294.0,Rahulgraphite,False,neutral,neutral,negative,neutral
h0kgtw6,Haha! 👌🌺,1,3,1622815270.0,Rahulgraphite,False,positive,neutral,positive,positive
h0rrlmc,Yes i do respond sir! Or please dm,1,3,1622962449.0,Rahulgraphite,False,positive,neutral,neutral,neutral
h0rrn0o,Thank you,1,3,1622962483.0,Rahulgraphite,False,positive,positive,positive,positive
h0l0cds,Done,1,3,1622823802.0,Rahulgraphite,False,positive,neutral,neutral,neutral
h0l0io6,Please dm,1,3,1622823878.0,Rahulgraphite,False,neutral,neutral,neutral,neutral
h0l55w9,Please dm.,1,3,1622825872.0,Rahulgraphite,False,neutral,neutral,neutral,neutral
h0l6cc7,😊,2,3,1622826383.0,Rahulgraphite,False,positive,neutral,neutral,neutral
h0l8aus,Hanji janab!,1,3,1622827190.0,Rahulgraphite,False,neutral,neutral,positive,neutral
h0lshiw,I tried something like that last year. Its fun,1,3,1622835761.0,Rahulgraphite,False,positive,positive,positive,positive
h0ldpwz,Haha! Nice,1,3,1622829547.0,Rahulgraphite,False,positive,positive,positive,positive
h0lp26e,Hahahahah!!! Thanks for taking your time to comment this,1,3,1622834264.0,Rahulgraphite,False,positive,positive,positive,positive
h0lpaeq,I got it and now it's normal. Love is something you wish to get.,2,3,1622834364.0,Rahulgraphite,False,positive,positive,positive,positive
h0lpqlj,Thank you man!,1,3,1622834558.0,Rahulgraphite,False,positive,positive,positive,positive
h0p5gp0,I am happy you enjoyed,2,3,1622908835.0,Rahulgraphite,False,positive,positive,positive,positive
h0odl0k,Mail sent,1,3,1622893741.0,Rahulgraphite,False,neutral,neutral,neutral,neutral
h0rs5oc,"/rahulgraphite 

I have this on insta brother",1,3,1622962939.0,Rahulgraphite,False,neutral,neutral,neutral,neutral
h0vc1pp,I am not a artist and have not used the platform as such. They maybe using binance smart chain. You can contact nischal on twitter. That would be best I guess,2,3,1623036353.0,kuku1687,False,neutral,neutral,neutral,neutral
h3bz539,Thanks dear. Thats so nice of you!! Really.,2,3,1624895655.0,Rahulgraphite,False,positive,positive,positive,positive
h0l2ni6,"I have a slightly different take on this. 

OP mentioned his performance in Mathematics was poor. He was attracted to sketching and devoted himself to perfecting it. I wonder why he didn't do the same with Mathematics or related subjects? He was able to sample different subjects(through formal schooling) and identify that(sketching) which gave him the most satisfaction and was able to accomplish a high degree of skill with dedicated practice. Perhaps his intrinsic abilities were already wired to be a creative person, and he discovered what he was naturally good at. 
He could be taught mathematics by the finest Math professors and spend hours solving problems, but that wouldn't be a spectacular ability like another individual who is naturally gifted with numbers and logical ability. Unless he has the rare ability to finely balance both with active hemispheres. 

Art is what he is naturally good at. He was able to make quick improvements with 100s of hours invested that were intrinsically driven.
Other subjects could be learnt easily if he LIKED them, but they may not have the same stunning outputs like his art. They don't compete with his primary talent. 

I might be making a lot of assumptions here, and OP might be awesome at every single thing except Math. Rock on, my man!",26,4,1622824796.0,Zer0Treble,False,neutral,positive,positive,positive
h3bnmuv,Hello? I know I am late still hopeful,2,4,1624890327.0,,False,positive,positive,negative,positive
h0kppnd,The time and effort really reflects in the final result the 9th one specially blew my mind,39,4,1622819202.0,int_undifined,False,positive,positive,negative,positive
h0ldi45,"Understandable, have a great day.",23,4,1622829452.0,indian_weeaboo_69,False,positive,positive,positive,positive
h0l4sws,You're going to get flooded with commissions now. You won't ever have enough time in the world to draw all of them.,34,4,1622825718.0,BogusNL,False,negative,neutral,neutral,neutral
h0nshic,+1,2,4,1622875337.0,natasha_15,False,neutral,neutral,neutral,neutral
h0rr2yk,Please dm,1,4,1622961999.0,Rahulgraphite,False,neutral,neutral,neutral,neutral
h0mxrk6,Is their a reference photo for it?,2,4,1622855932.0,cumparkUSA,False,neutral,neutral,neutral,neutral
h0kq1xw,Post these again.,6,4,1622819353.0,,False,neutral,neutral,neutral,neutral
h0rrcrw,Lol,2,4,1622962238.0,Rahulgraphite,False,neutral,positive,neutral,neutral
h0rsiyh,"I'm so sorry for your loss, OP. May his soul rest in peace <3",2,4,1622963262.0,Hijikata_san_mayo13,False,negative,neutral,negative,negative
h0kh5sl,You are damn good mate!!,2,4,1622815427.0,,False,positive,positive,positive,positive
h0lpe8r,No worries,2,4,1622834411.0,autistic-dad,False,neutral,neutral,positive,neutral
h0lpfyb,"Mmm, I see.",2,4,1622834431.0,singhVirender1947,False,neutral,neutral,neutral,neutral
h0rt3h7,tell me,2,4,1622963774.0,ganwaniKamal,False,neutral,neutral,neutral,neutral
h0vcd05,Okay thank you! I ll try again.,1,4,1623036541.0,Rahulgraphite,False,positive,positive,positive,positive
h3c0i85,^w^,1,4,1624896259.0,Brokeshadow,False,neutral,neutral,neutral,neutral
h0la6wg,"Of course it is just an assumption but as you said he was attracted to sketching and may be he didn't felt the same with Mathematics. Maybe the reason why he got so good in sketching and not mathematics.

He could have worked on mathematics and be good in it, sure he might not have became the best mathematician ever, but could have done well in the field nonetheless. But it was not his interest hence he didn't. 

So yes, there are rare talented people, but most of them have just worked really hard to get there.",9,5,1622828006.0,silentalways,False,neutral,neutral,neutral,neutral
h0rr11i,"Its so deep and i am agree with you!! 
I tried to go with the flow. But that was difficult and enjoyable at same time. 

You are very good at explaining my condition. Assumption is great!! 

Btw my general maths is very good.",1,5,1622961951.0,Rahulgraphite,False,positive,positive,positive,positive
h3bpjc1,Hope will become life and opportunities.,1,5,1624891248.0,Rahulgraphite,False,positive,positive,positive,positive
h0l1pgx,[removed],9,5,1622824391.0,,False,neutral,neutral,negative,neutral
h0lcpa7,Thank you 🙏,3,5,1622829103.0,Rahulgraphite,False,positive,positive,positive,positive
h0l5i69,So nice of you brother,24,5,1622826019.0,Rahulgraphite,False,positive,positive,positive,positive
h0n27bg,Yes its available on google. It's a very famous picture of syrian child sadly.,2,5,1622858365.0,Rahulgraphite,False,neutral,negative,negative,negative
h0l6igm,I will do soon!,3,5,1622826457.0,Rahulgraphite,False,positive,positive,positive,positive
h13l5av,🙏,2,5,1623201450.0,Rahulgraphite,False,positive,neutral,neutral,neutral
h0rri1c,Thanks bro,1,5,1622962362.0,Rahulgraphite,False,positive,positive,positive,positive
h0rt4jq,/rahulgraphite,1,5,1622963801.0,Rahulgraphite,False,neutral,neutral,neutral,neutral
h3bzhyp,I wanted some helpful tips. I am into sketching mostly floral and landscapes but now I want to start sketching human faces. So where should I start and how can I make my landscape more realistic? Please.,2,6,1624895813.0,,False,neutral,neutral,neutral,neutral
h3bt3ni,Words of wisdom indeed.,1,6,1624892917.0,,False,positive,positive,positive,positive
h0lp1gn,Don't see anything,6,6,1622834255.0,kokroo,False,neutral,negative,neutral,neutral
h0lcoet,Hahahaha,3,6,1622829092.0,Rahulgraphite,False,positive,positive,positive,positive
h0rtlpv,ok will message you and will check it out,1,6,1622964222.0,ganwaniKamal,False,neutral,neutral,neutral,neutral
h3bzoro,Please dm,1,7,1624895896.0,Rahulgraphite,False,neutral,neutral,neutral,neutral
