Comment ID,Comment Text,Comment Score,Comment Depth,Created Timestamp,Author,Edited,Semantic Label,Semantic Label 2,Semantic Label 3,Major_Semantic
h7e934b,"Man amazing  defending from Indian girls. India has just won 4 out of 44 games Vs Australia. Australia was undefeated in this Olympics so far . 

Edit: Banned from sub without giving any reasons and no mod reply. What's going on?",626,0,1627879780.0,Brownboypower,1627980971.0,positive,positive,positive,positive
h7e8yzk,"The magnitude of this upset is unfathomable! This is much much bigger than the men's hockey team performance by faaar!

For reference, Australia are world number 2 and were a strong favourite for the Finals if not Gold...while the Indian women's team had been mostly thrashed in the pool stages and barely qualified for the quarters.

This is I M M E N S E !!!",381,0,1627879700.0,,False,negative,negative,neutral,negative
h7e8o3j,"The coach was crying

The players were crying

We defeated the best. Not one of the best but THE BEST!",463,0,1627879496.0,throwawaycsgocozesl,False,positive,positive,negative,positive
h7e90s4,What an incredible turn around! They went from losing three matches to defeating Australia in the quater finals.,266,0,1627879734.0,cestabhi,False,positive,positive,positive,positive
h7eanpp,"Can we get some Twitter handle of players here. I bet a lot of us want to congratulate them.

Edit. 


[Rani rampal. (captain) ](https://twitter.com/imranirampal?s=21)",89,0,1627880878.0,dhandeepm,1627886375.0,neutral,positive,positive,positive
h7e9mqk,"Unbelievable comeback after the first few defeats. Hope this inspires more people to take up hockey, or at least restart the hockey India league.",186,0,1627880159.0,kartickjonty4,False,positive,positive,positive,positive
h7eahn4,Biggest Upset of the 2021 Olympics.After their respective group stage performance no one would have expected this even in their wildest dreams.,60,0,1627880758.0,Nofucksgiven0017,1627885069.0,negative,negative,negative,negative
h7e91cg,"We had the right approach in this game, and brought about a huge huge upset... Way to go girls!!!",62,0,1627879745.0,parlejibiscoot,False,positive,positive,negative,positive
h7egm4b,"They beat Australia

They fucking defeated Australia

After barely making to knockouts, beating Aussies is phenomenal.

And world beaters, we have two matches to go",56,0,1627885384.0,apex_pretador,False,positive,negative,positive,positive
h7e8rpb,GABBA MOMENT IN WOMEN'S HOCKEY!,113,0,1627879563.0,AiyyoIyer,False,neutral,neutral,neutral,neutral
h7e99m6,"I just watched this!
It was really good.",31,0,1627879902.0,fuckinghatedolphins,False,positive,positive,positive,positive
h7e8kd1,What an amazing performance by them! Defended with their lives and caused one of the biggest upsets in women's hockey!,63,0,1627879424.0,orvin30,False,positive,positive,neutral,positive
h7edzx8,"The coach, Sjoerd Marijne, tweeted [this](https://twitter.com/SjoerdMarijne/status/1422070304252129284?s=19) just now. ♥️♥️",30,0,1627883334.0,t24x-94,False,positive,neutral,neutral,neutral
h7ebmc2,"CHAK DE INDIA !! 

PLAY IT ON LOUDSPEAKERS.",29,0,1627881564.0,,False,neutral,positive,neutral,neutral
h7ea4jr,"It was great to see the ladies so happy !

They really worked hard for this... and few expected them to beat Australia which had not lost a match in the competition.",29,0,1627880502.0,DrMrJekyll,False,positive,positive,positive,positive
h7e94n1,"That was really fantastic. Played really well. Hats off to the goalie Savita Punia, saved everything that Australia threw at her.",55,0,1627879808.0,nanu_unknownu,False,positive,positive,positive,positive
h7ec2z8,How did we do that? Don't follow Hockey but I know Aussie team is strong. Men's Hockey team also beat England. All of a sudden *Chak de India* is playing in the bg.,24,0,1627881900.0,TheFirstLane,False,neutral,positive,positive,positive
h7ebv7t,"Congratulations you legends!!! Bloody well done !!!

I’m going to celebrate your amazing win in the only way I know that is in any way relevant - I’ll get a delicious takeaway meal from my local favourite Indian restaurant for dinner tonight. I’ve been going there for almost 20 years now. The owner knows me and my family, and I love to say g’day to him and his family!! Legends!!",47,0,1627881741.0,,False,positive,positive,positive,positive
h7e8t45,How is the flair  food?,44,0,1627879590.0,Shillofnoone,False,neutral,neutral,neutral,neutral
h7enmjc,"Congrats India, lots of love from Australia! I hope you guys win.

Of course I’m sad we’re not going through, but maybe it’s your turn!

Good luck 🇦🇺 🇮🇳",21,0,1627891445.0,DoubleGuaranteeD,False,positive,positive,neutral,positive
h7ecflk,"We will win gold this time who's with me in both men's and women's hockey 

COME ON INDIA !!!!",22,0,1627882161.0,RUTHLESS_RAJ,False,positive,positive,positive,positive
h7edcf6,"Next is argentina. "" Woh ek maare tum do maaro, woh do maare tum chaar naaro, itna maaro saalo ko...""
Lets goooo!!!!",43,0,1627882838.0,maa_kasam,False,neutral,positive,neutral,neutral
h7e8wl4,"I'll admit I didn't watch the match because i thought they would get destroyed. But I'm glad I was wrong.

This is a literal Chak De India moment",112,0,1627879656.0,Disastrous_Thing_733,False,negative,neutral,neutral,neutral
h7e8qfq,"what a fantastic performance. These girls made a billion hearts proud. Chak de, India!!",34,0,1627879539.0,tyler_durden999,False,positive,positive,positive,positive
h7e9xsq,Chak de India moment <3,13,0,1627880375.0,el_maestro0,False,neutral,neutral,positive,neutral
h7edf4s,"I have only three words.

# CHAK DE INDIA",12,0,1627882895.0,Rishabhbhat,False,neutral,neutral,negative,neutral
h7ec7jn,Chak de,13,0,1627881995.0,insignificant--other,False,neutral,neutral,negative,neutral
h7ej1az,Imagine if both Men's & Women's Hockey teams win gold.,12,0,1627887390.0,Lovecraft_Xavier,False,positive,neutral,neutral,neutral
h7e8osv,Totally amazing performance. Very good defence and attacks. Congrats!,22,0,1627879509.0,AlexSenAus,False,positive,positive,positive,positive
h7ege70,Women making us proud!!,11,0,1627885211.0,,False,positive,positive,positive,positive
h7e997y,Woohoo,10,0,1627879895.0,charismaticEVIL,False,positive,positive,positive,positive
h7ediiw,"This is history being created here, many people won't realise how big of a moment this is. So proud of this team.",7,0,1627882967.0,iamthepkn,False,positive,positive,positive,positive
h7ebu4f,Best two days in recent times for Indian hockey. The feels man!,9,0,1627881719.0,divyambajaj,False,positive,positive,positive,positive
h7ee3st,"To be honest, I do not know much about hockey, just checked the points table and thought India would probably lose. But damn I was wrong. I was invested throughout the match and I was on the verge of crying by the end of fourth quarter.",9,0,1627883415.0,novus_sanguis,False,negative,negative,negative,negative
h7eeihk,"Women coming clutch this Olympics and carrying hard. GG ladies, respect.",6,0,1627883726.0,muzic_san,False,positive,positive,negative,positive
h7en0jo,Pheeling praud indian 🚩🚩😎😎,9,0,1627890893.0,dArk_frEnzy,False,positive,neutral,positive,positive
h7e90y7,Now we are favorite from losing 3 matches to winning against Australia,26,0,1627879738.0,Born_Science,False,neutral,neutral,positive,neutral
h7etxu4,As an Australian I would like to say the only acceptable outcome from this is GOLD for India.,6,0,1627897187.0,Patyboomba,False,neutral,positive,neutral,neutral
h7eb2u8,Gave Chak de India feeling.!!,6,0,1627881173.0,grayhat_6689,False,positive,neutral,positive,positive
h7eoygf,"Congratulations India, a terrific win. Their discipline and game plan was outstanding. Hockeyroos had an off day but take nothing away from India's performance, fully deserved.",4,0,1627892645.0,soundpimp,False,positive,positive,positive,positive
h7ecnp1,"Amazing!

When's the semi?",5,0,1627882330.0,arjwiz,False,positive,positive,positive,positive
h7epe16,This is why the olympics kick ass.  I don’t care what sport it is.  Give me the major upset all day every day.,6,0,1627893047.0,,False,positive,positive,negative,positive
h7eh202,"Towards the end, when only 1.30mins or so were left, when it was almost certain that India were going to win, there was a moment shown on the broadcast- India’s coaches hugging each other and waiting for the final whistle. I won’t ever forget that moment. Their - girls, coaches and support staff- efforts must be appreciated by everyone, whether they win the medal or not. We must celebrate this moment. How big is this moment? For those who don’t follow hockey - imagine bangladesh beating india in the quarterfinals of the world test championships of cricket. (Sorry had to give reference to cricket since almost everyone sort of eats, breathes, shits cricket in India)",9,0,1627885739.0,WhereAmIGoingAgain,False,positive,positive,positive,positive
h7ea7ai,"If there is a video editor reading this, I request you to make a video on this women's hockey team based on the Avengers Endgame trailer. I absolutely cannot imagine more fitting actors to that theme. Please!",21,0,1627880556.0,gaditya18,False,positive,positive,neutral,positive
h7eaizz,Maula mere lele meri jaan...,9,0,1627880784.0,,False,neutral,neutral,neutral,neutral
h7e96zn, 🔥🔥🔥🔥❤️❤️❤️❤️❤️,4,0,1627879853.0,alpz760,False,positive,neutral,neutral,neutral
h7ecc7x,"Next game against Argentina

Looks like finals isn't that far off",3,0,1627882091.0,nono-squaree,False,neutral,positive,neutral,neutral
h7ef78y,"I don't fuckin believe my eyes, what an excellent news to begin the day with",3,0,1627884264.0,Scell7,False,positive,negative,positive,positive
h7ep1n3,CHAK DE INDIA! Can’t wait for the next game 🇮🇳🇮🇳🇮🇳,3,0,1627892725.0,LevelHeadedAssassin,False,positive,positive,positive,positive
h7ec2og,My eyes are moist.. Literally 😂😂😂,7,0,1627881893.0,chai_18,False,negative,neutral,positive,neutral
h7ebto2,India.... India,2,0,1627881711.0,Longjumping_Light425,False,neutral,neutral,neutral,neutral
h7eds0i,Chak de India,2,0,1627883168.0,Nxt2Impossible,False,neutral,neutral,negative,neutral
h7eg0to,So proud well played.....,2,0,1627884914.0,madhur98,False,positive,positive,positive,positive
h7ehmoj,They deserve this win. I am so happy Indian win after so long,2,0,1627886212.0,Rocco93693,False,positive,positive,positive,positive
h7ei8kj,Let's go India!,2,0,1627886713.0,Mister-Dobalina,False,positive,positive,positive,positive
h7emxi6,This is the first time foo,2,0,1627890815.0,Rude_Journalist,False,neutral,neutral,positive,neutral
h7eokjy,ham sab ko hara ke ghar laaenge gold ta ta ta ta ta gold..... (no pressure ofc),2,0,1627892297.0,I_Am_Groot3,False,neutral,neutral,negative,neutral
h7eomho,Losing three matches in the group stage to defeating Australia in the quarter-finals. Unbelievable stuff. Hope more kids will pick up the hockey stick or any other sport in the future.,2,0,1627892346.0,KatsuOoN,False,negative,negative,positive,negative
h7ep0lq,Chak de India!,2,0,1627892699.0,1mt3j45,False,neutral,neutral,positive,neutral
h7ev8zm,"Well it's August, yet as a Canadian my mind went right to ice hockey before fully grasping what hockey I was looking at in the thumbnail. Congrats India!",2,0,1627898335.0,plaguedbullets,False,positive,positive,positive,positive
h7evklm,"Team India - One Silver and Bronze thus far... 

Indian Girl power at display !",2,0,1627898608.0,problem_solver1,False,positive,positive,positive,positive
h7eyr6t,Am I allowed to say Loss-tralia,2,0,1627901309.0,indonemesis,False,neutral,neutral,negative,neutral
h7f293t,any streaming replay or highlights?,2,0,1627904038.0,kompricated,False,neutral,neutral,neutral,neutral
h7f5cy8,"Love from Brazil

Love from India",2,0,1627906159.0,QuarantineSucksALot,False,positive,positive,positive,positive
h7fasfa,Good job girls I just made 29/1 odds on my bet. I knew you ladies had it !!!,2,0,1627909433.0,KooMooSithink,False,positive,positive,positive,positive
h7ffl42,Bharat mata ki jay,2,0,1627911981.0,rajeshbinjhade,False,neutral,neutral,positive,neutral
h7fwpk2,"Ok now my interest in olympics went up by a factor of thousand. Going all in with ALL EMOTIONS NOW omg great work, ladies!!!",2,0,1627919867.0,ekonis,False,positive,positive,positive,positive
h7gvtl5,Chak de India!!!!,2,0,1627935030.0,Terminator97,False,neutral,neutral,negative,neutral
h7hn5bi,I’m American but I am rooting for your women’s team 100% here !!! ♥️♥️♥️💗♥️💕♥️,2,0,1627947465.0,,False,positive,positive,neutral,positive
h7i96x0,"Aussie here. Well done India, you played a wonderful game and deserved the win! I'm proud of the Aussie women and their effort too.",2,0,1627958064.0,captain_shinypants,False,positive,positive,positive,positive
h7ifr6k,Indian women are out performing men.,2,0,1627961521.0,Beneficial_Moment_56,False,neutral,negative,neutral,neutral
h7iq48v,Is there a place I can watch the highlights of this match? Didn't find anything on YouTube,2,0,1627967865.0,prawad,False,neutral,neutral,neutral,neutral
h7eo248,"Am I the only one who felt that the refereeing has been unfairly biased against India in both today's women's quarterfinal and yesterday's men's quarterfinal? 


There were multiple instances where borderline calls were given the other team's way. The slew of penalty corners in near the end of the 3rd quarter in the men's match was infuriating. Esp the second last one, where the ball deflected off an Indian player's stick, went out of play, but GB were awarded a penalty corner upon review. Today in the women's match even the commentator noted a couple of times that the referee was being a bit harsh on India. 


I don't know anything about hockey and the actual rules are quite confusing to me though, so trying to figure out if it was fair or not? Welcome any informed opinions!",4,0,1627891827.0,question36943,False,negative,negative,negative,negative
h7ecxnc,We need a chak de 2 now ☺️❤️,3,0,1627882535.0,Agile_Lemon,False,positive,neutral,neutral,neutral
h7etr12,You won because Australia play upside down,3,0,1627897014.0,GeneralOOO,False,neutral,neutral,neutral,neutral
h7fikg6,"Meanwhile Indians: chal net khol aur uska caste check kar, jaldi",4,0,1627913446.0,oceanside_790,False,neutral,neutral,neutral,neutral
h7ee3gc,"Kabir Khan be like:
Yeh team olympics mein qualify bhi nahi karegi

Nahi yeh bas quarters mein haar jaeygi

Ya Allah yeh team toh semis mein jaegi",5,0,1627883407.0,icarus1945,False,neutral,neutral,positive,neutral
h7ehrzn,"Girls are making us proud this time.
Choriya choro se kaam hai keee!!",2,0,1627886332.0,ppawaskar420,False,positive,positive,positive,positive
h7efcbq,I would like to thank coach shahrukh khan ji for laying the foundation of this strong team,2,0,1627884376.0,viksi,False,positive,positive,positive,positive
h7eecgo,First possible true story that will be based on a Bollywood movie,2,0,1627883598.0,Ganjabuddha,False,neutral,neutral,neutral,neutral
h7egfuf,[deleted],2,0,1627885245.0,,1627886709.0,neutral,neutral,negative,neutral
h7esxgv,Love to see one of the most racist countries in the world get beaten by not-pink people.,2,0,1627896281.0,autocommenter_bot,1627897898.0,negative,negative,negative,negative
h7efkt0,I am getting too much hope,1,0,1627884561.0,ChowGamer123,False,neutral,negative,neutral,neutral
h7fbrn2,"How has no one mentioned this is field hockey, not ""regular"" hockey lol",1,0,1627909977.0,Greenranger70,False,neutral,neutral,neutral,neutral
h7enff6,nice,1,0,1627891270.0,messisipi,False,positive,positive,positive,positive
h7eqam9,Cheers to them feeling so proud to be an indian....,1,0,1627893879.0,Legitimate_Recipe894,False,positive,positive,positive,positive
h7eqze9,So whats ur predictions for the finals? Im Netherlands VS India all the way now. Should be a really good match.,1,0,1627894505.0,JA4sen,False,positive,positive,positive,positive
h7ep9er,And Indians are more interested on who should play if Rahane is injured.,0,0,1627892926.0,samtheman2036,False,neutral,neutral,neutral,neutral
h7edahj,"I wanted to be sarcastic and thank Fodiji here but fuck that shit, this is incredible, and I love the fact that Indian women are making India proud, I hope India learns a lesson from this and supports their women more, we have so much untapped potential.",-4,0,1627882798.0,malai_llama,False,positive,positive,positive,positive
h7fn3lu,whait thats not hockey? no ice,0,0,1627915571.0,,False,negative,neutral,neutral,neutral
h7eypn3,"Maybe this will convince those shitty Indians who believe that oNLy SoNs can bring pride and glory to the parents. Yeah, who am I kidding. 

Indian women can conquer Mars but son-preference will persist. For those downvoting, please remember that the national sex ratio in the 0-6 age group is 896 girls to a 1000 boys. Clear indication of son-preference and female foeticide.",-11,0,1627901275.0,VariableStruck,False,negative,negative,negative,negative
h7ee9u8,Coach is Kabir Khan 😭,-6,0,1627883543.0,1bb35,False,neutral,neutral,neutral,neutral
h7extu1,No words of gratitude towards our able and visionary leader. Ungrateful fucks!,-6,0,1627900478.0,_FooL_,False,negative,negative,negative,negative
h7ev7c9,"And nobody in India will care, while every cricketer makes millions",-7,0,1627898294.0,ECrispy,False,negative,negative,negative,negative
h7ef7mq,👏👏 HATS OFF TO THE WOMEN'S HOCKEY TEAM 👏👏,1,0,1627884272.0,COOL_GEEK_010506,False,positive,positive,neutral,positive
h7efosp,Chak De India!,1,0,1627884649.0,parabola9999,False,neutral,neutral,positive,neutral
h7efvtf,"What an incredible defence mannn, the girls slayed it . I jumped out of my bed after the goal, excited for semis now .....",1,0,1627884804.0,kappa_79,False,positive,positive,positive,positive
h7eibdt,This definitely most surprising the best sports news i got after i woke up .....i have no hope from women's team ...they did wonder's,1,0,1627886778.0,pratik1698,False,positive,positive,positive,positive
h7eiv8l,"Whatever happens in the semis, this one win in the Olympics does deserve a medal in its own right.",1,0,1627887242.0,thehermitcoder,False,positive,positive,positive,positive
h7ejptm,chak deee oh chak de indiaaa,1,0,1627887978.0,,False,neutral,neutral,negative,neutral
h7ejum5,Are you sure its the first time. I read somewhere that it is second time,1,0,1627888095.0,Different-Towel-2126,False,neutral,neutral,neutral,neutral
h7ek65j,You mean you hit the bug.,1,0,1627888376.0,QuarantineSucksALot,False,neutral,neutral,neutral,neutral
h7ek6u7,India is shining. Yay!,1,0,1627888393.0,FraternalPoetry,False,positive,positive,positive,positive
h7elrh6,It was a very good match. Great performance by them.,1,0,1627889773.0,Michaelhuber87,False,positive,positive,positive,positive
h7emiue,It’s all women,1,0,1627890455.0,thewokebrownie,False,neutral,neutral,neutral,neutral
h7emkxr,Congratulations Team India!,1,0,1627890505.0,KatsuOoN,False,positive,positive,positive,positive
h7esen3,"You guys say scripts instead of writes, is that a British colony thing? This chick i work with said jolly good once and I was like lol whut",1,0,1627895811.0,Tfear_Marathonus,False,neutral,neutral,positive,neutral
h7etyep,"I always thought India was dominating hockey all the time.


Maybe it was Cricket.",1,0,1627897202.0,Im_manuel_cunt,False,neutral,neutral,neutral,neutral
h7eu838,OMG this is fucking inspiring!!!!,1,0,1627897443.0,sunnywayne,False,positive,positive,positive,positive
h7euknp,No one wears a cup in hockey.,1,0,1627897747.0,RoscoMan1,False,neutral,negative,neutral,neutral
h7ewpmu,So many upsets in Tokyo!,1,0,1627899561.0,,False,negative,negative,negative,negative
h7f0d1r,61.62 for Kamalpreet,1,0,1627902611.0,SpiritualHawk420,False,neutral,neutral,neutral,neutral
h7f35wo,Bow down to the queens. Congrats India!,1,0,1627904685.0,iphoneian,False,positive,positive,positive,positive
h7f47bq,We'll miss her beating the hell out.,1,0,1627905391.0,QuarantineSucksALot,False,negative,negative,negative,negative
h7f4t4a,Go team.,1,0,1627905797.0,hijki123,False,neutral,positive,positive,positive
h7f7erb,India is so damn fitting.,1,0,1627907466.0,Rude_Journalist,False,positive,negative,positive,positive
h7f83qq,Wonderful. Keep it up. We are proud of you. Well done.,1,0,1627907892.0,XXYY1992,False,positive,positive,positive,positive
h7f8b2t,"Chak deeeee, oh chak de indiaaaaa",1,0,1627908018.0,akanshnb12345,False,neutral,neutral,positive,neutral
h7f8g1m,Girls made us so proud and heartiest congratulations to Indian women hockey team on their greatest win. Let's fight for Gold. Best of luck!,1,0,1627908101.0,holidayvent,False,positive,positive,positive,positive
h7fadub,"Maula mere, lay lay meri jaan …",1,0,1627909208.0,wachieo,False,neutral,neutral,negative,neutral
h7fajc0,proud of them!!! 🇮🇳,1,0,1627909292.0,HuckleberryThick9372,False,positive,positive,positive,positive
h7fbaau,"Man, I do hope/wish/pray from the bottom of my heart, that this team wins gold!!  
Would give so much hope and inspiration to so many people. And definitely raise the bar of sports in India, not only how it is played, but how it is perceived!",1,0,1627909708.0,hokagesahab,False,positive,positive,positive,positive
h7fdyx8,This person scripts,1,0,1627911153.0,RoscoMan1,False,neutral,neutral,positive,neutral
h7fhzf2,👍👍,1,0,1627913163.0,Just-Evidence4927,False,positive,neutral,neutral,neutral
h7fn653,"This makes me so proud of our great hindustan, humari choriya choro se kum hai kya?",1,0,1627915604.0,Moist-Technology-278,False,positive,positive,positive,positive
h7fqcof,வாழ்த்துக்கள்...!,1,0,1627917052.0,,False,neutral,neutral,positive,neutral
h7frfs0,**Chak De India....**,1,0,1627917546.0,Rayspa,False,neutral,neutral,positive,neutral
h7g3bnw,"Semi finals going to be held on 4th August India versus Argentina and UK versus Netherlands. Good luck to our team on being Argentina!

On the other hand in Men's Hockey tomorrow semi finals India versus Brazil & Australia versus Germany.",1,0,1627922688.0,Tintin_Quarentino,False,positive,positive,positive,positive
h7g4n5h,chak de india,1,0,1627923249.0,prabalb,False,neutral,neutral,negative,neutral
h7giien,Job well done Ladies!,1,0,1627929249.0,WPackN2,False,positive,positive,positive,positive
h7gjyax,"Field hockey is my new favourite Olympic event. The Indians were outstanding. The UK edging out Spain in penalties. 

I've already set a reminder for the next round. 
Can't wait til Wednesday.",1,0,1627929870.0,newgibben,False,positive,positive,positive,positive
h7grvcq,Letssss goooooooooo,1,0,1627933317.0,annubv,False,positive,positive,neutral,positive
h7gxnnc,What joy !!,1,0,1627935857.0,_1729throw,False,positive,positive,positive,positive
h7hbvtw,chack de India,1,0,1627942198.0,dev2049,False,neutral,neutral,negative,neutral
h7is400,https://t.me/joinchat/kDWmibqrIVE4MDhh,1,0,1627969235.0,Kooky-Temperature-97,False,neutral,neutral,neutral,neutral
h7jb1rd,Chak de india,1,0,1627985083.0,rajeshbinjhade,False,neutral,neutral,negative,neutral
h7ecpt5,Savita's saves were unreal!!,220,1,1627882375.0,t24x-94,False,positive,positive,neutral,positive
h7elpje,Undefeated ? this was the first goal they conceded through out. Indian women's performance was out-fucking-standing.,130,1,1627889724.0,atmsd7,False,negative,negative,neutral,negative
h7es433,#Chak De! India,75,1,1627895542.0,amrit-9037,False,neutral,neutral,negative,neutral
h7eunn9,"Great result from the Indian team. The defence was really strong. As an Indian Aussie these matches are best, I feel good whoever wins.",20,1,1627897818.0,bilby2020,False,positive,positive,positive,positive
h7ec3oq,For cricket fans- this is like Ireland/Afghanistan knocking out australia/india in cricket,239,1,1627881915.0,nono-squaree,False,neutral,neutral,neutral,neutral
h7e9x6r,I still can't believe it -- eyes still moist 😭😭,127,1,1627880363.0,t24x-94,False,negative,negative,positive,negative
h7eejp6,Well even Aussies were crying with disappointment!,44,1,1627883752.0,Professional-Bird654,False,negative,negative,negative,negative
h7e8t7a,Do we know the names and nationalities of our coaches?,71,1,1627879592.0,AiyyoIyer,False,neutral,neutral,neutral,neutral
h7eat1c,To be the BEST.. You need to BEAT the BEST!! Really an amazing performance by India.,39,1,1627880980.0,vgtest1980,False,positive,positive,positive,positive
h7eattx,Man I was crying too you left me.,19,1,1627880995.0,Entcune,False,negative,negative,negative,negative
h7ejhvj,"Current rankings are Netherlands, Argentina, Germany and Australia.",8,1,1627887784.0,SpiritualHawk420,False,neutral,neutral,neutral,neutral
h7ed5cl,Technically they are ranked no 2,0,1,1627882692.0,aesthachan,False,neutral,neutral,neutral,neutral
h7eoo6b,I would take the opportunity to mention Navin Pattnaik and Odisha government. His government has been sponsoring the Mens and Womens hockey teams. Navin Pattnaik has been too shy to publicly claim any credit. Some other politicians would have been chest thumping all over the media by now.,189,1,1627892387.0,A3H3,False,neutral,neutral,negative,neutral
h7ebrdk,Rani Rampal. She is our captain and a fantastic ambassador of the sport.,39,1,1627881664.0,,False,positive,positive,positive,positive
h7ek0xy,">Man amazing  defending from Indian girls. India has just won 4 out of 44 games Vs Australia. Australia was undefeated in this Olympics so far .

Realistically I expect SRK to be signed for Chak De ! - Part II.",78,1,1627888249.0,v4vedanta,False,positive,positive,positive,positive
h7ec67y,"Yes, this is the prefect time for hockey League as hockey interest might be at an all time high after this",56,1,1627881967.0,nono-squaree,False,positive,positive,neutral,positive
h7evut2,"There was a hockey league in India even before IPL was thing. Between 2005 to 2008. then it was discontinued.

https://en.wikipedia.org/wiki/Premier_Hockey_League

There was another league attempt made to start a league in 2013. It was discontinued in 2017

https://en.wikipedia.org/wiki/Hockey_India_League",17,1,1627898851.0,desigooner,False,neutral,neutral,neutral,neutral
h7eke0y,Biggest upset still goes to Anna Keisenhofer. PhD in mathematics and didn't even have a professional contract when she won the Gold.,25,1,1627888569.0,gptz,False,negative,negative,negative,negative
h7fjyxv,Novak Djokovic wants to say hi.,3,1,1627914110.0,nextdoorrando,False,neutral,neutral,neutral,neutral
h7fkcfx,Zverev is a top tier tennis player.Not even close to a upset.Its like saying South Africa beat India in cricket to cause an upset.(current teams).,1,1,1627914287.0,Nofucksgiven0017,False,neutral,negative,neutral,neutral
h7eagmj,Chak de song has been non-stop ringing in my head since 2nd quarter of the match.,32,1,1627880737.0,maninblueshirt,False,neutral,neutral,neutral,neutral
h7ea9oa,Absolutely!,13,1,1627880603.0,gaditya18,False,positive,positive,positive,positive
h7eico6,This is more like Kenya beating India in 2003 WC semifinal,12,1,1627886807.0,thedeatheater1410,False,neutral,neutral,neutral,neutral
h7f10b7,"You've taken the Gabbatoir from us. Now you've taken Hockey.

Please don't start playing Netball and stay out of the pool! Leave us with something!

I kid, congrats to India - awesome win :)",5,1,1627903121.0,PackYrSuitcases,False,negative,positive,positive,positive
h7eg2ng,"Buddy I get your intent to contextualise the win. But cricket has about 200x the funding, audience, talent pool etc.

This moment is a much, much bigger underdog vs favorite story. 

And we should focus on helping people appreciate it without needing to compare to cricket.",13,1,1627884954.0,ZombieGombie,False,neutral,positive,positive,positive
h7ekojn,Jaha! Amazing! Hope he has to delay his trip to after the finals!,10,1,1627888821.0,dontPanicPassenger,False,positive,positive,positive,positive
h7ewhuj,Comes across as a good sport: https://twitter.com/SjoerdMarijne/status/1422124204988657664,1,1,1627899384.0,rahulthewall,False,positive,positive,positive,positive
h7ea1d7,Goal keeper Savita saved 9 attempts. Surreal performance.,52,1,1627880441.0,maninblueshirt,False,positive,positive,neutral,positive
h7edro2,"She was really good man, Australia was unable to convert any of their penalty corners whereas India got it in just 1",12,1,1627883161.0,yuvraj_birdi,False,positive,positive,positive,positive
h7ee8t3,"Chak de today
Lagaan was playing yesterday😂",20,1,1627883521.0,icarus1945,False,neutral,neutral,neutral,neutral
h7ed8a1,Thank you :-),7,1,1627882752.0,Affectionate_Ruin303,False,positive,positive,positive,positive
h7eopb3,"Good on you mate! Thanks for the support !! Def appreciate. Cheers.
Love it when sports upsets are appreciated by the losing fans instead of moaning / bitching about it.",6,1,1627892414.0,notokbye,False,positive,positive,positive,positive
h7f5m9p,[deleted],0,1,1627906330.0,,False,neutral,neutral,negative,neutral
h7eamnb,Beta mohalle me gulab jamun batwayo. Khushi ka mauka hai.,20,1,1627880857.0,AnthonyGonsalvez,False,neutral,neutral,neutral,neutral
h7e8wjj,I was just about to say that,11,1,1627879655.0,synchronisedchaos,False,neutral,neutral,negative,neutral
h7ectf1,No it isn't ಠ_ಠ,2,1,1627882449.0,t24x-94,False,negative,neutral,negative,negative
h7fc3yf,We need kaur to switch from discus to hockey now.😂,9,1,1627910165.0,sage_mode_sannin,False,neutral,neutral,neutral,neutral
h7fbgbh,?,1,1,1627909803.0,dimensionargentina,False,neutral,neutral,neutral,neutral
h7e9d9k,I just tuned in during Q2 when it was 1-0 against Australia. I'll also admit I didn't really expect them to win this but they really pulled it off.,37,1,1627879976.0,cestabhi,False,positive,positive,neutral,positive
h7eaio6,Chak de song has been non-stop ringing in my head since 2nd quarter of the match.,15,1,1627880778.0,maninblueshirt,False,neutral,neutral,neutral,neutral
h7en9y5,"I couldn’t handle watching the match, bc I was too nervous and got weirdly superstitious abt it all. But wow, I’m so glad that maybe not watching actually worked, LOL.",3,1,1627891134.0,fortheapponly,False,positive,positive,neutral,positive
h7ecx3u,The DJ was playing Chak De India songs in the stadium! :D,23,1,1627882524.0,t24x-94,False,positive,positive,neutral,positive
h7g2wdh,*purraauud,1,1,1627922507.0,Fine_Communication21,False,neutral,neutral,positive,neutral
h7ec3kp,"I don't think so. Apparently, we barely qualified but luckily beat out the Aussies. We have a chance for Bronze if the women hold their current form but I don't think we're favourties honestly",4,1,1627881912.0,,False,negative,neutral,positive,neutral
h7eyrch,Would make us feel better about ourselves.,1,1,1627901312.0,Dommekarma,False,positive,neutral,positive,positive
h7ebw65,Let's wait till the semis get over at least,8,1,1627881760.0,,False,neutral,neutral,neutral,neutral
h7ec993,I'm down teenager,5,1,1627882030.0,charsi-95,False,neutral,negative,negative,negative
h7f97zt,"Well, the comment (or a post's seftext) that was here, is no more. I'm leaving just whatever I wrote in the past 48 hours or so.

F acing a goodbye.    
U gly as it may be.    
C alculating pros and cons.    
K illing my texts is, really, the best I can do.    
     
       
S o, some reddit's honcho thought it would be nice to kill third-party apps.       
P als, it's great to delete whatever I wrote in here. It's cathartic in a way.    
E agerly going away, to greener pastures.     
Z illion reasons, and you'll find many at the subreddit called Save3rdPartyApps.",0,1,1627908553.0,nsfwmodeme,1688158901.0,negative,neutral,positive,neutral
h7f54lf,I was 17 when I found out there's such a game as ice hockey too lol . How did you stumble upon this post?,1,1,1627906008.0,AnpinPoseidon,False,neutral,neutral,neutral,neutral
h7fggts,"The only reason I know about Ice Hockey is because of a NHL Video Game Demo that I had once, with Montreal Canadiens.",1,1,1627912421.0,,False,neutral,neutral,neutral,neutral
h7f3bv6,[Highlights](https://youtu.be/JIEso8-Tbfo) from Olympic's YouTube channel.,1,1,1627904798.0,t24x-94,False,neutral,neutral,neutral,neutral
h7flpru,He can only bleat like a goat,1,1,1627914933.0,techbunnyboy,False,negative,negative,neutral,negative
h7g9dkh,Growing up in India we always called it just hockey. I didn't even know there was a winter version of the Olympics with ice hockey until I visited other (colder) countries...,3,1,1627925277.0,jungle_jungle,False,neutral,neutral,neutral,neutral
h7ehpu6,Soccer / football,2,1,1627886283.0,newchurner255,False,neutral,neutral,neutral,neutral
h7g9jn3,"I would say field hockey is the ""normal"" hockey globally, outside US/Canada. Probably the same thing as ""football"" never meaning American football elsewhere.",2,1,1627925350.0,xugan97,1627926281.0,neutral,neutral,neutral,neutral
h7ehp7f,The sport in the summer games is called Field Hockey. OP just left that out.,1,1,1627886270.0,StOnEy333,False,neutral,neutral,neutral,neutral
h7eyu3s,Australia is just not that racist. There is more to us then Cronulla and St Kilda,2,1,1627901375.0,Dommekarma,False,negative,negative,negative,negative
h7f43l0,You can see his movements the other side,1,1,1627905321.0,RoscoMan1,False,neutral,neutral,neutral,neutral
h7g9mkx,Field hockey is regular hockey and a part of the olympics games forever (100 years?) Ice hockey is the newer version of the game and is not known much in Asia..,1,1,1627925386.0,jungle_jungle,False,neutral,neutral,neutral,neutral
h7eznim,*We live in a nice quiet life...,1,1,1627902043.0,RoscoMan1,False,positive,positive,positive,positive
h7f1504,"Are you dumb? People are celebrating, and you are here bringing the girls/boys things, get a life dude",10,1,1627903219.0,_69_is_love,False,negative,negative,negative,negative
h7ekpia,"They came 4th in 1980 Moscow Olympics but there were only 6 teams since US & few other countries had boycotted Olympics. there were no Semifinals that year, instead the top two teams from each group qualified.",2,1,1627888844.0,sarvesh_s,False,neutral,neutral,neutral,neutral
h7eyq82,They do during shorts.,1,1,1627901288.0,Dommekarma,False,neutral,neutral,neutral,neutral
h7emn88,And they defended till the last play. Aussies were in possession but well played Indian women team. We're so proud of you!,73,2,1627890560.0,KatsuOoN,False,positive,positive,positive,positive
h7ei7q4,[removed],-83,2,1627886694.0,,1627887462.0,neutral,neutral,negative,neutral
h7en8s5,I think it was the second. They had someone score against them in the pool rounds,38,2,1627891105.0,Brownboypower,False,neutral,neutral,neutral,neutral
h7kdo99,#Chak De! India 🇮🇳 🏒,2,2,1628006543.0,Kidsdiypoint,False,neutral,neutral,neutral,neutral
h7ev3j1,Hello fellow Indian Aussies playing both sides :p,8,2,1627898204.0,Brownboypower,False,neutral,neutral,neutral,neutral
h7eec5v,"oh come on, the women's hockey team isnt that badly ranked. Indian women's team is ranked number #9 and australia #2 out of 76 teams. So its more like Bangladesh beating India.",62,2,1627883591.0,kanjikud,False,neutral,neutral,positive,neutral
h7edg1j,Thanks for explaining in context of cricket. Now I get it that India had a long way to go to catch Australia in hockey.,62,2,1627882914.0,pMangonut,False,neutral,neutral,positive,neutral
h7ers71,As an Irishman I like the sound of that upset,11,2,1627895242.0,harblstuff,False,negative,neutral,neutral,neutral
h7efay8,Chakde India tune playing in background.,77,2,1627884345.0,th-grt-gtsby,False,neutral,neutral,neutral,neutral
h7edsbv,"Subverted Expectations.


Never thought this!!!",22,2,1627883175.0,shantanu_m28,False,negative,negative,negative,negative
h7ek0vx,"Aussie here, watched 2nd half of the game - when your stupendous team won I was crying tears of joy & happiness for them!   And sad tears for our team.  I want to watch their next game too, but guess they won't play it here on tv....

WAOU what a great battle your team put up!   Really well done!!",57,2,1627888248.0,lookthepenguins,False,positive,positive,positive,positive
h7ea2i3,The head coach is [Sjoerd Marijne](https://en.m.wikipedia.org/wiki/Sjoerd_Marijne). He coached the Indian Men's team as well.,102,2,1627880463.0,t24x-94,False,neutral,neutral,neutral,neutral
h7e8z16,"Sjoerd Marijne - Dutch 

There was a physiotherapist too.",79,2,1627879701.0,throwawaycsgocozesl,False,neutral,neutral,neutral,neutral
h7eswdk,Pete said this like 50 times in season 13 lol,5,2,1627896254.0,gg1023,False,neutral,neutral,neutral,neutral
h7ek79w,"Nope. http://www.fih.ch/rankings/outdoor/

Aussies haven't played much last yr. Still managed to be second.",15,2,1627888403.0,throwawaycsgocozesl,False,neutral,neutral,neutral,neutral
h7eh38y,They haven't played much last year. But look at their dominance.,7,2,1627885768.0,throwawaycsgocozesl,False,neutral,neutral,neutral,neutral
h7epb7q,The amount of Modi thumping on the back of the winning athletes are crazy. My gf is Indian and I legitimately think her eyes will fall out from rolling so hard when seeing those posts.,87,2,1627892972.0,Rahbek23,False,positive,negative,negative,negative
h7fayxs,"Wow, I did not know about this!  
Thank you for sharing!",9,2,1627909533.0,hokagesahab,False,positive,positive,positive,positive
h7fm0y0,Even I wanted to say the same thing. The Odisha govt does deserve credit for this.,7,2,1627915077.0,black02,False,positive,positive,positive,positive
h7gra1k,"wrg, no shyx nmw",0,2,1627933058.0,fkpolimods,False,neutral,negative,neutral,neutral
h7ehhun,"Do you guys wonder about the roots of a person by their name? Like, Rani, such a simple and common name. Or rather not so modern name. She must have come from a pretty average family background. That means, she must have struggled a lot to reach to this stage.",23,2,1627886099.0,WhereAmIGoingAgain,False,neutral,neutral,neutral,neutral
h7fny5g,"You need to be ambitious. I think there's a whole pipeline possible here.

Phirse Se Chak De!

Aur Chak De!!

De Chak De!!!

Chakachak Chak De!!!!",8,2,1627915957.0,evereddy,False,positive,neutral,neutral,neutral
h7fq7ah,There was a hockey league. The interest doesn't last long except in Punjab and Haryana for some reason,4,2,1627916984.0,TagMeAJerk,False,neutral,neutral,neutral,neutral
h7fpogc,PHL was so much fun but it just never caught on.,4,2,1627916744.0,Corporal_Cavernosa,False,negative,neutral,positive,neutral
h7evvxj,"**[Premier_Hockey_League](https://en.wikipedia.org/wiki/Premier_Hockey_League)** 
 
 >Premier Hockey League (PHL) was a professional field hockey league competition for clubs in the top division of the Indian hockey system. There were seven teams in the PHL. The competition was held every year from 2005 until 2008.
 
**[Hockey_India_League](https://en.wikipedia.org/wiki/Hockey_India_League)** 
 
 >Hockey India League (HIL), known as the Coal India Hockey India League for sponsorship reasons, is a professional field hockey league in India. The league is organized by Hockey India, the governing body for the sport in India. HIL, along with the Indian Premier League, Indian Super League, and Pro Kabaddi League, is considered one of the major sports leagues in the country. HIL consists of six teams, with the regular season lasting two months from January to February, with each team playing 10 games.
 
^([ )[^(F.A.Q)](https://www.reddit.com/r/WikiSummarizer/wiki/index#wiki_f.a.q)^( | )[^(Opt Out)](https://reddit.com/message/compose?to=WikiSummarizerBot&message=OptOut&subject=OptOut)^( | )[^(Opt Out Of Subreddit)](https://np.reddit.com/r/india/about/banned)^( | )[^(GitHub)](https://github.com/Sujal-7/WikiSummarizerBot)^( ] Downvote to remove | v1.5)",1,2,1627898876.0,WikiSummarizerBot,False,neutral,neutral,neutral,neutral
h7ff69q,She's also won several Austrian National championships.,2,2,1627911774.0,JanetHellen,False,positive,positive,positive,positive
h7faua6,Which sport,1,2,1627909461.0,ag000101,False,neutral,neutral,neutral,neutral
h7ffr9u,Haha thanks mate. Always loved watched India play Australia. Take care. :),3,2,1627912066.0,AiyyoIyer,False,positive,positive,positive,positive
h7egvv9,"Well I meant it from the pov of ""upset"" - India wasn't expected to win and we did the impossible - in both the cases",15,2,1627885598.0,AiyyoIyer,False,negative,negative,negative,negative
h7ekycj,Hoping🤞🏼 he'll go crazy from the reception he'll receive back home in india,9,2,1627889060.0,t24x-94,False,positive,neutral,positive,positive
h7eab4q,Especially last 3 minutes. Kudos to her and the defense.,25,2,1627880630.0,nanu_unknownu,False,positive,positive,neutral,positive
h7h1oeq,"I don’t get this example of Indian humour. Can you explain the punch line?? 

Edit: I guess it wasn’t funny enough or even worth explaining to a dear old friend from Australia ! Have a lovely day you legends!!!!!",1,2,1627937626.0,,1627942973.0,negative,negative,neutral,negative
h7edvdv,"Bronze is realistic but I think we genuinely have a chance to go to the finals, the team especially will be extremely high in confidence after beating the juggernaut Australians",16,2,1627883238.0,yuvraj_birdi,False,positive,positive,positive,positive
h7ein3n,"Yes, this is a moment for celebration. But saying we are favorites is far from correct (I watched the game). I still hope we win the gold though, that would be historic.",4,2,1627887046.0,Profitlocking,False,positive,positive,positive,positive
h7ec6ea,I think otherwise,6,2,1627881971.0,Born_Science,False,neutral,neutral,neutral,neutral
h7ecaee,*Calm down teenager,1,2,1627882053.0,charsi-95,False,neutral,neutral,neutral,neutral
h7eh1zs,At least you're not high teenager,1,2,1627885738.0,apex_pretador,False,neutral,neutral,neutral,neutral
h7fbdpn,"I never said that it will be Cakewalk

But I fancy us to win",1,2,1627909762.0,nono-squaree,False,positive,positive,positive,positive
h7jdt8n,It was on r/all,1,2,1627987329.0,plaguedbullets,False,neutral,neutral,negative,neutral
h7gahon,Hence why I put regular in quotations..... I ain't arguing any of that just surprised no one else mentioned it in comments,1,2,1627925757.0,Greenranger70,False,neutral,neutral,neutral,neutral
h7fcdmk,"People are celebrating, because a handful of young women who have hitherto received NO support, funding, encouragement or attention, managed to pull off a jaw-dropping triumph. 

This is no credit to India. ALL the credit goes to this amazing group of women, who triumphed on the basis of their hard work, sweat, determination and grit. 

But y'all don't mind piggy-backing off it. I mean how many of you even regularly follow women's sports, fuggedabout women's hockey? 

Indians only remember women's sports when these athletes execute stunning upsets, and have world-class game. The rest of the time? Watch rigged, match-fixed men's cricket, and ogle at the cheerleaders. 

You're certainly a ray of sunshine, and a credit to your parents. 😆",-6,2,1627910311.0,VariableStruck,False,positive,positive,neutral,positive
h7eijvv,[removed],28,3,1627886972.0,,False,neutral,neutral,negative,neutral
h7erazl,Understand the emotion bro,-33,3,1627894806.0,Mammoth-Blacksmith-3,False,neutral,neutral,neutral,neutral
h7eeifn,"you are underestimating afghanistan/ireland

BTW afghanistan is ranked 8/85, Bangladesh 10/85 and Ireland 12/85",102,3,1627883725.0,nono-squaree,False,neutral,neutral,neutral,neutral
h7ej0t5,\#2 vs #9 is still a huge gap when it comes to women's hockey. Keeping in mind Australia's dominance in the past.,14,3,1627887378.0,thehermitcoder,False,neutral,neutral,negative,neutral
h7enjwf,[deleted],4,3,1627891381.0,,False,neutral,neutral,negative,neutral
h7edpxf,"Women yes

Men no, they are the 3rd best team in the world right now",86,3,1627883123.0,nono-squaree,False,positive,positive,positive,positive
h7ew26p," I don't think cricket is popular in Ireland, right?",3,3,1627899020.0,nono-squaree,False,negative,negative,neutral,negative
h7eqz39,"Enough of Chak De! The women played their hearts out and won, Chak De has nothing to do with it.",-18,3,1627894496.0,Saheni_george,False,negative,negative,neutral,negative
h7endn2,"bruh what are you on about.. 7plus telecasts every single hockey match, you absolutely will be able to watch it.

Just go online to 7plus.

For once, australia has one of the most comprehensive coverage of any event. 7plus has blown it away (if you can manage their atrocious website that is).",20,3,1627891224.0,RETAW57,False,positive,positive,positive,positive
h7ea3jd,"**[Sjoerd_Marijne](https://en.m.wikipedia.org/wiki/Sjoerd_Marijne)** 
 
 >Sjoerd Marijne (born 20 April 1974) is a Dutch field hockey coach of the Indian women's national team. Marijne is also a former field hockey player as he played ten years for Den Bosch in the Hoofdklasse. He coached the team at the 2018 Women's Hockey World Cup.
 
^([ )[^(F.A.Q)](https://www.reddit.com/r/WikiSummarizer/wiki/index#wiki_f.a.q)^( | )[^(Opt Out)](https://reddit.com/message/compose?to=WikiSummarizerBot&message=OptOut&subject=OptOut)^( | )[^(Opt Out Of Subreddit)](https://np.reddit.com/r/india/about/banned)^( | )[^(GitHub)](https://github.com/Sujal-7/WikiSummarizerBot)^( ] Downvote to remove | v1.5)",21,3,1627880482.0,WikiSummarizerBot,False,neutral,neutral,neutral,neutral
h7eqw2d,"Please look at your own link. For *women*, Australia are third, behind Netherlands and Argentina.",5,3,1627894421.0,-Cubie-,False,neutral,neutral,neutral,neutral
h7essso,"Same here. I think it's pretty regrettable how sports in India are being used as an outlet for jingoistic chest thumping and political promotion. 

I recently came across this [video](https://np.reddit.com/r/China/comments/ouk8ua/japanese_table_tennis_player_mima_ito_shares_her/?utm_medium=android_app&utm_source=share) of a Japanese athlete sharing her mother's handmade onigiri with her fellow Chinese athletes. I think this is the sort of thing that represents the true spirit of the Olympics.",47,3,1627896162.0,cestabhi,False,negative,negative,negative,negative
h7emvq9,"> Rani was born on 4 December 1994 in Shahabad Markanda in the Kurukshetra district of Haryana. Her father works as a cart-puller. She was registered in the town's team by the age of 6. Initially her abilities were questioned but later on she demonstrated her potential to her coach. She took to field hockey in 2003 and trained at the Shahabad Hockey Academy under Baldev Singh, a recipient of Dronacharya Award. She first came to Junior Nationals in Gwalior and at Chandigarh School Nationals and she was later admitted into national squad. She made her Senior year debut when she was only 14 years, which made her the youngest player in the Indian Women's Hockey team. As she started to play professionally, GoSports Foundation, a sports non-governmental organization provided her with monetary and non-monetary support as her family found it hard to support her dreams financially. She was part of Indian Hockey Team when the team qualified for 2016 Rio Olympics after 36 years.",33,3,1627890770.0,KatsuOoN,False,neutral,neutral,positive,neutral
h7fs18u,"Yeah, I used to follow it in my school days. It was fast and fun.",2,3,1627917812.0,desigooner,False,positive,positive,positive,positive
h7fe83j,Cycling,2,3,1627911286.0,gptz,False,neutral,neutral,neutral,neutral
h7eexzy,"Confidence =/= Skill and there is a skill gap, albeit a small one and one that is rapidly closing",16,3,1627884061.0,,False,negative,neutral,neutral,neutral
h7fotte,"Acknowledge reality, dude.",25,4,1627916356.0,9inety9ine,False,neutral,neutral,neutral,neutral
h7ejx0r,"even though afg/ire are ranked in the top 15, the gulf in quality between India and those teams is so wide, it's actually funny.

India won the ODI series in Sri Lanka this month with their 2nd string team

At least Bangladesh has a reasonable chance of beating India, afghanistan would need a miracle to win (something like the entire indian batting lineup getting out for 150)",8,4,1627888154.0,Reventon103,False,neutral,positive,positive,positive
h7eq2ch,You think afghanistan beating India is a bigger shock than Greece winning euro? Lol,4,4,1627893663.0,nono-squaree,False,neutral,neutral,negative,neutral
h7ey4a6,"Not particularly - it was more popular in the 1980s. It's seen as a fringe sport played by posh people and immigrants in Ireland and exclusively Unionists (British) in Northern Ireland. (Edit: Note - this is similar for rugby, except minus immigrants - its reputation is posh people in Ireland, Unionists in Northern Ireland - yet this is a sport we're successful in)

Once every four years there's a world cup and Ireland somehow beats a team we really shouldn't (Pakistan, England and West Indies in that order) but sadly the number of participants was reduced and Ireland did not take part last time. 

Although we have been promoted to test status it just doesn't get exposure - the world cup would have been crucial to that. Some ODIs have been interesting, giving us coverage and experience, but we are not that successful.

Cricket has to compete with our indigenous sports of Gaelic Football and Hurling (which uses a stick and is fast paced, so comparisons have been made), our failing sport of soccer (poor local teams and leagues, don't retain talent, poor performances) and our only domestically successful professional sport rugby (ie. we produce and retain professional players while being competitive)

Out of that list it's closer to soccer - there may be a domestic league, I doubt it's professional as the interest level is too low, which in turn means we don't retain talent that we produce (eg. Eoin Morgan leaving to play in England and sadly for England). So even if we manage to be halfway successful in producing players, that's only half the battle.

Edit: The people I know who play cricket fall into the categories of either posh (Irish) or desi. By all accounts it's great fun to play and is seen as an enjoyable summer sport (off season) without the same level of fitness and dedication required as soccer/rugby/GAA (out of which only GAA plays in summer). On top of this it's a big drinking sport at amateur level as well as for spectators - positives and negatives to that.",9,4,1627900777.0,harblstuff,1627900970.0,neutral,neutral,negative,neutral
h7ers5n,When did I say they won bcoz of a damn movie?,12,4,1627895241.0,th-grt-gtsby,False,negative,negative,negative,negative
h7irlaf,"Haha thanks, I didn't even think of that, doh!  Wonder when they'll play - trying to search for it now.. Do you know when the semi final's are on?",1,4,1627968866.0,lookthepenguins,False,positive,positive,positive,positive
h7fp7ti,"The one in the yellow and black looks like she could kick-start a Boeing 747. Four foot nothing, pure muscle.

Edit: grammar",8,4,1627916534.0,9inety9ine,1627917988.0,neutral,neutral,negative,neutral
h7eoo1n,"Wow she is super talented since her childhood but as I guessed it,her family’s financial condition/background must have made it pretty tough for her.",15,4,1627892384.0,WhereAmIGoingAgain,False,positive,positive,positive,positive
h7eglor,"I agree, hoping for the best 🤞",4,4,1627885374.0,yuvraj_birdi,False,positive,positive,positive,positive
h7ervd7,"That's the point. Same goes for hockey. The difference in 1st to 9th is as big as it is in cricket. So, even though India are ranked 9th, the gulf in quality between them and Australia is as big as the oceans that separate them.

Even in men's hockey. The Indian men's team is ranked 3rd and lost to Australia 7-1 in the group stages. Australia are just that dominant in hockey.",24,5,1627895325.0,,False,neutral,neutral,neutral,neutral
h7eq0op,">afghanistan would need a miracle to win

Did you watch 2019 wc? 

Also India women team beating Australia is like a miracle in itself, clearly you haven't watched a lot of hockey ig",25,5,1627893620.0,nono-squaree,False,neutral,neutral,positive,neutral
h7eqcq1,No.,7,5,1627893931.0,Anestis_Delias,False,neutral,neutral,negative,neutral
h7ezl6j,"Thanks for the explanation, is it inside top 10 sports there? 

Also Ireland is participating in world Cup t20 this year, maybe they will produce another upset who knows. 

>Hurling

I saw it once, I would say it's pretty hard sport to play,(I for one can't play the sport, it's crazy fast, also juggling ball on a stick while running and than blasting it into net, damn)",5,5,1627901990.0,nono-squaree,False,neutral,neutral,neutral,neutral
h7gf6o6,"\*1890s, not 1980s.",1,5,1627927797.0,GavinZac,False,neutral,neutral,neutral,neutral
h7ewuwh,"You did not say so. But, what connection does a fictional sappy tale have in comparison to this great achievement?",-7,5,1627899676.0,Saheni_george,False,neutral,neutral,positive,neutral
h7jhwk3,tomorrow 6pm WA time,1,5,1627990361.0,RETAW57,False,neutral,neutral,neutral,neutral
h7eotmf,Yes. But thanks to the support she has here.,1,5,1627892523.0,KatsuOoN,False,positive,positive,positive,positive
h7gfg7m,"No, it would be below even things like darts or netball.",1,6,1627927914.0,GavinZac,False,neutral,neutral,negative,neutral
h7jku5r,"> Thanks for the explanation, is it inside top 10 sports there?

Out of team sports it probably is top 10 just by virtue of a limited number of team sports overall. When comparing sports I do not like comparing individual sports with team sports, equestrian versus rugby is a pointless comparison. 

In 2021 our national broadcaster released [some statistics](https://www.rte.ie/sport/other-sport/2021/0126/1192163-gaelic-games-remains-irelands-most-popular-sport/) for the Olympics, as for most popular sports (top six only) you'll see two things of note - one, the numbers decrease rapidly (so cricket will likely be in the 1-2% range) and second you'll see that Gaelic Games is an amalgamated number (in reality this is 3 sports, Gaelic Football, Hurling and Gaelic Handball - what's the breakdown per sport? Don't know)

Furthermore, it's difficult to calculate popularity by player numbers as soccer counts 5 aside players in their numbers and hurling and Gaelic football are aggregated into one number *again*. 

The other Irish poster here says cricket is less popular than *netball*, which considering 1.5% of Ireland's population is estimated to be South Asian (74,000) just makes this an impossibility in participation numbers alone. Amongst the Irish population, again, the sport has its hotspots.

The sport is on an upward trajectory with 25,000 children alone taking up cricket in 2018, bolstered with the adult Irish and immigrant community, this figure is higher in reality with the [Irish Times claiming 50,000](https://www.irishtimes.com/life-and-style/health-family/fitness/bowled-over-by-the-many-virtues-of-cricket-1.4031590). For a comparison, Rugby Union has a reported 150,000 players (2011) - again, soccer and GAA  are not easy to compare due to their skewed numbers (mentioned above). Anecdotally, my secondary school (primarily a rugby playing school) has re-introduced cricket in the last five years.

There are some interesting relationships in these numbers too that make it further difficult. For example, soccer may still have the largest participation regardless, and considered the most popular sport, but regularly international competitions rank lower on a list of anticipated events (eg. Euro 2020 was 4th, behind the Olympics (a novelty) and an *annual* international rugby competition, the 6 Nations). The most popular soccer on TV is the English Premier League as interest in the national team has plummeted, barely filling a stadium. In recent years national team matches have also dropped down the list of top watched sporting events. 

In regards to rugby, it's considered to be a more posh sport in Dublin (less so in Munster), in the 1990s it almost died out, but now it punches above its weight in viewing figures and match attendances despite having a lower participation rate than soccer and GAA. Primarily as a result of our better management of professionalism, allowing us to retain talent we develop in Ireland and are therefore competitive at club and international levels. 

So based off of those two paragraphs: Is rugby more popular because more people regularly watch Irish clubs compete (in low numbers) or is soccer more popular because 600k will watch Liverpool in a final? Is rugby more popular because 10k will attend a rugby match in a rainstorm in winter in Dublin, or is soccer more popular because every second person will talk to you about Liverpool, Manchester United, Chelsea and Spurs? Is rugby more popular because it fills out a stadium since every rugby match is a full test, or is soccer more popular because people don't attend friendlies but fill out the stadium for a qualifying match (showing support when it's important)? 

To answer the above questions: Ireland is a nation of sport lovers, when Ireland has an opportunity for success, we will support the team. Eg. Women's Hockey had an upset a few years ago, interest spiked - since then, interest has dropped. There are regular competitions where Ireland is competitive, such as rugby and horse racing - these are quite popular. If Ireland qualifies for an international soccer tournament (Euros), the nation will be behind them and you'll see viewership likely hit the number one spot on TV. If the Irish cricket team somehow beats India and is in a quarter final, you will see people watch that QF and interest in cricket peak - unless the team manages consistent performances and it's televised, this number will then drop again over time. 

In summary - by ranked popularity statistics available, it's quite low when compared with individual sports, but if individual sports are excluded and cricket is compared only witch team sports I would wager it is 5th or lowest 6th. In overall participation numbers, with 50,000 registered players, it's again likely around 5th or 6th. Both of these rankings would depend on GAA being split in to three sports. Note: Cricket is not on free to air TV in Ireland, this is a barrier to viewership statistics for an emerging sport. 

Success breeds new players and Ireland needs success in cricket, hopefully another upset soon at a world cup and one or two ODI series wins at home. Outside of this, the immigrant community is massively supporting the game and on the amateur level there is decent interest. We struggle to retain our players at our clubs, similar to soccer, opposite to rugby and hopefully those players who do leave to play in other leagues don't switch allegiance like Eoin Morgan. That way we may improve our competitiveness. 

**Last note:** It is quite obtuse of the other Irish poster here to claim cricket is not at all popular and would be behind Netball, when it boasts 50,000 players, 25,000 new youths playing as of 2019, 126 registered clubs across the island (which may be low, as Munster has 41 affiliated clubs at junior and senior level, I took 13 for those that participate in the Irish Senior Cup only), *four* international cricket grounds (and a fifth planned) with the largest capacity being 11,500.",1,6,1627992305.0,harblstuff,False,neutral,neutral,neutral,neutral
h7gkb61,"Unless you were born in 2004 and haven't a clue, it was popular in the 1980s.",1,6,1627930025.0,harblstuff,False,neutral,neutral,positive,neutral
h7ndbiu,Thanks!!,1,6,1628058182.0,lookthepenguins,False,positive,positive,positive,positive
h7jpjx3,"Thanks for the insight

So I assume if Ireland some how make it into the 2nd round of world Cup in October, cricket interest will spike",1,7,1627995122.0,nono-squaree,False,positive,positive,positive,positive
h7glmar,"I was born in 1984, and no it wasn't. You probably just had BBC on terrestrial telly. Ireland didn't win a competitive game until 1994. 

However it was popular in the 1890s, and counteracting the popularity was is fact the main factor as to why the the GAA was founded in the 1880s.",1,7,1627930590.0,GavinZac,False,neutral,neutral,neutral,neutral
h7jqk2j,"No problem, happy to provide. Sadly it's just not as straight forward, but cricket in Ireland is in a better position than 2007, where we had only 7,000 registered amateur players. 

It all depends on what Cricket Ireland can do to capitalise on that success - with a robust system in place to capture new demand, translating in to new amateur players and potentially development of international players, then yeah it will be good. 

If Ireland can achieve consistent success off the back of this (even if it takes 3-4 years to develop it), then that is the true measure of success. 

If both of these fail to materialise, then it will be remembered like the 2007 upset of Pakistan - a great sporting fact that you can mention and people will be aware of. 

Note: Beating Pakistan helped cricket, but really it grew from the 2011 CWC - so it's never just *one* event that helps propel (any) sport forward, it's two or three. 

---------

I attended one of the ODIs against India after we got test status, the Malahide Cricket Grounds were packed out. Again, mostly Indians, but you're talking about increased gate receipts, awareness of the sport in the media and on the ground (even if that's only in Malahide), increased concessions (so the economy of opening food stalls, shirt sales at matches is more attractive) and more experience for our players.

I saw Virat Kohli go out early, thinking we had a chance - of course we didn't, but enjoyable nonetheless. 

Similar for our first test against Pakistan, our Pakistani community packed out the grounds alongside dedicated Irish fans. We weren't great, but the more tests we have the better and overall the awareness and economic attractiveness increases. 

One day we'll cause an upset and it will have a material impact, if we can do that once or twice more in the years following, then it can be captured and translated into greater player numbers and results.",1,8,1627995664.0,harblstuff,False,neutral,positive,positive,positive
