Comment ID,Comment Text,Comment Score,Comment Depth,Created Timestamp,Author,Edited,Semantic Label,Semantic Label 2,Semantic Label 3,Major_Semantic
h7wg55m,"[Correction: Title should read after 41 years, India last won a gold medal in 1980 at Moscow Olympics.](https://www.firstpost.com/sports/tokyo-olympics-2020-list-of-all-olympic-medals-won-by-india-mens-hockey-team-9865731.html)",1,0,1628226299.0,msquarea,False,neutral,neutral,neutral,neutral
h7rfua6,Hope the women's can make it 2/2. Indian Hockey is back!,444,0,1628133537.0,RETAW57,False,positive,positive,positive,positive
h7rgwv2,41 years,384,0,1628134114.0,parry3888,False,neutral,neutral,neutral,neutral
h7rgxtb,That last block by Sreejesh was incredible.,195,0,1628134129.0,sunny001,False,positive,positive,positive,positive
h7rhmqp,[deleted],164,0,1628134502.0,,1628147120.0,neutral,neutral,negative,neutral
h7ri8f9,that PC in the last 6 seconds was literally a movie moment. heart stopped for a bit there,162,0,1628134830.0,synchronisedchaos,False,neutral,neutral,negative,neutral
h7rgw8z,Excellent display. To come back from 3-1!,71,0,1628134105.0,ValuableHire,False,positive,positive,positive,positive
h7rk7n8,"Can this moment be the equivalent to india winning the t20 wc in 2007? I certainly hope so. This is a huge opportunity for the game of hockey to bounce back in India. 
Awesome stuff by the men’s team. Hoping to hear another good news from the women’s team",65,0,1628135939.0,WhereAmIGoingAgain,False,positive,positive,positive,positive
h7rh5im,Last minute was very tense. Excellent work by Sreejesh.,127,0,1628134246.0,nanu_unknownu,False,positive,positive,positive,positive
h7rjfr3,"Wohooo!  


Sreejesh pwolichu.",49,0,1628135498.0,B99fanboy,False,positive,positive,positive,positive
h7rnwx3,"History Created in Olympics.
India Won Medal In  Hockey After Long 4 Decades. Absolute Scenes, Just Loving Their Smile, I Just Got Emotional there
Congrats India 🙌 respect and love from Pakistan",42,0,1628138103.0,awaisz,False,positive,positive,positive,positive
h7rftiw,"LESGOOOOOO!!!!!  

41*  YEARS!!!!!!


Not to count my chicken before the hatch, but most of this Australia team will retire, and avg age of Belgian team would be 32-33. So...",124,0,1628133526.0,subendu7,1628134562.0,neutral,neutral,neutral,neutral
h7ri64s,I just saw the last quarter and Srejeesh was on flames. Stunning performance by the whole team!!,14,0,1628134795.0,RunFor_restRun,False,positive,positive,positive,positive
h7rmo6r,Srijesh🐐. Did anyone noticed when the timer just freezed at 28.2 seconds mark?,21,0,1628137373.0,anonymous-ag,False,neutral,neutral,neutral,neutral
h7rg2tf,Those final minutes!!,19,0,1628133664.0,Jetlite,False,positive,neutral,neutral,neutral
h7rhysa,Who is cutting onion..,18,0,1628134684.0,,False,neutral,negative,neutral,neutral
h7risnh,I WAS HERE!!!!!,8,0,1628135140.0,Touristforlife,False,positive,positive,neutral,positive
h7rljz0,Hopefully this kickstarts a newfound interest in hockey across the country’s youth! I’m so happy right now. If you told me we’d win a medal in hockey this year I wouldn’t have believed you. Fingers crossed for the women’s match tomorrow too!,9,0,1628136718.0,lonelyisIand,False,positive,positive,positive,positive
h7rg2ua,Intenseeee af,8,0,1628133664.0,Kekanekiclub03,False,positive,neutral,neutral,neutral
h7rtjs0,"In cricket we always wonder whether the current West Indies team will ever match their mighty team from the 80s. 
Makes we think, do other Hockey teams think the same for Indian hockey.",7,0,1628141695.0,meet_the_king,False,neutral,neutral,neutral,neutral
h7rguel,It was like watching a sports movie climax match. Intense,7,0,1628134077.0,,False,positive,positive,positive,positive
h7rkgjy,Sreejesh was a God throughout the tournament. I had my heart in my mouth at the final PC!,7,0,1628136081.0,The_Commander_AK,False,positive,positive,positive,positive
h7rfuqh,Chak de India!,17,0,1628133544.0,Rishabhbhat,False,neutral,neutral,positive,neutral
h7riq43,Let's fucking gooooo!!!! Over the moon. Ngl I turned it off after Germany took 3-1 lead but never in doubt.,11,0,1628135100.0,,False,positive,positive,neutral,positive
h7rjgf7,I'm not crying you're crying,5,0,1628135508.0,goodbadanduglyy,False,negative,neutral,negative,negative
h7riwp8,Indian hockey is back with a **bang**,5,0,1628135201.0,Touristforlife,False,positive,positive,neutral,positive
h7rj2sl,Damn I'm crying again after hearing Sony Six play Chak De India,4,0,1628135294.0,Touristforlife,False,negative,negative,negative,negative
h7rolds,Maths died today 😭,4,0,1628138520.0,Preacher_87,False,negative,negative,negative,negative
h7s4q2f,Punjab once again carrying india. Udta Punjab?,4,0,1628150334.0,HockeyWala,False,neutral,neutral,positive,neutral
h7t1i0z,"These players deserve so much more than just recognition!!!  


They dedicated their medal to the [frontline workers](https://www.independent.co.uk/asia/india/india-hockey-olympics-bronze-germany-b1897361.html), they played so well despite all the circumstances. I am sure it is not easy to train or be at ease with so many covid restrictions in place and general fear. Their covid bubble was almost non-existence.   


the team captain said: “we didn’t give up. We kept fighting back. It’s a great feeling, best feeling. We came here for the gold, we won bronze, it is still a great thing. It’s a great moment for all hockey fans.”",5,0,1628172186.0,cityof_stars,False,positive,positive,neutral,positive
h7ro2v9,I hope Major Dhyan Chand is proud,7,0,1628138205.0,,False,positive,positive,positive,positive
h7rh81x,"41 years too late

May we regain our past glory in Hockey in the upcoming years💪",11,0,1628134285.0,TheSentinator,False,positive,neutral,positive,positive
h7rl40z,"What a great comeback from 3-1 to win

4th medal for India",3,0,1628136459.0,maninblueshirt,False,positive,positive,positive,positive
h7rssl9,*41 years Bro*! Cheers anywaysss:)),3,0,1628141193.0,sta_n23,False,positive,positive,neutral,positive
h7s72mh,It's 2021 btw not 2011,3,0,1628152336.0,Param_Stone,False,neutral,neutral,neutral,neutral
h7t75uz,Congratulations team India..Love from Pakistan 🌹🌹🌹🌹🌹🌹🌹🌹,3,0,1628173526.0,stoshif101,False,positive,positive,positive,positive
h7s53qg,"Gotta say, as a Toronto Maple Leafs fan, I did not expect that the Indian hockey team medal drought would end sooner than the Maple Leafs Stanley Cup drought. That's some wild shit right there.

But goddamn, if it isn't sincerely amazing to cheer for a team that doesn't lose its plot in the last 10 minutes of the game. And has a defense that does the actual job. I love seeing this, I loved seeing them hang on to the very end, I loved seeing them come up from 1-3 to win the game 5-3, loved all of it. That was a really great game, and I love that they really held it together. Just amazing. Well done.",6,0,1628150652.0,MissionStatistician,False,negative,positive,positive,positive
h7rhdfd,My heart can't take anymore,3,0,1628134365.0,Manticore8x,False,negative,negative,negative,negative
h7rj1cs,Finally!,2,0,1628135272.0,ShyNbr8,False,positive,positive,positive,positive
h7rj4zt,Hockey is coming back home!,2,0,1628135327.0,1bb35,False,positive,positive,neutral,positive
h7rj6dp,My heart is brimming with joy,2,0,1628135349.0,Touristforlife,False,positive,positive,positive,positive
h7rmfau,"I hope that now we start spending more on sports. Our expectations from players are high during Olympics, but even they expect something from us during the four years..",2,0,1628137227.0,,False,neutral,positive,positive,positive
h7rmie1,**41 Fucking years !! I am so happy !!** Hope the women make it too ! I am sure the players will be even more happy if this brings a resurgence in Hockey...,2,0,1628137279.0,BlackopsBaby,False,positive,positive,positive,positive
h7rmxa3,Do you guys reckon if we will just as good in ice hockey? It's a fun sports to watch.,2,0,1628137520.0,,False,positive,positive,positive,positive
h7rn43t,Iske liye toh hum jaan bhi de denge,2,0,1628137633.0,SpiritualHawk420,False,neutral,neutral,neutral,neutral
h7rnhuq,"I wonder how many saw this rollercoaster movie like match. If not 2 things I tell you, you missed 2 things 
1. Exhilarating quick fire Indian goals to shoot up the adrenaline.
2. Last quarter last few minutes of heart fluttering action of Indian defence. 
And the best movie ending where all players and support staff were ecstatic on field. Wow 5 🌟🌟🌟🌟🌟 for this movie to all the actors, producers, directors and everyone involved.",2,0,1628137858.0,adtalks,1628138447.0,positive,positive,positive,positive
h7rp11e,"So proud! If the women's team can get a medal too, it will be huge for Indian hockey",2,0,1628138784.0,supplementarytables,False,positive,positive,positive,positive
h7rqi5q,yesssss!! LET'S GOOOO 🇮🇳,2,0,1628139690.0,HuckleberryThick9372,False,positive,positive,neutral,positive
h7rriky,"41*

Great achievement",2,0,1628140345.0,nono-squaree,False,positive,positive,positive,positive
h7rrk7n,Today's match had everything because of which I watch hockey.,2,0,1628140376.0,ibassi_chd,False,positive,positive,neutral,positive
h7rsptz,Next focus on Indian women hockey team for bronze,2,0,1628141141.0,Minus_Rahul,False,neutral,neutral,neutral,neutral
h7rtutg,41 years*,2,0,1628141902.0,caffeineinducedmoron,False,neutral,neutral,neutral,neutral
h7rvowp,Chak de India,2,0,1628143169.0,rajeshbinjhade,False,neutral,neutral,negative,neutral
h7rvvbi,What a proud moment. I think hockey will get momentum in India now. The generation will have interest in hockey as well as in other sports now,2,0,1628143295.0,NeetuDadheech,False,positive,positive,positive,positive
h7rx15j,41 years i believe,2,0,1628144145.0,Both-Negotiation1634,False,neutral,neutral,positive,neutral
h7ry47x,"It’s after 41 years, not 31 years",2,0,1628144961.0,Visible_Resolve_5762,False,neutral,neutral,negative,neutral
h7rzwhl,41*,2,0,1628146342.0,Brilliant-Tomato-858,False,neutral,neutral,neutral,neutral
h7s0ova,News channels now: modi h to mumkin h,2,0,1628146978.0,iamscr1pty,False,neutral,neutral,neutral,neutral
h7s1byo,congrats,2,0,1628147504.0,poovarasanvasudevan,False,positive,positive,positive,positive
h7s4hto,"While this is certainly a cause for celebration, the message should be ""let's get gold next time"" and not ""we are happy with bronze"". There is no doubt about the team's talent. With the right training and infrastructure, the team can definitely win gold. The problem in this country has always been that we are always satisfied with ""good enough"". We should not be satisfied with ""good enough"", it should be ""great"". Not trying to sound like a tool, but we need to aim higher. Because we have the talent to do it, just needs the right setup.",2,0,1628150142.0,the_storm_rider,False,positive,positive,positive,positive
h7sceb7,Let's hope the women's team can now follow on and get bronze as well. 💪🏽✊🏽✊🏽🙏🏽,2,0,1628156941.0,1PSingh,False,positive,positive,positive,positive
h7skaps,"2021-1980=41, right? Not 31, right?",2,0,1628162953.0,StupidVetala,False,neutral,neutral,neutral,neutral
h7t6lrt,Delighted! Hope the girls can follow through.,2,0,1628173385.0,Spiderguy252,False,positive,positive,positive,positive
h7rkl10,I'm so proud of our team. Both as an Indian and as a Punjabi..,6,0,1628136152.0,,False,positive,positive,positive,positive
h7s2p4c,We should all thank the Odhisha CM because he was the one who sponsored the men's and women's teams... not dhaadi ji,4,0,1628148633.0,AiyyoIyer,False,positive,positive,neutral,positive
h7rp8sq,Credit goes to All and especially to Sreejesh And Manpreet,5,0,1628138912.0,thenavad,False,positive,positive,positive,positive
h7rym0h,Fuck! That man will take all the credit.,3,0,1628145338.0,vinieux,False,negative,negative,negative,negative
h7sbz76,"Yesss! India finally making a comeback with hockey, about time, need to be a world power in hockey again. 👍🏽👌🏽🙏🏽🙏🏽 All scorers were Punjabis and Sikhs as well, yess. Hockey has always had a big pedigree amongst Punjabis (I count Haryana and Himachal Pradesh in that too, especially Haryana), the central governments need to start funding them more and the sport will go from strength to strength here onwards. 👌🏽👍🏽",3,0,1628156583.0,1PSingh,False,positive,positive,positive,positive
h7tga3u,SINGH. DO YOU WANT US PUNJABIS NOW INDIA?,3,0,1628177091.0,chichiforever,False,neutral,neutral,neutral,neutral
h7rtl5i,And finally Odisha has Olympic medalists !,3,0,1628141720.0,odiab,False,positive,positive,positive,positive
h7rxvqz,If it weren’t for the Olympics most of us wouldn’t have ‘waited’ for so many years for our country to win a medal.,1,0,1628144779.0,deboo117,False,neutral,neutral,neutral,neutral
h7sady5,Now watch that Bearded dumbass take credit for this 😒,1,0,1628155213.0,Johny_Silver_Hand,False,negative,negative,neutral,negative
h7ru4sh,Just wait till that effort is claimed by Hindutva and the new it laws once they come back home,-2,0,1628142090.0,Loud-Break,False,neutral,neutral,neutral,neutral
h7rxn4q,[deleted],-3,0,1628144598.0,,False,neutral,neutral,negative,neutral
h7sl31r,"Field hockey, calm down",-1,0,1628163473.0,clwu,False,neutral,neutral,neutral,neutral
h7t5xwl,2021 - 1980 = 41. Not 31,-1,0,1628173229.0,SalilFadnavis,False,neutral,neutral,negative,neutral
h7rsxvj,Modi hai toh mumkin hai.,-11,0,1628141291.0,Traditional_Bit_9316,False,neutral,neutral,positive,neutral
h7t5s85,2021 - 1980 = 41. Not 31 😂,-2,0,1628173193.0,SalilFadnavis,False,neutral,neutral,negative,neutral
h7t5uvl,2021 - 1980 = 41. Not 31 😂😂,-2,0,1628173210.0,SalilFadnavis,False,neutral,neutral,negative,neutral
h7rsrlo,[deleted],-6,0,1628141174.0,,False,neutral,neutral,negative,neutral
h7rw412,***Field Hockey,-10,0,1628143468.0,BruinsChallengeFan,False,neutral,neutral,neutral,neutral
h7s0gaz,"You know this s field hockey, right? Hockey is played on ice",-11,0,1628146790.0,ThomasBay,False,neutral,neutral,neutral,neutral
h7rjkpa,"Congrats, well-deserved!",1,0,1628135575.0,UnsolicitedCounsel,False,positive,positive,positive,positive
h7rkln8,41 years actually,1,0,1628136162.0,SANCHITROX,False,neutral,neutral,neutral,neutral
h7rl4ac,I'm elated. I'm sure this is just the start for men's hockey to flourish in India to the levels of cricket.,1,0,1628136463.0,,False,positive,positive,positive,positive
h7rlj0h,My goosebumps aren't setting ! Didn't know I'll have such reaction.,1,0,1628136703.0,fantastupido,False,negative,negative,negative,negative
h7rmdmm,Awkward handshake,1,0,1628137200.0,timewaved,False,neutral,neutral,neutral,neutral
h7rmm1q,This is good for India. good for hockey,1,0,1628137338.0,DrMrJekyll,False,positive,positive,positive,positive
h7rn6sj,anyone got a replay of the last 2 mins?,1,0,1628137677.0,j_lyf,False,neutral,neutral,neutral,neutral
h7rnx6i,After 41 years actually. But great news! They must be so proud of themselves because 41 years is a lot. Hard work pays off haha! They totally rocked!,1,0,1628138108.0,anyusernamethatislef,False,positive,positive,positive,positive
h7rq5dm,41 years!,1,0,1628139467.0,bhodrolok,False,positive,neutral,positive,positive
h7rr1jl,"Just a small correction - it’s 41 years and not 31 ! Indeed a proud moment and it was warming to see the Coach and Dronacharya awardeee crying and also talking about the efforts that went behind it by all ! Also he further said, it’s not one medal but 18 medals which will go across India and inspire so many Indians !",1,0,1628140030.0,Manishsboricha,False,positive,positive,positive,positive
h7rs4tg,"Conceading goals in last few minutes or secs of the game  is the hallmark of Indian hockey for many years now , this game was no different,  but 🎩s off to  Sreejesh,  for the fabulous save.",1,0,1628140755.0,hauntin,False,positive,positive,positive,positive
h7rsav4,hell yeah,1,0,1628140865.0,MrVedu_FIFA,False,positive,positive,negative,positive
h7rscol,Do any of you good folks have a streamable link for the highlights. There was no way to watch this sitting in the US :(,1,0,1628140899.0,awkwardmugshot,False,negative,negative,positive,negative
h7rskk0,"always support you....Indian Hockey team./...,",1,0,1628141043.0,Minus_Rahul,False,positive,positive,positive,positive
h7rsrxb,such kind of result shows that Indian hockey's having bright future,1,0,1628141180.0,amitk396,False,positive,positive,positive,positive
h7ruol2,"Not for 31 years , after 41 years India lift the medal in hockey",1,0,1628142467.0,vishalharish,False,neutral,neutral,positive,neutral
h7rvm2e,Vande matram,1,0,1628143113.0,rajeshbinjhade,False,neutral,neutral,neutral,neutral
h7rvmz3,Bharat mata ki jay,1,0,1628143131.0,rajeshbinjhade,False,neutral,neutral,positive,neutral
h7rvuwu,Hockey is for everyone’. They aren’t there?,1,0,1628143287.0,RoscoMan1,False,neutral,neutral,neutral,neutral
h7rw1yg,"Hindi Commentary highlights link anyone? Much more passionate than english commentary highlights.

For those interested, [these are the English Commentary highlights.](https://www.sonyliv.com/sports/tokyo-2020-1700000724/hockey-men-s-hockey-india-clinch-the-bronze-end-41-year-medal-drought-1000129815?watch=true)",1,0,1628143427.0,morganthau,False,neutral,positive,positive,positive
h7rwbg7,Why are the Indian uniforms light blue?,1,0,1628143617.0,CheeseburgerLover911,False,neutral,neutral,neutral,neutral
h7rwywi,is it not 41??? how its 31,1,0,1628144098.0,bollymash,False,neutral,neutral,neutral,neutral
h7rx0k2,Nature is healing,1,0,1628144132.0,5-sec-of-regrets,False,positive,positive,positive,positive
h7rx0rx,Proud Moment !!!,1,0,1628144137.0,nathiyadlk,False,positive,positive,positive,positive
h7rywg1,Can any Samaritan share the link of the highlights of this match?,1,0,1628145562.0,,1628146395.0,neutral,neutral,neutral,neutral
h7rzeru,41 years h bhai,1,0,1628145953.0,LargeAnt8613,False,neutral,neutral,negative,neutral
h7rzoo6,Any idea where can I watch highlights if not full match.,1,0,1628146169.0,aditya_s09,False,neutral,neutral,neutral,neutral
h7rzye8,Good job from Australia you guys have been very impressive this olympics,1,0,1628146386.0,Megatru,False,positive,positive,positive,positive
h7rzzd4,Can anyone link some of the highlights,1,0,1628146408.0,Apprehensive-Use4955,False,neutral,neutral,positive,neutral
h7s0juo,congrats,1,0,1628146868.0,savanthika299,False,positive,positive,positive,positive
h7s0xo0,"Next Olympics we coming for gold
 well done team India",1,0,1628147178.0,kydestroyer91,False,positive,positive,positive,positive
h7s12wj,It is time to thank these legends,1,0,1628147298.0,Eksalar,False,positive,positive,neutral,positive
h7s2i8b,Men in blue 🙏🏻👌…. Hope the women’s team also win,1,0,1628148473.0,Letsdoit2310,False,positive,positive,positive,positive
h7s3b77,its 41 quick maffs,1,0,1628149142.0,asianstickingiitin,False,neutral,neutral,neutral,neutral
h7s3cw7,"This is the first step, next silver then GOLD. The Bronze keeps hopes alive. Welcome. Congratulation, better late than NEVER!",1,0,1628149181.0,Ok-Jackfruit9934,False,positive,positive,positive,positive
h7s3kn6,It’s 41 years not 31 years,1,0,1628149363.0,Thanga14,False,neutral,neutral,negative,neutral
h7s47hy,yes...India Won after 41 Years....,1,0,1628149898.0,Unusual_Unit_5294,False,positive,positive,positive,positive
h7s4tut,41* years,1,0,1628150423.0,Freaked_Ghost,False,neutral,neutral,neutral,neutral
h7s58na,41 years,1,0,1628150766.0,beartobeast,False,neutral,neutral,neutral,neutral
h7s5orn,Congrats to our team!!! Well done boys.,1,0,1628151150.0,Gmebrotherhood62,False,positive,positive,positive,positive
h7s5ut5,we would win gold if they start a hockey IPL.,1,0,1628151296.0,mohit_habeeb,False,positive,positive,neutral,positive
h7s6ra2,2021-1980 = 41,1,0,1628152060.0,the_lazy_cowboy,False,neutral,neutral,neutral,neutral
h7s7rgs,U mean 41,1,0,1628152938.0,OldBusiness6043,False,neutral,neutral,neutral,neutral
h7s832u,"80’s? 41, no?",1,0,1628153217.0,Rav_all,False,neutral,neutral,negative,neutral
h7s8cj5,"Congratulations Indian hockey team, proud of you.",1,0,1628153443.0,holidayvent,False,positive,positive,positive,positive
h7s92nn,This dude is good. Potential medal for sure,1,0,1628154078.0,Rude_Journalist,False,positive,positive,positive,positive
h7s95ar,Woke up earlier this morning to watch the match. Totally worth it!,1,0,1628154141.0,,False,positive,positive,positive,positive
h7s98iu,Thanks bro wishing u guys the best too :),1,0,1628154216.0,dalex-uchia,False,positive,positive,positive,positive
h7s98q5,Kudos to the men in blue!!,1,0,1628154221.0,,False,positive,positive,neutral,positive
h7saf9x,It's actually 41 years OP,1,0,1628155244.0,Swinter3,False,neutral,neutral,neutral,neutral
h7saykj,"Also to be fair, it was in 1980.",1,0,1628155719.0,QuarantineSucksALot,False,neutral,neutral,neutral,neutral
h7sb7yb,Congratulations Team India,1,0,1628155941.0,ektaahuja09,False,positive,positive,positive,positive
h7sbhey,"Is no one else confused by the state of their hands in this picture? It's like one went for a high five transitioning to a hand hold and the other went for a 4 finger palm poke...or what?

The other guy in the background is waiting on his 4 finger palm poke",1,0,1628156161.0,DopeAbsurdity,False,neutral,neutral,neutral,neutral
h7sbhvn,1980 was 41 years ago... sry,1,0,1628156172.0,saig22,False,neutral,neutral,neutral,neutral
h7sbr19,I really want our women team to win. They have outperformed every expectation.,1,0,1628156388.0,ChaloMadhushala,False,positive,positive,negative,positive
h7sbrdx,That’s actually after 41 years.. 😇,1,0,1628156397.0,Muhibul_71,False,positive,neutral,neutral,neutral
h7sc721,India won after 41 years not 31. Check your facts before posting. This is a not Zee or R news. This is a global platform.,1,0,1628156770.0,meshisecret,False,neutral,neutral,positive,neutral
h7sd8xh,Jai hind!,1,0,1628157648.0,Monistico,False,positive,neutral,positive,positive
h7sdxth,41 years,1,0,1628158210.0,Pbeedawat,False,neutral,neutral,neutral,neutral
h7se1hy,"bharat mata ki jai. 

vande matram",1,0,1628158297.0,Wise_Emergency5898,False,neutral,neutral,neutral,neutral
h7sed52,After 41 years i guess,1,0,1628158562.0,rofl_nadal,False,neutral,neutral,neutral,neutral
h7sfcr8,Why isn’t the 31 years edited yet ? It’s 41 years.,1,0,1628159342.0,AdonisPanda27,False,negative,negative,neutral,negative
h7sfk7t,Ridiculous sport.,1,0,1628159503.0,findingaDMaster,False,negative,negative,negative,negative
h7sfo03,41 dude,1,0,1628159583.0,One_Blank_space,False,neutral,neutral,neutral,neutral
h7sfu15,"Congratulations India , sending love from Nepal ! 😍",1,0,1628159708.0,monsoon2299,False,positive,positive,positive,positive
h7sfu7u,R/titlegore,1,0,1628159712.0,DefaultSubsAreTerrib,False,neutral,neutral,negative,neutral
h7sfy5p,"Thats for come back in Olympics..they have won gold medals in Asian games and Asian cup in 1966,1998,2006 and 2003,2007,2017.
Don't forget that.

Ur title suggest that it's their very first medal since 1980.",1,0,1628159796.0,Yashpreet_Singh,False,positive,positive,positive,positive
h7sg8bf,I'm 31 and still figuring that one out =),1,0,1628160015.0,RoscoMan1,False,positive,neutral,neutral,neutral
h7shbzi,that PC in the last 7 years?,1,0,1628160849.0,Rude_Journalist,False,neutral,neutral,neutral,neutral
h7shf4a,> apparently this was from two years ago...,1,0,1628160912.0,QuarantineSucksALot,False,neutral,neutral,neutral,neutral
h7shqxl,Soooo.. nobody is gonna mention the akward fist-bump-high-five-handshake thats going on there?,1,0,1628161155.0,trecke,False,neutral,negative,neutral,neutral
h7sicy5,I look forward to seeing these guys play for the Stanley Cup!,1,0,1628161597.0,def-jam,False,positive,positive,positive,positive
h7sij9i,After 41 years bro,1,0,1628161726.0,Harshdeep2,False,neutral,neutral,neutral,neutral
h7sjrbc,"That was a very entertaining match even for those who don't watch Hockey regularly. Congratulations to the team! 

How many more medals can we expect? Can we touch double digit by any chance?",1,0,1628162585.0,powerofreason,False,positive,positive,positive,positive
h7sju38,41 years - and not 31,1,0,1628162636.0,_1729throw,False,neutral,neutral,negative,neutral
h7skp9r,It's after 41 years,1,0,1628163223.0,devilpanther7112,False,neutral,neutral,negative,neutral
h7sl2jj,And Australia lose to Belgium!,1,0,1628163464.0,NeverSeenBoobs,False,negative,negative,negative,negative
h7sol5i,"Nice. The fewer medals my country gets the less I have to hear about it! Well done, India.",1,0,1628165659.0,OdysseyNever,False,positive,positive,positive,positive
h7sp7mm,"Great, but not a good excuse for using the wrong contraction. It is its not it's.",1,0,1628166029.0,TheActualSandwich,False,negative,negative,positive,negative
h7spei4,God damn you guys suck.,1,0,1628166139.0,GreenDragonSociety1,False,negative,negative,negative,negative
h7srgvb,Jai hind India!,1,0,1628167293.0,Vrishank23,False,positive,positive,positive,positive
h7ssuj2,Mitroooo yehi to hai acche din..,1,0,1628168019.0,Thor6443,False,neutral,neutral,neutral,neutral
h7ssybp,"Wdym by ""potential medal for sure",1,0,1628168074.0,Rude_Journalist,False,neutral,neutral,positive,neutral
h7t5oct,2021 - 1980 = 41. Not 31 😂😂,1,0,1628173169.0,SalilFadnavis,False,neutral,neutral,negative,neutral
h7t5qjx,2021 - 1980 = 41. Not 31 😂😂,1,0,1628173182.0,SalilFadnavis,False,neutral,neutral,negative,neutral
h7ta2e5,"I think the admin posted ""31"" deliberately to get comments flowing in. Kudos to the idea. 🍺",1,0,1628174536.0,Aston-Fulton,False,positive,neutral,neutral,neutral
h7te7co,Oh the match was such a heartstopper! I was at the edge of my seat. Well taken India!,1,0,1628176203.0,Silverpool2018,False,positive,positive,positive,positive
h7tig90,41 years!,1,0,1628178011.0,subho1990,False,positive,neutral,positive,positive
h7tmv6p,Any link to watch the full game? or detailed highlights?,1,0,1628179845.0,not_a_ninjaa,False,neutral,neutral,neutral,neutral
h7u2ujq,Modi hai toh mumkin hai.,1,0,1628186391.0,Abhishek-Mohan-Singh,False,neutral,neutral,positive,neutral
h7u38w2,Next time we should go for Gold,1,0,1628186552.0,RockyyySwagger,False,neutral,neutral,positive,neutral
h7u8aiu,Count again OP,1,0,1628188579.0,DeadbeatDumpster,False,neutral,neutral,neutral,neutral
h7upwa1,Wasn't it 41 years?,1,0,1628195786.0,black02,False,neutral,neutral,neutral,neutral
h7w3eov,Great job boys. Chak de phatte!,1,0,1628219056.0,ajitsi,False,positive,positive,positive,positive
h7x1h22,You created a flair especially for this?,1,0,1628243479.0,Shillofnoone,False,neutral,neutral,neutral,neutral
h7sk2b2,"41 years mate. Not 31. But yes, that is by far the most awesome medal India has won this olympics.",73,1,1628162792.0,GooglyEyedunicorn,False,positive,positive,positive,positive
h7rkv4b,amen,77,1,1628136314.0,evereddy,False,positive,positive,neutral,positive
h7se28e,jai hind,8,1,1628158314.0,Wise_Emergency5898,False,positive,neutral,positive,positive
h7sdm65,"We will have a match thread up at r/fieldhockey for the game, if you have any questions about the game feel free to come and ask.",5,1,1628157946.0,psychosikh,False,neutral,neutral,neutral,neutral
h7rql41,हरी ॐ 🙏🏽 fingers crossed.,63,1,1628139740.0,chiuchebaba,False,positive,neutral,neutral,neutral
h7smsdx,Excellent result and good luck to your women's team!,5,1,1628164556.0,harblstuff,False,positive,positive,positive,positive
h7ss84y,Bharat mata ki jai!,1,1,1628167700.0,BrownBandit02,False,neutral,neutral,positive,neutral
h7s13nh,ye sure,-8,1,1628147314.0,Eksalar,False,neutral,neutral,neutral,neutral
h7s26y7,more than that... Moscow gold does not fully count because all the major hockey playing nations boycotted the games.. 1972 was the last ..,56,1,1628148209.0,,False,negative,negative,negative,negative
h7rjvup,They won in 1980.,42,1,1628135751.0,throwreddit666,False,neutral,positive,neutral,neutral
h7sel9u,"it's 40 years  
now 2020 Olympics",1,1,1628158743.0,ToursinIndiaforyo,False,neutral,neutral,neutral,neutral
h7rmtdd,Climax for the movie,66,1,1628137456.0,joy74,False,neutral,neutral,neutral,neutral
h7rn53q,Akshay Kumar has entered the chat,73,1,1628137650.0,,False,neutral,neutral,positive,neutral
h7rs6pn,Goti muh me aa gaya tha,11,1,1628140789.0,BeardPhile,False,neutral,neutral,negative,neutral
h7rwb9p,"After that save, the hindi commentator literally said ""I love you Anna, we love you""",10,1,1628143613.0,meet_the_king,False,positive,positive,positive,positive
h7rl0xa,"Ahhha, what was that 😂",39,1,1628136410.0,elchico1990,False,neutral,neutral,neutral,neutral
h7rr3lu,Why is Streamable blocked (India)? Can only play with VPN. Is it same for everyone else?,34,1,1628140067.0,Trev0rPhil1ps,False,negative,negative,negative,negative
h7rsh85,Why is stremable not blocked for you? Or you are connected to VPN at all times?,9,1,1628140983.0,indianjedi,False,neutral,neutral,neutral,neutral
h7rpj66,Pizza Party......,4,1,1628139080.0,beard__hunter,False,neutral,neutral,neutral,neutral
h7rj6e9,Don't give Akshay Kumar any ideas,124,1,1628135350.0,Akhil0110,False,negative,negative,negative,negative
h7rmav9,"And that PR Shreejesh's right hand save

Edit: Left hand",14,1,1628137156.0,le_shivas,1628151170.0,neutral,neutral,neutral,neutral
h7rm0b3,Did anyone notice clock stopped for few seconds at 28 seconds remaining?? Could have been an issue if Germans got goal of last PC,29,1,1628136986.0,the_personitron,False,neutral,neutral,neutral,neutral
h7rvg0q,"Indians love cricket because for close to 20 yrs, Indian mens cricket team has been consistently world class - the very best (or one of the) in the business. 

Hockey needs to consistently deliver the goods over 5-10 yrs to first attract greater commercial interest and then to attract talent who think they can make a livelihood in trying to be a hockey player. 

For Eg. A Ranji player makes close to 1.5 lakhs per match, which is close to 18-20 lakh per year. This, is when you dont count possible IPL and International cricket's riches.",39,1,1628142996.0,morganthau,False,positive,positive,positive,positive
h7rkq5e,Naah it's more like 2011,13,1,1628136234.0,fuckinfailures,False,neutral,neutral,neutral,neutral
h7rmd7p,Cricket was already kind of popular back then even the 2007 ODI WC was shitshow . Maybe it can be like the 2001 Kolkata test,3,1,1628137193.0,Live_Ad_6361,False,negative,negative,neutral,negative
h7rx4lm,Hardly 8 decent teams compete for cricket. The Olympics is literally the entire globe.,4,1,1628144217.0,sckqqq,False,negative,negative,neutral,negative
h7rtlt2,"No. Congratulations to the players, but let us be realistic. It is bronze medal, the third place.",-15,1,1628141733.0,,False,neutral,positive,positive,positive
h7swiaz,"Cricket was already popular and India WON A WORLD CUP AGAINST PAKISTAN on top of that. I don't think this moment compares. Not taking anything away from the hockey team, but this is India and India likes cricket.",0,1,1628169842.0,ultracoolz,False,positive,positive,positive,positive
h7rzn4n,They fucked up the clock too. Imagine if they'd scored then.,31,1,1628146135.0,kdkoool,False,negative,negative,negative,negative
h7rrc6q,Good luck to you too in the coming future.,7,1,1628140228.0,akash13anand,False,positive,positive,positive,positive
h7rolk5,There should be more Ind v pak matches in sports like hockey and football to increase their popularity.,13,1,1628138523.0,fuckinfailures,False,neutral,positive,positive,positive
h7rjep5,Do Australia and Belgium not recruit new players when the current players retire?,61,1,1628135481.0,RandomYriable,False,neutral,neutral,negative,neutral
h7rppwi,"So will many of our players.

For eg: Our Goalkeeper, ex-captain , Sreejesh is 33",9,1,1628139197.0,Gallium007,False,neutral,neutral,neutral,neutral
h7rpi9j,"The main man of Belgium, Alexander Hendrickx, made his Olympics debut this time round",1,1,1628139065.0,adxx12in,False,neutral,positive,neutral,neutral
h7rsdf7,Argentine Women’s team too,-1,1,1628140912.0,BeardPhile,False,neutral,neutral,neutral,neutral
h7rmvc9,"yeah what was that, i thought tv glitch, but never seemed to correct itself?",6,1,1628137488.0,RETAW57,False,negative,negative,negative,negative
h7rq0xt,"He saved a goal when there were 6 seconds remaining on the clock.
Also Germany got 12 penalty corners out of which they could only convert one goal!",7,1,1628139389.0,,False,neutral,positive,neutral,neutral
h7rgwyp,"If india conceded in that last pc when 6 seconds hadn't been registered on the clock, it would have been hell",18,1,1628134116.0,IntraspeciesFever,False,negative,negative,negative,negative
h7rkjg7,"I am a grown up man, I didn't cry when India won T20 (2007) and world cup (2011). I cried today.",25,1,1628136127.0,SandhuG,False,neutral,neutral,positive,neutral
h7rsi7y,"This seems like a good idea. 

I WAS HERE AS WELL!!",1,1,1628141001.0,BeardPhile,False,positive,positive,positive,positive
h7rskc8,"Let’s face it, we’re all crying",4,1,1628141039.0,BeardPhile,False,negative,negative,negative,negative
h7routp,"too excited for maths sorry, my english also died ""it's"" first medal. I'll just let that one slide...",3,1,1628138679.0,RETAW57,False,negative,neutral,negative,negative
h7t6op0,Absolutely.,1,1,1628173404.0,Spiderguy252,False,neutral,neutral,positive,neutral
h7rpsyz,"Let's go check social media accounts of our Hockey legends from back in the day, they must be feeling very emotional. Would be nice to hear how they're feeling.",5,1,1628139250.0,o_0p,False,positive,positive,positive,positive
h7rpz5s,I swear. 🥺,1,1,1628139357.0,sjain605,False,positive,neutral,negative,neutral
h7s7pbx,[removed],-13,1,1628152888.0,,False,neutral,neutral,negative,neutral
h7s7rh6,"Those names sound like a fucking meme. ""Manpreet, Sheesh!""",-2,1,1628152939.0,Zero_protocol,False,negative,negative,negative,negative
h7scxno,Odisha should claim all the 11. The Odisha government has been very supportive of hockey team,1,1,1628157390.0,,False,positive,positive,positive,positive
h7rxpme,Lets hope that Ravi Kumar wins a gold,2,1,1628144650.0,Soxphorsateir,False,positive,positive,positive,positive
h7sdxgs,"I'm confused as well. Maybe field hockey was actually invented before ice hockey, so purists feel like it's ice hockey that needs the extra specification? Also I didn't realize field hockey was played after high school. The more you know.",2,1,1628158202.0,tookTHEwrongPILL,False,neutral,neutral,negative,neutral
h7sn51j,Oh piss off. This is hockey.,6,1,1628164772.0,Nahi_btaunga,False,negative,negative,negative,negative
h7rsoy2,"[https://7plus.com.au/olympic-games-tokyo-hockey?episode-id=7HOC01-031](https://7plus.com.au/olympic-games-tokyo-hockey?episode-id=7HOC01-031)

Will need a VPN and create a free account.  :)",2,1,1628141124.0,RETAW57,False,neutral,positive,neutral,neutral
h7s6i16,They started twice. Initially it was PHL . Now it is HIL.,2,1,1628151840.0,odiab,False,neutral,neutral,neutral,neutral
h7vqlnp,Sony LIV app. I watched highlights there even though I don't have subscription. Full match not sure maybe you may have to buy subscription.,1,1,1628212784.0,,False,neutral,neutral,neutral,neutral
h7s0aqj,"राधे राधे, उँगलियाँ अंटी (Radhe Radhe, fingers crossed)",26,2,1628146665.0,Article370,False,neutral,neutral,neutral,neutral
h7vq4lu,This.,1,2,1628212555.0,EmperorOfWallStreet,False,neutral,neutral,positive,neutral
h7rk48f,2021-1980=41 my dude :),185,2,1628135885.0,okayestguyever,False,positive,positive,neutral,positive
h7rnrqe,Yeah reading 1980 feels like that was  20 years ago to me. Damnit.,8,2,1628138017.0,vpsj,False,negative,negative,negative,negative
h7rp4er,"Movie Name: Bronze

ULTRA SLOW MOTION.


SREEJESH LOOKS AT COACH AKSHAY KUMAR JUST BEFORE THE BLOCK",135,2,1628138840.0,shantanu_m28,False,neutral,neutral,positive,neutral
h7rvion,Played by mohanlal,-2,2,1628143047.0,Sasuke911,False,neutral,neutral,neutral,neutral
h7rpijs,That was pure joy!,20,2,1628139069.0,,False,positive,positive,positive,positive
h7rt84b,Same. Cant watch any videos in r/soccer,28,2,1628141482.0,Late-Humor,False,negative,negative,neutral,negative
h7ruft1,"It was a hit or miss on ACT for quite sometime while never working on Jio ,BSNL, but in last year it is certainly blocked everywhere. Even 1.1.1 does not help.",6,2,1628142299.0,v00123,False,negative,negative,negative,negative
h7s2mr5,Worked for me. Not using VPN. On Hathway broadband,5,2,1628148578.0,ShadowFiend_18,False,neutral,neutral,neutral,neutral
h7rl47s,Gold Dobara! In theatres 2023. Akshay Kumar revolutionizes Indian cinema by practicing whiteface and learning an Australian accent to play the coach!,88,2,1628136461.0,,False,positive,positive,positive,positive
h7rm9c8,"Akshay Kumar exists just to keep the bar of nationalism high among people.



Create movies.
Increase sense of nationalism. 
Be a Canadian.
Repeat.",41,2,1628137131.0,,False,neutral,positive,positive,positive
h7rmsl7,There needs to be more hockey movies,7,2,1628137444.0,sp1cychick3n,False,neutral,positive,neutral,neutral
h7rre0s,*Canada kumar,0,2,1628140261.0,,False,neutral,neutral,neutral,neutral
h7rni7r,left hand,8,2,1628137863.0,FossilisedTooth,False,neutral,neutral,neutral,neutral
h7rs50p,The commentary on the stream I was watching mentioned that it was something to do with the referee making a mistake in not blowing the whistle so the timer didn't start till the Indian team pointed it out. Apparently the Indian coach was furious. I am not very familiar with hockey rules so I might have misunderstood what the commentators were saying but it looks like it was a referee error. Glad it didn't cost india anything.,24,2,1628140759.0,travelling-salesman,False,negative,neutral,neutral,neutral
h7rmpw7,I did! I thought the the same!! I was even almost certain that this is going to go against us,11,2,1628137400.0,WhereAmIGoingAgain,False,negative,neutral,negative,negative
h7rua0d,Yeah. Graham Reid was furious. An officiating error I think,2,2,1628142190.0,ValuableHire,False,negative,negative,negative,negative
h7rozrl,Even I noticed it. Is there any clarification regarding that? Couldn't find it anywhere.,1,2,1628138763.0,nanu_unknownu,False,negative,neutral,neutral,neutral
h7s6qdy,India is the most successful Hockey team in Olympics right? I think fundamentally Cricket is a more interesting game.,-8,2,1628152039.0,HeadBread4460,False,positive,positive,positive,positive
h7rlag5,"Yeah probably. What meant was the way the t20 wc revolutionized t20 in india with the IPL and all, hope something like that happens with hockey as well",13,2,1628136563.0,WhereAmIGoingAgain,False,positive,positive,positive,positive
h7ru1c4,"> kind of popular

Bruh",14,2,1628142024.0,glorious_albus,False,neutral,neutral,neutral,neutral
h7rtwty,"Sooooooo you saying bronze medal is not a great thing to achieve in a competition where, idk, the entire world is competing?",18,2,1628141939.0,WhereAmIGoingAgain,False,negative,negative,negative,negative
h7rz2df,"From not even qualifying in 2008 to winning bronze in 2020 is great progress. Tbh, Im very happy for them. We can now realistically aim for gold in 2024.",2,2,1628145687.0,praboi,False,positive,positive,positive,positive
h7s2t9b,"Yeah, I noticed it when 29 seconds were left. I was very confused.",12,2,1628148727.0,nanu_unknownu,False,negative,negative,negative,negative
h7rtljg,Hope we learn something from India,3,2,1628141727.0,awaisz,False,neutral,positive,positive,positive
h7t4yu7,We have one coming up in javelin throw,2,2,1628173008.0,,False,neutral,neutral,neutral,neutral
h7rk1aa,Sort of. They just don't compete in international competitions while they grow the replacements in the lab for a few years.,36,2,1628135837.0,throwreddit666,False,neutral,neutral,neutral,neutral
h7rk05p,"Were Barca able to replace their generational players like Xavi & Iniesta? Ofc they’ll recruit, but the current crop is a generational talent, odds on them getting players of the same caliber is very low.",24,2,1628135819.0,subendu7,False,neutral,neutral,neutral,neutral
h7rrnp3,Our team is probably one of the youngest.A good part of the playing 11 comes from the winning team of the Junior hockey World Cup 2016.,-1,2,1628140440.0,yaaaaahooooo,False,positive,positive,positive,positive
h7rsps5,"Refree glitch it was, apparently he never blew the whistle until indians pointed it out, so much professionalism at such level.",2,2,1628141140.0,anonymous-ag,False,neutral,negative,negative,negative
h7rsqka,Absolute legend he is,3,2,1628141155.0,anonymous-ag,False,positive,positive,positive,positive
h7rl0kr,Same...this was more of an England NatWest trophy moment.,8,2,1628136404.0,richie_ny,False,neutral,neutral,positive,neutral
h7suqtq,Prove it.,2,2,1628168979.0,,False,neutral,neutral,positive,neutral
h7sn6mn,This is hockey.,6,2,1628164799.0,Nahi_btaunga,False,neutral,neutral,neutral,neutral
h7svxy5,no it isnt.,-6,2,1628169568.0,diarremannen,False,neutral,negative,negative,negative
h7rwuon,E-CORP VPN!,1,2,1628144012.0,RoscoMan1,False,neutral,neutral,neutral,neutral
h7ud2o2,Thanks mate,1,2,1628190497.0,awkwardmugshot,False,positive,positive,positive,positive
h7rkl5b,Fuck. I'm still stuck in 2011. Help.,248,3,1628136154.0,throwreddit666,False,negative,negative,negative,negative
h7rynm4,Shahrukh Khan owns the Chak de moment. Akshay Kumar will fail to own this moment.,32,3,1628145372.0,birbalthegreat,False,neutral,negative,neutral,neutral
h7s0gh5,"normally i would've said ""DONT GIVE THEM IDEAS"" but here it is butt obvious that this is what exactly will happen.",9,3,1628146793.0,shIvAM_D12,False,negative,negative,neutral,negative
h7s6txj,"You don't need a vpn, just get 1.1.1.1 app. It's available on all platforms and unblocks websites blocked by DoT.",1,3,1628152125.0,AnthonyGonsalvez,False,neutral,positive,neutral,neutral
h7rw9dx,"If youre using ACT, just keep refreshing the page till it plays. I dont know why but it works.",2,3,1628143575.0,parthjoshi09,False,neutral,positive,positive,positive
h7s48fo,"Set your private DNS to '1dot1dot1dot1.cloudflare-dns.com'

I used use ACT and can open all Stremable links after setting this.",1,3,1628149921.0,SolarFury,False,neutral,neutral,neutral,neutral
h7rwk6b,"lol, you had me in the first half",6,3,1628143793.0,,False,positive,neutral,neutral,neutral
h7s5oud,yeah thanks for the correction.,1,3,1628151152.0,le_shivas,False,positive,neutral,neutral,neutral
h7sal6m,"That's over the course of 80 years. In the last 30-40 yrs, India's never been consistently world class.

A good comparison of our men's hockey team can be done to West Indian cricket team, who were absolute beasts 40-50 yrs back and used to fill stadiums up with people. Not so much anymore.",6,3,1628155387.0,morganthau,False,negative,negative,neutral,negative
h7siel3,"> I think fundamentally Cricket is a more interesting game.

How?",3,3,1628161630.0,,False,positive,positive,neutral,positive
h7ru10f,"It is a great thing, but not as big as the World Cup trophy. Cricket World Cup is the biggest achievement in that sport and format. Bronze medal isn't.",-13,3,1628142018.0,,False,positive,positive,positive,positive
h7s36jc,"Yes, they did great. I don't understand everyone's need to shit on cricket for being successful and profitable. Should we have continuously failed in cricket too? Would these people have been happy if cricketers were starving? Weirdos. There is one sports in which we are among the best(and the very best, at times) in the world and they have to sling mud at it because of the performance of others.",2,3,1628149033.0,,1628149390.0,negative,negative,positive,negative
h7ro2rw,"Netherlands and Australia are powerhouses of hockey since long, it's cultural thing, they don't depend on few players. So it's infact very likely they will get good replacements.
Also Xavi and Iniesta individually themselves were once in century kinda players but odds of having two of them together in a team was like once in a millenium",35,3,1628138203.0,Amazing_Theory622,False,positive,positive,positive,positive
h7rkt22,While Indian players cease to grow old?,11,3,1628136281.0,DroopySage,False,neutral,neutral,negative,neutral
h7t82rn,[removed],-1,3,1628173797.0,,False,neutral,neutral,negative,neutral
h7snbvf,Appears to be the case,1,3,1628164887.0,tookTHEwrongPILL,False,neutral,neutral,neutral,neutral
h7t3m4p,Kahaan se hai bhai tu?,2,3,1628172711.0,Nahi_btaunga,False,neutral,neutral,neutral,neutral
h7t3noq,Kahaan se hai bhai tu?,1,3,1628172720.0,Nahi_btaunga,False,neutral,neutral,neutral,neutral
h7rku2b,"In 9 years time, there will be a global pandemic! Invest in technology stocks!!",190,4,1628136297.0,evereddy,False,neutral,positive,neutral,neutral
h7rkzed,buy bitcoin and give me a few of 'em for this tip,12,4,1628136385.0,A_random_zy,False,neutral,neutral,positive,neutral
h7rm05y,you are not alone. i am still listening to jason mraz's *i'm yours*.,8,4,1628136984.0,,False,positive,positive,neutral,positive
h7s4kc6,Good times! I have lost sense of time since 2011.,1,4,1628150200.0,YouShalllNotPass,False,positive,positive,neutral,positive
h7sqkb8,"Don't keep black money with you
They will be banned in nov 16;-)",1,4,1628166800.0,mr_incredible123,False,negative,negative,negative,negative
h7s84zb,"This used to work till a few months back, but now it doesn't work for me (ACT Chennai)

Need to use an actual vpn to access it.",1,4,1628153264.0,77blahblah,False,negative,negative,neutral,negative
h7rxhe2,"Dude cricket is played by like 14 countries, every country compete for olympic medal. Bronze is better than t20 world cup.",14,4,1628144479.0,rcakshat,False,neutral,positive,neutral,neutral
h7sipz9,"Nobody is blaming cricket. It's fault of ours though, like trying to put all our eggs in one basket while ignoring other sports. Cricket can coexist with other sports in India. We are one of the best but hardly 15-20 countries play cricket and that number too is dwindling. Cricket is on the decline in England, Caribbean, Pakistan.",1,4,1628161860.0,,False,negative,negative,negative,negative
h7th22m,"Nobody is blaming or slinging mud at cricket. In fact, the success in cricket is being used as a measurement for the other sports because we didn’t have that many success stories in the other sports recently, which is a compliment to the cricket in a way",1,4,1628177421.0,WhereAmIGoingAgain,False,positive,neutral,positive,positive
h7rv50m,"We are one of the powerhouses of hockey. Until 1980. We were the OG's. Well, it's high time that we called ourselves a powerhouse. Most successful country in Hockey in Olympics.",1,4,1628142784.0,Yeshu_Bablu,False,positive,positive,positive,positive
h7rl0t8,"This is the one of the youngest team we have fielded, so with age they’ll get physically & experience wise better. We will be peaking. Unlike Bel & Aus.",28,4,1628136408.0,subendu7,False,positive,positive,positive,positive
h7tbloz,">They prove it themselves.

Show the proof ?",2,4,1628175099.0,,False,neutral,neutral,neutral,neutral
h7rl2xs,Why invest in stocks when he can buy Bitcoin.,84,5,1628136441.0,rahulrossi,False,neutral,neutral,neutral,neutral
h7rl9qu,8 years.,6,5,1628136552.0,dhandeepm,False,neutral,neutral,neutral,neutral
h7rnlvq,Its a fun song to listen to,2,5,1628137921.0,SuggehSai,False,positive,positive,positive,positive
h7s89zd,That's pretty weird. I'm using ACT in Chennai as well and this works for me.,1,5,1628153381.0,SolarFury,False,neutral,positive,neutral,neutral
h7rzni8,"Exactly. Continental Europe plays hockey at a way higher level than cricket. Bronze is bronze, but sweet given the time it took to achieve.",1,5,1628146143.0,j_lyf,False,neutral,positive,positive,positive
h7s31j7,"Whether it is played in 14 countries or 140 countries, only 2 teams play against each other in one match.

There is one sports in which we are consistently among the best(and the very best, at times) in the world and they have to sling mud at it because of the performance in other sports. Strange.",-3,5,1628148918.0,,1628149449.0,neutral,neutral,positive,neutral
h7s6k02,"> Most successful country in Hockey in Olympics.

I would be surprised if this is true.",1,5,1628151886.0,ProviNL,False,positive,positive,positive,positive
h7rmnsd,Check yours stats bud. None of these teams can be categorised as either young or old because average ages of players range around 25yrs.  But I love your optimism. Just don't buy a lottery ticket.,13,5,1628137366.0,DroopySage,False,neutral,neutral,neutral,neutral
h7rm2m2,I will buy ethereum and litecoin.,29,6,1628137023.0,,False,neutral,positive,neutral,neutral
h7sbhm9,Buy ITC ¯\\\_(ツ)\_/¯,1,6,1628156166.0,KryptoniteDong,False,neutral,neutral,negative,neutral
h7sbn2t,that PC in the last 7 years?,1,6,1628156294.0,Rude_Journalist,False,neutral,neutral,neutral,neutral
h7rltey,It becomes global pandemic only in 9 ?,7,6,1628136872.0,evereddy,False,neutral,negative,negative,negative
h7ry6eg,All his songs are fun,0,6,1628145006.0,,False,positive,positive,positive,positive
h7s110z,Let me drop some more [nostalgia](https://www.youtu.be/E-H3BIJ2BFE).,0,6,1628147254.0,,False,neutral,neutral,negative,neutral
h7s8vgq,"wth? It just gives me the ""Connection is reset"" dead page. Tried with multiple browsers to check as well.. 

I had asked about it here and a few others confirmed that it was being blocked by ACT too, and cloudfare sdns wasn't helping and it was accessible only using warp or vpn",1,6,1628153906.0,77blahblah,False,negative,negative,negative,negative
h7spz8j,"We have the most medals.(8)
And that too given the fact that last 4 decades we never made to last 4",1,6,1628166470.0,_thenewnewguy_,False,neutral,neutral,positive,neutral
h7rrqrb,Doesn't that mean that india will be peaking in next Olympics or am I missing something?,1,6,1628140496.0,nono-squaree,False,neutral,neutral,negative,neutral
h7rsgje,"Not in 2011, hold Bitcoin till 2015 then buy Ethereum",17,7,1628140969.0,rahulrossi,False,neutral,neutral,neutral,neutral
h7rz2vn,Wait for 2 years and buy doge,5,7,1628145698.0,Coastal_Wagon2730,False,neutral,neutral,negative,neutral
h7rphyk,It started in China in 19,5,7,1628139059.0,rockydinosaur11,False,neutral,neutral,neutral,neutral
h7sx2bq,"We have 9 medals in hockey:

- 1948, 1952, 1956 gold

- 1960 silver

- 1964 gold

- 1968, 1972 bronze

- 1980 gold

- 2021 bronze",1,7,1628170112.0,ultracoolz,False,neutral,positive,neutral,neutral
h7rsmcy,"Well the point is that it is pointless to blindly expect our team to peak while others to decline. 
Our attitude is to get hyped about sports like hockey, boxing, archery, weightlifting or anything except cricket only during the Olympics. India is a big country with enough talents to produce medalist in every sports if properly honed, nurtured and supported. Have you seen the kitchen our silver medalist Mirabai had lunch after coming back home? Our medalists deserve more praise because of their achievements despite the odds. They need more support rather than expecting them to achieve when others decline.",5,7,1628141076.0,DroopySage,False,neutral,neutral,positive,neutral
h7se4y3,sell everything on may 8th,6,8,1628158378.0,Wise_Emergency5898,False,neutral,neutral,negative,neutral
h7tdjxp,Eh it was 2020 when it started really,1,8,1628175919.0,Majestic_Ad4495,False,neutral,neutral,neutral,neutral
