Comment ID,Comment Text,Comment Score,Comment Depth,Created Timestamp,Author,Edited,Semantic Label,Semantic Label 2,Semantic Label 3,Major_Semantic
heb4fbb,[deleted],345,0,1632630691.0,,False,neutral,neutral,negative,neutral
heb703x,Thank you so much for adding that girl on the right. I was that girl and it brings back so much memories.,225,0,1632632209.0,Lachimolala_yoonji,1632635648.0,positive,positive,positive,positive
heb29ft,Evry1 knows that the guy on the left is definitely cheating but still hoping that the guy on the right would win,383,0,1632629519.0,jim_jk,False,neutral,neutral,neutral,neutral
heb4tjo,this looks really good! ahh so many memories,86,0,1632630912.0,RandomIndian123,False,positive,positive,positive,positive
heb3adq,That scale and extra rubber grip 👌🏼. Brilliant attention to detail,156,0,1632630065.0,theyokesonyou44,False,positive,positive,positive,positive
heb5td1,Trimax supremacy,147,0,1632631509.0,BJKFC69,False,neutral,neutral,positive,neutral
heb30c4,Guy on the left is cheating,41,0,1632629921.0,,False,negative,negative,negative,negative
heb63bm,i wonder if kids today still play that shit. we used to do that stuff every day. ruined so many pens like that lmao,65,0,1632631680.0,kaidynamite,False,negative,negative,negative,negative
hebd1wp,"Fuck yeah, AddGel all the way!

Love the tone of the image. It looks vibrant and colorful. I'd pay to watch an anime tbh.",29,0,1632635966.0,sthithaprajn-ish,1632636221.0,positive,positive,positive,positive
hebhbdz,Fantastic artwork.  As a middle aged Canadian I have ZERO idea what this is about.  ELI5?,28,0,1632638993.0,qpv,False,positive,neutral,positive,positive
heb3nqc,"""Let's see Paul Allen's pen"".",47,0,1632630269.0,,False,neutral,neutral,neutral,neutral
heb71e1,"Looks really nice, OP. The attention to detail is fantastic. Brought back memories for me. Do you make similar art? Please share blog/insta if so.",35,0,1632632230.0,netbie_94,False,positive,positive,positive,positive
hebcjzf,Kv logo is cherry on top,13,0,1632635627.0,LONEWOLF__14,False,positive,positive,neutral,positive
hebburt,That heartbreak when you see your pen fall to the ground... 💔,16,0,1632635168.0,OverratedDataScience,1632637176.0,negative,negative,negative,negative
hebcqjs,The doom of an ink pen.,11,0,1632635752.0,sthithaprajn-ish,False,negative,negative,neutral,negative
hebnj2u,lmao there's always a school affair involving a Riya,9,0,1632643811.0,chicku_chacha,False,neutral,neutral,negative,neutral
hebd036,cello gripper supremacy 👊👊👊👊👊✊✊✊,8,0,1632635930.0,nate-rivers,False,positive,neutral,positive,positive
hebdcph,"Uniball,  undisputed GOAT",7,0,1632636174.0,,False,positive,positive,neutral,positive
hebeg0z,"Butterflow's ultimate spin attack...
i used to fill it with sand for extra tankiness and coiled with rubberbands for grip",7,0,1632636922.0,ramsahaye,False,neutral,neutral,neutral,neutral
heb7jda,Modifications is cheating,13,0,1632632527.0,1afru1,False,negative,negative,negative,negative
heb6v7z,Man I was unreal at this game. Takes me back. Thank you OP.,10,0,1632632135.0,Reigen441,False,positive,positive,positive,positive
hecgc0g,"I've never been to India and I have no clue how this game is played, but this art piece captures a certain feeling I know so well, I just can't help loving this picture.",5,0,1632663907.0,Th1neEvermore,False,positive,positive,positive,positive
heb4j4k,[deleted],8,0,1632630751.0,,1645128819.0,neutral,neutral,negative,neutral
heb6hdn,"Hmmmm, the glasses kid is using uniball air and the the cool kid on the left is using either using a Luxor or Uniball.",12,0,1632631909.0,,False,neutral,neutral,positive,neutral
hebfz9v,Montex supremacy>>>,5,0,1632638024.0,Rivalsfate8,False,neutral,neutral,positive,neutral
hecnyz0,I would buy those heavy ass Metallica FX pens and bend their clip so that it would not roll. Still remember my parents looking at me strangely when I would buy those as I was usually a Pilot 05 user.,4,0,1632667412.0,ShubhamDutt216,False,negative,neutral,neutral,neutral
heb7nlr,Are you the same guy that did one of Seedhe Maut's album art?,10,0,1632632594.0,,False,neutral,neutral,neutral,neutral
hebd7j4,Great artwork !!,2,0,1632636075.0,necrolycan,False,positive,positive,positive,positive
hebdnn0,Amazing 👍👌,4,0,1632636377.0,krysis7,False,positive,positive,positive,positive
hebdybq,Why does the pen have wings?,4,0,1632636580.0,lundfakeer69,False,neutral,neutral,neutral,neutral
hebipj6,Woahhh NOSTALGIA!,4,0,1632640038.0,redditdigit,False,positive,positive,neutral,positive
heccjod,"Crazy how well this depicts what I experienced in secondary school, even though I grew up in the Caribbean.",4,0,1632662063.0,,False,neutral,positive,negative,neutral
hed6peb,"My first boy crush was great at this game, and I used to love cheering him. He was like the 'anti-hero' rebelling the school rules, since this game was banned. Then there was this actual villain of our class, who used to steal new pens of all our classmates. And one day my crush solved the crime mystery, and found the entire loot  (~50 pens!) hidden in a corner of the boys washroom. He became even more legendary after that. ❤️",5,0,1632675438.0,caramelio,False,positive,positive,neutral,positive
heb63nz,So many memories just got unlocked,6,0,1632631686.0,LordSuz,False,positive,neutral,neutral,neutral
hebbnnu,I love your animations,8,0,1632635041.0,Sportnoob_19,False,positive,positive,positive,positive
hebcfzx,We want a follow-up where a strict 6foot 9inch prefect takes all your pens and gives them to the strictest teacher in the school. Amazing art mate.,3,0,1632635552.0,I_Am_Groot3,False,positive,positive,positive,positive
hebctkp,pretty cool man haha,3,0,1632635809.0,Madhav-Daga,False,positive,positive,positive,positive
hebi3ut,Tournament of Power: Pen fight edition.,3,0,1632639593.0,musashi_grander,False,neutral,neutral,neutral,neutral
hed8q7c,Lol bro we had different weight class. From cello owns to those thicc boi parker pens. We also had handicap matches in which many low tiers would take on high tier 1 or 2 pens. Man I'm so nostalgic now.,3,0,1632676282.0,blabbergenerator,False,positive,positive,positive,positive
heqqeqo,"This is amazing! The character designs and their poses are very expressive, and the colours really make everything pop. You can clearly understand the personality of each character just by looking at them, you did a fantastic job. While I myself can't relate to pen fights and all, I can easily understand the setting thanks to your brilliant artwork :P",3,0,1632934202.0,CreativeNameIKnow,False,positive,positive,positive,positive
hebasw1,I'm sure there can be an anime about it,6,0,1632634493.0,vsh92,False,neutral,neutral,neutral,neutral
heb8nmn,Ahh those days...,4,0,1632633182.0,,False,neutral,neutral,neutral,neutral
heb9zbk,"this is so fucking good man, kudos!",4,0,1632633977.0,diggee,False,positive,positive,positive,positive
hebfcrz,"ahh, times when KV had white uniform.",2,0,1632637574.0,disbelivehomosapiens,False,neutral,neutral,neutral,neutral
hebfllj,Fcking left always cheats,2,0,1632637749.0,Interesting_Wrap_485,False,negative,negative,negative,negative
hebge0t,Is that an add gel,2,0,1632638316.0,AdamWarlock097,False,neutral,neutral,neutral,neutral
hebh50l,Parker supremacy,2,0,1632638859.0,Worth-Initiative8729,False,neutral,neutral,positive,neutral
hebhcg8,"Golden Parker supremacy, ain't no pen in this world gonna be able to move it",2,0,1632639014.0,RIPMANO10,False,positive,neutral,neutral,neutral
hebhkzs,I had that pen on the right.,2,0,1632639191.0,10_Feet_Pole,False,neutral,neutral,neutral,neutral
hebi6dv,"So much of nostalgia :""). I miss my school days man.",2,0,1632639643.0,Varth_Dader_,False,positive,neutral,negative,neutral
hebivpq,"Regards sir!
May I know how long you have been into art?",2,0,1632640164.0,,False,positive,neutral,neutral,neutral
hebje1j,"Out of the loop. What game is this? What are the rules?

love the expression of the characters",2,0,1632640549.0,sevit,False,neutral,positive,positive,positive
hebkkzt,I would use cheap pens to beat everyone.Great art btw.,2,0,1632641467.0,Zeoloxory,False,positive,neutral,positive,positive
hebl1oi,"Ahhh the good old days

I remember I had a heavy sheaffer which made me win every game",2,0,1632641820.0,Niscu,False,positive,positive,positive,positive
hebl74e,The ADD Gel pen brings so much memories,2,0,1632641935.0,Aniket144,False,positive,positive,positive,positive
hebl90p,"Ah yes, the guy on the right with thick grip to reduce spinning 😩",2,0,1632641975.0,HeathCliff_008,False,positive,neutral,neutral,neutral
heblnbv,"dude this is awesome, remember doing pen fights wayyyy before teachers started punishing us for it.",2,0,1632642290.0,MemeTrash1,False,positive,positive,neutral,positive
heblrfn,Lol the uniform looks like KV. Damn the good ol' days :'),3,0,1632642385.0,PainX1,False,positive,positive,neutral,positive
hebmcfd,I used to win pen fights with a pen pencil and my classmates used to go crazy hahaha..,2,0,1632642849.0,SavageDuke69,False,positive,neutral,neutral,neutral
hebmlge,Is that an add gel achiever,2,0,1632643051.0,,False,neutral,neutral,positive,neutral
hebmxxq,Awesome illustration. Brings back many memories. We used to fill the pens' bodies with ball bearings to gain an unfair advantage. It was hilarious to see the class monitors and teachers having angry fits over us having pen fights.,2,0,1632643335.0,stocktraderdog,False,positive,positive,positive,positive
hebo9e3,"I'm not one to be moved by paintings, but this one got me! So beautiful",2,0,1632644415.0,,False,positive,positive,positive,positive
hebofwa,A sport which is not only about money,2,0,1632644559.0,noarmnoharm,False,neutral,neutral,negative,neutral
hebpskc,"lol Those pen modifications are so accurate    
    
Love it",2,0,1632645672.0,SaberSupreme,False,positive,positive,positive,positive
hebqokr,Brings back so many memories.,2,0,1632646409.0,Terrible-Remove-6195,False,positive,neutral,neutral,neutral
hebrvyg,How do you pen fight?,2,0,1632647426.0,Shmitty-W-J-M-Jenson,False,neutral,neutral,neutral,neutral
hebt5e2,What is pen fighting?,2,0,1632648554.0,ZeBlazinFort,False,neutral,neutral,neutral,neutral
hebt9bh,"I know it's a sketch, but I really want to smack the face of the guy on the left.",2,0,1632648650.0,TelevisionMoney,False,negative,negative,negative,negative
hebthmp,Got a metal pen on my birthday. Safe to say i wasn't beaten for a while after that.,2,0,1632648852.0,GalactusRex,False,neutral,positive,neutral,neutral
hebtq95,"This and book cricket was our thing in school, good days.",2,0,1632649062.0,ncbose,False,positive,positive,positive,positive
hebudb0,HAHAHA this brings back so many memories omg,2,0,1632649620.0,Aarnav69,False,positive,positive,positive,positive
hebugsg,I used a heavy ass steel Pierre cardin pen to play pen fight. It was fun watching them complain about it.,2,0,1632649702.0,OFFICIAL_memologist,False,neutral,positive,positive,positive
hebwys3,This just made me smile. Amazing art!,2,0,1632651779.0,BrokeAssNibba,False,positive,positive,positive,positive
heby47s,"There's that one dude who has thick metal pen and always won. We were playing 2v2 tag team, our strat was to launch our cheap plastic pen into the metal pen but with paralel angle, knocking both pens, making it 1v1. Good times.",2,0,1632652721.0,buangjauh2,False,positive,positive,positive,positive
hec0pd2,Achiever vs Mercury,2,0,1632654712.0,sozerotrozero,False,neutral,neutral,positive,neutral
hec0rra,There was always this one dude with this 'heavy metal' pen.,2,0,1632654762.0,su-yazz,False,neutral,neutral,neutral,neutral
hec0zpt,"Your art style is amazing. This brought me back to school days 😢

Thanks so much for sharing!",2,0,1632654931.0,beach-is-fun89,False,positive,positive,positive,positive
hec12b2,Woah!! Amazing!,2,0,1632654986.0,,False,positive,positive,positive,positive
hec1c0u,That’s the ADD gel pen right??,2,0,1632655189.0,channelx43,False,neutral,neutral,neutral,neutral
hec5g9s,This brings back so many beautiful and intense memories. Thank you :),2,0,1632657950.0,,False,positive,positive,positive,positive
hec5h6n,We always had sharpener fights than pen ones. The apsara big ones were the heavy. While nataraj ones usually are the faster ones,2,0,1632657966.0,ila1998,False,neutral,neutral,neutral,neutral
hec5uwz,I always purchased rotomac mota pens to win these fights.,2,0,1632658210.0,Vijaywada,False,neutral,neutral,neutral,neutral
hec5vg8,That add gel pen 😊😊😊,2,0,1632658219.0,mokkaneo,False,positive,neutral,positive,positive
hec64dc,"And my friend used Reynolds jetter , nimble and lightweight yet produces maximum number of spins. So his strategy was to spin and hit the mota pens right In the middle.

Match used to get interesting as more than half of the pen hanging out of the desk gets a turn and player skillfully spins it over and manages to knock out the opponent pen that was safely positioned in the middle of desk.",2,0,1632658374.0,Vijaywada,False,neutral,neutral,neutral,neutral
hec7dfu,"I feel unfortunate to have been unable to click photos of the pens I used to use. Some were those special ₹20 Chinese gel pens with intricate builds. I was a champion at this game, with my stationery inventory I used to carry to school everyday as a one man army and studious kid.

Even had a ₹250 Staedler metallic mechanic pencil, among other tools. That pencil is still with me, works great.",2,0,1632659142.0,TheAnonymouseJoker,False,neutral,neutral,positive,neutral
hec7vyv,Nice,2,0,1632659441.0,,False,positive,positive,positive,positive
hec9m1i,WOW . THNX,2,0,1632660455.0,Legitdp,False,positive,positive,neutral,positive
heca5yw,"Damn this shit almost got me tearing up. 

Pen on the left is definitely illegal, those modifications are unfair. 

Btw Reynolds Trimax pens imo used to be the best, most consistent pens in competition.",2,0,1632660767.0,quiet_merc,False,negative,negative,neutral,negative
heca8p7,This art brought back memories. Good to see we were not the only ones who allowed modding the pens.,2,0,1632660810.0,Jassinn570,False,positive,positive,positive,positive
hecbhft,thanks and fuck you but mostly thanks. i have so many dope memories of waiting for the bell to ring so that we could play this. why the fuck you ? i sucked at this and got made fun almost everytime. this is a clusterfuck of memories,2,0,1632661503.0,burndhousedown,False,negative,negative,neutral,negative
hecbmeg,Ye sab log carnivorous hai kya?😳,2,0,1632661574.0,puss_rider,False,neutral,neutral,neutral,neutral
heccb1k,"I'm a digital artist myself and it's awesome to see more and more people get into it! Your artstyle is beyond awesome dude! I love the colours too, so good! Great job!",2,0,1632661937.0,Brokeshadow,False,positive,positive,positive,positive
hechtkj,so nostalgic. I wish I had a free award to give you OP,2,0,1632664609.0,RagnAROck_and_Roll,False,positive,positive,positive,positive
hecjxx3,This is really good... I'm speechless.,2,0,1632665584.0,Renegade1412,False,positive,positive,positive,positive
heck36j,montex vs add gel,2,0,1632665651.0,fullmetalpower,False,neutral,neutral,neutral,neutral
heclnib,Hope you know about NFTs. Amazing work.,2,0,1632666373.0,vmauryan12,False,positive,positive,positive,positive
hecmojz,I love this! Thanks for the nostalgia trip!,2,0,1632666834.0,PotentialAthlete1,False,positive,positive,positive,positive
hecreg8,ADD gel OP,2,0,1632668936.0,Fourstrokeperro,False,neutral,neutral,neutral,neutral
hecs4uz,"Just checked your profile! Amazing work, hope to see more of it in future!",2,0,1632669262.0,darwin_vinci7,False,positive,positive,positive,positive
hecs9wf,I miss those days,2,0,1632669324.0,Almost13Ducks,False,positive,positive,negative,positive
hect1bt,Did it work out for Riya and Rohan?,2,0,1632669657.0,di1in,False,neutral,neutral,neutral,neutral
hecv5hq,Had a pen just for that..trimax was my go to,2,0,1632670583.0,EziAuti,False,positive,positive,neutral,positive
hed0suy,i used to fill m-seal in an old trimax for that sweet momentum baby,2,0,1632672943.0,ADITYA290804,False,neutral,neutral,neutral,neutral
hed21ny,Gazab,2,0,1632673457.0,,False,neutral,neutral,neutral,neutral
hed51ax,a classic past time,2,0,1632674728.0,RepresentativeDare64,False,positive,positive,positive,positive
hedflzx,Omg this unlocked memories,2,0,1632678945.0,thesedaysnico,False,positive,neutral,positive,positive
hedoa98,Center dude is pulling some serious [GIRUGAMESH](https://youtu.be/ji2TYVUicTs),2,0,1632682386.0,Oswalt,False,neutral,neutral,neutral,neutral
hedrbv0,"This makes my childhood look like an anime scene, it looks so good!",2,0,1632683616.0,notsogreathuman,False,positive,positive,positive,positive
hedskjk,I really love your artwork!!! Always makes me feel deeply.🌸,2,0,1632684117.0,Paganmoon23,False,positive,positive,positive,positive
hedtj1e,😂 😂 Of course the girl with a hair band is interested. Sheeesh reminded me of this one girl from middle school who i have crushed on.,2,0,1632684502.0,skilzmatee,False,positive,positive,positive,positive
heej4xt,Yaadien,2,0,1632695379.0,,False,neutral,neutral,positive,neutral
hef66u6,[Pen fight video](https://youtu.be/RIAMiNwc4Go?list=LL&t=183) for anyone who doesn't know what this is.,2,0,1632706354.0,,False,neutral,neutral,neutral,neutral
hefmmkx,Wow this is fantastic.,2,0,1632714842.0,AkhilVijendra,False,positive,positive,positive,positive
hefndbi,❤️❤️❤️❤️❤️❤️❤️❤️❤️,2,0,1632715298.0,DeepSingha,False,positive,neutral,neutral,neutral
hegyxjc,Awesome!!,2,0,1632750517.0,Azqaadesigns,False,positive,positive,positive,positive
heh0v5e,This brings back memories,2,0,1632751410.0,Sarfraz29,False,neutral,neutral,positive,neutral
hgdrdgs,[deleted],2,0,1634061853.0,,False,neutral,neutral,negative,neutral
hh8i05d,"ADD vs Mercury, I'd prefer Add in a fair fight coz it's robust, sturdier and I've got good aim. (Never preferred them crazy rotating pens unless it was against a pro pen-fighter)

Rubbing the ADD clip in the pencil-holding groove  and casually letting someone's elbow feel the heat was such a mood.",2,0,1634653466.0,MarquisCarmezo,False,positive,neutral,neutral,neutral
hh98vaz,Wow Nice!!,2,0,1634664593.0,Imtiaz_zaman,False,positive,positive,positive,positive
hhecgbm,Bringing memories back.,2,0,1634757339.0,GlumProtection6831,False,positive,neutral,positive,positive
hhq1wis,nic photo,2,0,1634978969.0,mostakhasan212,False,neutral,neutral,neutral,neutral
hhzyc8g,Nostalgic,2,0,1635177375.0,hiddenArtvillage,False,neutral,neutral,neutral,neutral
hkglya4,"Man it reminded me of my primary school days, it was so silly but so fucking enjoyable",2,0,1636814662.0,TaroPsychological723,False,positive,positive,neutral,positive
hn7cuhz,This should be an animated show,2,0,1638632229.0,Storkoid,False,neutral,positive,neutral,neutral
heb7pwl,"I lost so many trimaxes, to bare “suicide pens” the 1 rupee use and throw ones, people used them to score no risk steal points, damn good ol’ days",3,0,1632632631.0,ThEcRaZyBatZ,False,negative,negative,positive,negative
heb8rvd,bro this portrays my school days so well,4,0,1632633250.0,RACKSHACK51,False,positive,positive,neutral,positive
heb9gt6,This made me nostalgic,4,0,1632633663.0,,False,positive,positive,positive,positive
heba6v2,"plot twist:

the guy on the right goes full kamikaze and does the full power momentum transfer move where both pens fall !

i remember i used to do that",3,0,1632634105.0,Strixsir,False,neutral,neutral,neutral,neutral
hebb5ca,Aah. Nostalgia.......,3,0,1632634713.0,,False,neutral,neutral,negative,neutral
hebb6k5,Those times....,4,0,1632634736.0,B99fanboy,False,neutral,neutral,positive,neutral
hebbj94,Love this style! You should make a webtoon!,2,0,1632634962.0,Desi_Otaku,False,positive,positive,positive,positive
heb9meo,Golden!,2,0,1632633755.0,KartikGajaria,False,positive,positive,positive,positive
hec17rz,[deleted],1,0,1632655102.0,,False,neutral,neutral,negative,neutral
heckmys,Realy,1,0,1632665907.0,rgghostt,False,neutral,neutral,positive,neutral
heboryv,"Has anyone played scale fight? Pen fight's less known younger brother. A ruler is harder to knock about but there's a few rad modifications to the rules that make it so much more fun:

1. if your scale ends up on top of your opponents you get to do a slicing move on their scale which can give you instant victory if you do it perfectly
2. if part of your scale is over the edge of the table, you can use one finger to lift your scale touching only the exposed part, and attempt to push the other scale off the map like a fucking crane.

Good times \*tears\*. Incredible art btw <3",1,0,1632644831.0,zhawadya,False,positive,positive,neutral,positive
heba10w,this game reeks of virginity,-12,0,1632634006.0,asuravirochana,False,negative,negative,negative,negative
hebhw9z,"Lol, What is that girl doing over there. I've never seen a girl watching a pen fight.",1,0,1632639434.0,mozartyyy,False,neutral,neutral,neutral,neutral
hebmsaz,"Do you have an Instagram? I want to post this to my story, but not without the credits.",1,0,1632643206.0,MambaSr,False,neutral,neutral,neutral,neutral
hebo18z,How do you play this?,1,0,1632644231.0,suenoromis,False,neutral,neutral,neutral,neutral
hebopia,That’s montex mercury right? King of pen fights.,1,0,1632644777.0,game_chainger,False,positive,neutral,neutral,neutral
hebp8bg,What is going on here?,1,0,1632645208.0,Soulmate69,False,neutral,neutral,neutral,neutral
hebpw22,What's a pen fight?,1,0,1632645753.0,jerryleebee,False,neutral,neutral,neutral,neutral
hebu0z7,NO VIPER BRO,1,0,1632649326.0,nottshakkeyy,False,neutral,neutral,positive,neutral
hebwn9p,Yoo dude I used to love these.. we should really have an Indian anime based on these pen fights .. damn a nice idea,1,0,1632651515.0,Hriday2408,False,positive,positive,positive,positive
hec13j2,What game are they playing?,1,0,1632655013.0,,False,neutral,neutral,neutral,neutral
hec6psc,"Any reccomendations on starter drawing tablets, i dont wanna throw a low of money for a hobby that im not sure im gonna get into too deep",1,0,1632658735.0,LukeNeedHead,False,negative,neutral,negative,negative
hecx175,"Hey, no modding pens! That's unfair hahaha",1,0,1632671383.0,knirsch,False,negative,negative,negative,negative
hed6v5d,Tf is a pen fight.,1,0,1632675505.0,,False,negative,negative,negative,negative
hedbwfp,I remember that pen on the right... Mercury wasn't it???,1,0,1632677528.0,whitecladLAD,False,neutral,neutral,neutral,neutral
hebf5g9,"I thought she is just really invested in the game, not clueless. Doesn't require much intuition to work out this game, after all haha",69,1,1632637426.0,thewannabetraveller,False,positive,neutral,positive,positive
hehxrko,I am that clueless person lol,2,1,1632765975.0,21022018,False,negative,neutral,neutral,neutral
hecs794,"The glasses kinda gives a bit of an anime trope, lol.",1,1,1632669291.0,DinoDracko,False,neutral,neutral,neutral,neutral
hebpcth,"Lol this reminds me. Back in school, pen fight was pretty much a boy's only game and the girls in my class were often annoyed by it since we sometimes accidentally flicked our pens towards them when the pens were flicked too hard. One of the girls though, was fascinated by the art of penfighting one day. 

She came to our table and started watching, she just observed for a few days. After that, she said she wanted to play. Since it was her first time, one of the rookies volunteered to fight. 

The girl took out the most glorious  weapen we had ever seen. It had multiple grips and wings and somehow was also aerodynamically sound. She had a huge collection of pens, as did most girls in our class in those days. Of every kind, glitter, gel, clickable blah blah. This girl realized the value of her vast inventory that lied unused. Unlike our aesthetically poor pens, her pens had the best of both worlds. Form and function. Colours were matched, stickers and glitter, covered with plastic film. It was the next generation, Like the apple of weapens. 

She carefully placed the pen on one end of the table and it was an ace, her first flick perfectly transferred the momentum to the opponent's pen and it flew across the room while the sturdy grips kept the winning pen still on table. All of us were equal parts impressed and scared as she had something we all thought was invincible. 

Anyway, she made her way up the ladder and finally beat the reigning champion. Eventually the game got banned in our school and she just became a legend of the yesteryears. I still wonder what happened to her. We didn't have facebook back in those days to keep in touch and all I remember of her is her ultimate weapen.",246,1,1632645312.0,LittleOneInANutshell,False,neutral,positive,positive,positive
heb78f2,Thank you!,49,1,1632632344.0,ANGSHUMANDHAR,False,positive,positive,positive,positive
hebbzyn,"Girls aren't real. Who are you trying to fool, Gobiji ?",49,1,1632635263.0,Darth_Priyo,1632642637.0,negative,negative,negative,negative
hebohem,back to the school days,4,1,1632644596.0,Choice-Ad1203,False,neutral,neutral,neutral,neutral
hechq8s,same I was also that girl,2,1,1632664566.0,RagnAROck_and_Roll,False,neutral,neutral,neutral,neutral
heb76t2,We all know that one fucker,185,1,1632632317.0,theguyyouignore,False,negative,negative,negative,negative
hebu8ci,Well using ADD gel is cheating itself,18,1,1632649501.0,Wise_Comfortable_386,False,negative,negative,negative,negative
hebsvcl,modifications are allowed,8,1,1632648305.0,BerserkGamer_YT,False,neutral,neutral,neutral,neutral
hebwnae,We had the rule of only allowing Ezeeclick to prevent such problems.,1,1,1632651516.0,VaginalMatrix,False,neutral,neutral,neutral,neutral
hebyczr,"I had few friends like that. Sometimes their hits would be so bad, the pen would straight up fly of the teachers table. PS, we used the teachers table to play this XD",1,1,1632652927.0,Wheeze_04,False,negative,neutral,neutral,neutral
heb5oiw,thank you!,20,1,1632631425.0,ANGSHUMANDHAR,False,positive,positive,positive,positive
hede449,"Yes we used to do that too, we also used to put metal ball bearings in side the pen instead of refill.
My favourite pen was “cello gripper” because of grip and heavy weight.",4,1,1632678381.0,guyno17,False,neutral,positive,positive,positive
hebgs16,Who tf uses trimax for pen fighting? Two strokes and your pen is leaking. Well of course you don't care if you're rich,74,1,1632638595.0,Nik_692,False,negative,negative,neutral,negative
hebh1ug,Trimax easily rolls to death if the bench has slant surface,17,1,1632638793.0,RIPMANO10,False,negative,negative,neutral,negative
hebcvzs,Add gel achiever rubber guard OP,28,1,1632635854.0,,False,neutral,neutral,positive,neutral
hec34iw,Montex*,1,1,1632656441.0,dope--guy,False,neutral,neutral,neutral,neutral
hed0lue,"Would be extremely weird if you went to KPS, I had a friend in UP who dealt exclusively in Trimaxes.",1,1,1632672862.0,GregwiseNoah,False,negative,neutral,negative,negative
hechzuk,Nuh-uh. Extensions are allowed when you're on the last two benches,1,1,1632664692.0,,False,neutral,neutral,neutral,neutral
heb6cb6,Yes we do,46,1,1632631826.0,,False,neutral,positive,neutral,neutral
hebbf35,[deleted],23,1,1632634886.0,,False,neutral,neutral,negative,neutral
hec99ld,I’ve never seen this. Can someone please explain the rules to me?,1,1,1632660252.0,MantisAwakening,False,negative,negative,neutral,negative
hechefj,we do,1,1,1632664407.0,itsnotme23343,False,neutral,neutral,neutral,neutral
hecyjbh,"Rich smirk  from 7th grade : look at this a ball point Parker classic ! It will erase your pen , *mf*",1,1,1632672018.0,dgnoob18,False,positive,neutral,positive,positive
hehyps7,"Yes the game is eternal !

Though I wonder about that tipi tipi tap thingy",1,1,1632766414.0,21022018,False,positive,positive,positive,positive
hebpn0k,"Fuck yeah, me too! [This youtuber actually animated a pen fight in his video and it's pretty sick ngl](https://youtu.be/tEvdUSyF_5I)",8,1,1632645546.0,colossal_fool,False,positive,positive,negative,positive
hebicta,pen fights were something we used to play in school. Your objective is to flick your pen to hit other pens and push them off the desk. You can attach accessories to them as well.,37,1,1632639779.0,ANGSHUMANDHAR,False,neutral,neutral,neutral,neutral
hef65ni,[Pen fight video!](https://youtu.be/RIAMiNwc4Go?list=LL&t=183),3,1,1632706339.0,,False,neutral,neutral,neutral,neutral
hebat02,"""The tasteful thickness of it. Oh my god it even has a rubber tip""",22,1,1632634495.0,nxjxn_69,False,positive,positive,negative,positive
hebxsvi,Good to see I wasn’t the only one who immediately thought of that,2,1,1632652469.0,runealex007,False,positive,positive,positive,positive
heb7bco,"Yes i do. I work with a few different styles

My instagram account is eclipse_2196",23,1,1632632392.0,ANGSHUMANDHAR,False,neutral,neutral,neutral,neutral
heb7oeg,We had a rule where you could add 1 modification for each win.,28,1,1632632607.0,ANGSHUMANDHAR,False,neutral,neutral,neutral,neutral
hequ6st,"sameeeeeeee

though now I have an idea of how to play this game, wish I played it with my friends when I was younger",2,1,1632935727.0,CreativeNameIKnow,False,positive,neutral,positive,positive
heb5na2,"no, unfortunately I don't.",7,1,1632631405.0,ANGSHUMANDHAR,False,negative,negative,negative,negative
heb6rwq,"ADD Gel, that cheater has a gold capped ADD Gel.",16,1,1632632085.0,,False,negative,negative,neutral,negative
heb75qp,Right one is a montex mercury,9,1,1632632300.0,ANGSHUMANDHAR,False,neutral,neutral,positive,neutral
heb70oo,Left one is using Add gel 🙂,6,1,1632632218.0,DaKeiser,False,neutral,neutral,neutral,neutral
heb7qmu,"No, he’s my college senior, Debjyoti Saha.",11,1,1632632643.0,ANGSHUMANDHAR,False,neutral,neutral,neutral,neutral
hebegx4,Its a scale wedged between the cap and the pin.,10,1,1632636940.0,ANGSHUMANDHAR,False,neutral,neutral,negative,neutral
hec6oao,coz it drinks redbull,2,1,1632658709.0,A_random_zy,False,neutral,neutral,neutral,neutral
hed6uc2,wow! Very cool story.,3,1,1632675496.0,ANGSHUMANDHAR,False,positive,positive,positive,positive
hebboso,thank you,2,1,1632635062.0,ANGSHUMANDHAR,False,positive,positive,positive,positive
hequh2s,Thank you so much!,2,1,1632935845.0,ANGSHUMANDHAR,False,positive,positive,positive,positive
hebh15k,Yes,1,1,1632638779.0,ANGSHUMANDHAR,False,positive,positive,neutral,positive
hebjb2y,About 7 years now.,1,1,1632640486.0,ANGSHUMANDHAR,False,neutral,neutral,neutral,neutral
heboem2,"The game is Pen Fight.

Turn-based game usually played in rough terrain full of holes (indian school benches). You whack your pen about turn-by-turn (similar to striking in carrom) and whoever knocks the other person's pen out of the playing field wins",5,1,1632644531.0,zhawadya,False,neutral,neutral,neutral,neutral
heboqoa,"Its pen fight. Each put their pen on the table, with each turn one has to flick their pen to try to make others' fall off the bench",1,1,1632644803.0,Nik_692,False,neutral,neutral,neutral,neutral
hebo5at,It is,2,1,1632644321.0,ANGSHUMANDHAR,False,neutral,neutral,positive,neutral
hebs0uz,you place your pens on a flat surface. Then flick your pen to hit others. You win when the opponents pen falls out.,2,1,1632647545.0,ANGSHUMANDHAR,False,neutral,neutral,neutral,neutral
hec10ls,thank you,1,1,1632654950.0,ANGSHUMANDHAR,False,positive,positive,positive,positive
hec1iah,yes,1,1,1632655315.0,ANGSHUMANDHAR,False,positive,neutral,neutral,neutral
hecds5z,Thanks!,1,1,1632662702.0,ANGSHUMANDHAR,False,positive,positive,positive,positive
heck2y5,Thank you!,2,1,1632665648.0,ANGSHUMANDHAR,False,positive,positive,positive,positive
hecsowg,Thank you!,1,1,1632669506.0,ANGSHUMANDHAR,False,positive,positive,positive,positive
hect72n,Hopefully it did.,1,1,1632669726.0,ANGSHUMANDHAR,False,positive,positive,positive,positive
hgg00tt,Thank you!,1,1,1634097817.0,ANGSHUMANDHAR,False,positive,positive,positive,positive
hkgmo02,True man!,2,1,1636815026.0,ANGSHUMANDHAR,False,positive,positive,positive,positive
hec1m6h,its a game where you flick your pens to hit other pens so that they fall down.,1,1,1632655394.0,ANGSHUMANDHAR,False,neutral,neutral,neutral,neutral
hebqgjx,"yes i do, i played that. Thanks a lot!",2,1,1632646224.0,ANGSHUMANDHAR,False,positive,positive,positive,positive
hebiy5f,yes they are children i sure hope they are virgins,11,1,1632640215.0,Biobak_,False,negative,negative,positive,negative
hebex4b,thanks for letting us know you had no childhood,8,1,1632637257.0,tuktuk0306,False,negative,negative,positive,negative
hebgzn2,Ok borutard,1,1,1632638749.0,saisketches,False,neutral,negative,neutral,neutral
hebn7ig,Pedo,1,1,1632643546.0,,False,neutral,negative,positive,neutral
hebfhw6,Were you ever a child ?,0,1,1632637675.0,LucienSatanClaus,False,neutral,neutral,neutral,neutral
heblcdr,[deleted],2,1,1632642046.0,,False,neutral,neutral,negative,neutral
hebo6yn,"Yeah, its eclipse_2196",1,1,1632644360.0,ANGSHUMANDHAR,False,neutral,neutral,neutral,neutral
heboji2,"Each put their pen on the table, with each turn one has to flick their pen to try to make others' fall off the bench",1,1,1632644642.0,Nik_692,False,neutral,neutral,neutral,neutral
hebqe8p,yep!,2,1,1632646169.0,ANGSHUMANDHAR,False,positive,neutral,neutral,neutral
hebqh7z,pen fight,1,1,1632646240.0,ANGSHUMANDHAR,False,neutral,neutral,neutral,neutral
hec1596,pen fight,1,1,1632655048.0,ANGSHUMANDHAR,False,neutral,neutral,neutral,neutral
hec6tc5,you can try XP pen.,1,1,1632658796.0,ANGSHUMANDHAR,False,neutral,neutral,neutral,neutral
hedd2b7,"Yes, montex mercury",1,1,1632677976.0,ANGSHUMANDHAR,False,neutral,neutral,neutral,neutral
hebfjvz,[deleted],87,2,1632637715.0,,False,neutral,neutral,negative,neutral
hebt7z6,Your writing style is amazing,70,2,1632648617.0,sid_raj7,False,positive,positive,positive,positive
hebtf5m,You are good storyteller.,50,2,1632648794.0,chandola93,False,positive,positive,positive,positive
hebq9ou,That's some anime shit😂,78,2,1632646066.0,Nik_692,False,negative,negative,neutral,negative
hec6tbc,Amazing writing style. Got me hooked.,18,2,1632658796.0,Suspicious-Wallaby12,False,positive,positive,positive,positive
hecaua3,">apple of weapens.

Pun intended?",1,2,1632661154.0,Agent-Reddit_2419,False,neutral,neutral,neutral,neutral
hechjey,Amazing narration. Got me hooked on,1,2,1632664473.0,RagnAROck_and_Roll,False,positive,positive,positive,positive
heciypz,Girls went extinct around 1700’s you ain’t fooling anyone.,1,2,1632665131.0,SpecificChemistry999,False,negative,negative,negative,negative
hecjhxz,lmao. This happened to me with hand cricket. I'd observe for a few days then I went in and I was a natural (not boasting hem hem) eventually went up the ladder and guys generally started liking me and felt chill around me. I felt so cool,1,2,1632665378.0,Lachimolala_yoonji,False,positive,positive,positive,positive
hed3om9,Beautiful storytelling. You should check out r/WritingPrompts.,1,2,1632674149.0,cleverberrynavissa,False,positive,positive,positive,positive
hegk08o,"Bhai, that was refreshing to read. Nice way of presenting it :)",1,2,1632742201.0,Lauladance,False,positive,positive,positive,positive
hehy10f,Wow,1,2,1632766096.0,21022018,False,positive,positive,positive,positive
hgzzf91,"Your way of storytelling is amazing! By the way we had this rule in our school that you cannot eliminate the opponent in the first turn . We also had weight categories ( heavy fountain pens weren't allowed to fight with cheap ballpoint pens) , which made this game much more enjoyable.",1,2,1634487517.0,Revolutionary-Fan471,False,positive,positive,positive,positive
hebl7qb,What girls? I only know female grills,20,2,1632641948.0,HeathCliff_008,False,neutral,neutral,neutral,neutral
hecizci,we chad,1,2,1632665139.0,Lachimolala_yoonji,False,neutral,neutral,neutral,neutral
hebf62z,Yep. I had a friend who stuck magnet to his pen so it wouldn't move on a steel bench.,95,2,1632637440.0,HariPota4262,False,neutral,neutral,neutral,neutral
hebbg4c,Cell gripper..  I don't remember it was pretty good..,21,2,1632634906.0,semimaniac,False,neutral,negative,positive,neutral
hef4fyw,Upgrades People UPGRADES!,4,2,1632705561.0,FeuledByCaffeine,False,neutral,positive,positive,positive
hebpr04,Two strokes and your pen is leaking. Hmmm.,54,2,1632645636.0,okayestguyever,False,negative,negative,negative,negative
hebr42f,[deleted],10,2,1632646775.0,,False,neutral,neutral,negative,neutral
hebpowu,"Thanks for keeping the legacy alive, young one!",18,2,1632645590.0,colossal_fool,False,positive,positive,positive,positive
hecqfw3,"Proud of you, son",3,2,1632668513.0,moojo,False,positive,positive,positive,positive
hebjptq,We used to have tournaments with winner gets free petis(puffs).,12,2,1632640795.0,Lonely-Suggestion-85,False,neutral,neutral,neutral,neutral
hefexle,"We used to have an arsenal of pens just for this. Still remember a fucker who used to bring a fountain pen with a thick pocket holder. That monstrosity was so difficult to even budge, let alone defeat.",2,2,1632710787.0,ratishinc,False,negative,negative,negative,negative
hee4oq0,everyone sits around the table with each of their pens on it. your goal is to yeet everyone else's pen off the table. last pen standing wins. you attack by flicking your pen towards another one. you gotta make sure that your own pen doesnt fly off the table though,1,2,1632689020.0,kaidynamite,False,neutral,neutral,positive,neutral
hecoge3,Ahh! That sounds like fun. We would smack each others knuckles with pencils or smack each others pencils.,10,2,1632667625.0,umbrajoke,False,positive,positive,positive,positive
hebir6y,Is there a video example you can link?,3,2,1632640070.0,qpv,False,neutral,neutral,neutral,neutral
heb7w8f,Thank you. Please keep posting your art. You are really talented!,15,2,1632632736.0,netbie_94,False,positive,positive,positive,positive
heb7ud9,Instagram?,5,2,1632632705.0,,False,neutral,neutral,neutral,neutral
heb70xd,I have never use an ADD so I didnt knew how they looked lol.,4,2,1632632222.0,,False,neutral,neutral,neutral,neutral
heb9tkz,"Montex team, let's go!!",3,2,1632633878.0,,False,positive,positive,neutral,positive
hebjlty,Was that the one that measured (or at least claimed to measure) the distance you wrote with it?,1,2,1632640714.0,scholeszz,False,neutral,neutral,neutral,neutral
heb7teo,"Ayy lol I was close.

Phenomenal artwork man. Lovin' it!",10,2,1632632689.0,,False,positive,positive,positive,positive
hebemg3,Isn't that cheating?,2,2,1632637047.0,lundfakeer69,False,negative,negative,negative,negative
hed8amr,"Thanks, and great art btw, love the details! You could do some great comic strips too.",2,2,1632676109.0,caramelio,False,positive,positive,positive,positive
her3cac,You're welcome! :D,2,2,1632939471.0,CreativeNameIKnow,False,positive,positive,positive,positive
hebpgd8,thank you,1,2,1632645394.0,sevit,False,positive,positive,positive,positive
hebpg2n,thank you,1,2,1632645387.0,sevit,False,positive,positive,positive,positive
hebonvf,"Girls do play pen fight, or atleast spectate, idk what's wrong with all the people pointing that out lol",2,2,1632644741.0,Nik_692,False,negative,neutral,neutral,neutral
hebfnc1,"Ah, I was really concentrated on the action, didn't notice that girl!",30,3,1632637783.0,thewannabetraveller,False,neutral,neutral,neutral,neutral
hed4nu9,That looks like the teacher 🤣🤣,1,3,1632674567.0,artwilwarin,False,neutral,neutral,neutral,neutral
hed0xpf,Thanks! :),5,3,1632672999.0,LittleOneInANutshell,False,positive,positive,positive,positive
hec8ech,Thanks! :),9,3,1632659740.0,LittleOneInANutshell,False,positive,positive,positive,positive
hed0wy5,"Lol, I guess OPs artwork rubbed off on the storytelling",12,3,1632672990.0,LittleOneInANutshell,False,neutral,neutral,neutral,neutral
hhqr6nx,Reminded me of anime Non Non Biyori where the class have (measuring)ruler fight.,1,3,1634997857.0,alexsdu,False,neutral,neutral,neutral,neutral
hec8b67,Haha thanks ;),12,3,1632659688.0,LittleOneInANutshell,False,positive,positive,positive,positive
hecd6k0,"Yes, wea-pen lel",1,3,1632662393.0,LittleOneInANutshell,False,neutral,neutral,neutral,neutral
hed5ks9,💯💯,2,3,1632674961.0,perhapsboy,False,positive,neutral,neutral,neutral
hebfk3x,That's cheating!,57,3,1632637719.0,Euphoric_Try8501,False,negative,negative,negative,negative
hebkrp2,I coiled a metal wire around the ink tube. Felt smart. But my 7th class brain told me to show it off after a winstreak. Then I got disqualified from playing lol.,29,3,1632641612.0,sawucomin18,False,neutral,neutral,neutral,neutral
hebjg1i,Bro people used to fill wet sand in parker pens so that its would weigh more.hitting those pens were hard as they would barely move,24,3,1632640591.0,Lonely-Suggestion-85,False,negative,neutral,negative,negative
hebetyl,"Or you brought that one really heavy metal body pen. That pen sucked for writing anything, but was a monster in pen-fighting. It wouldn't budge at all.",27,3,1632637194.0,Shiroyasha90,False,negative,negative,negative,negative
hebq220,Yup i exactly knew what i was saying,21,3,1632645893.0,Nik_692,False,neutral,positive,neutral,neutral
hebtgti,thats what she said,10,3,1632648832.0,DolundDrumph,False,neutral,neutral,neutral,neutral
hecjt6q,r/firsthandexperience,5,3,1632665523.0,ChanChanMan09,False,neutral,neutral,neutral,neutral
hebrcuw,"I did, but i always lost my pens xD",1,3,1632646980.0,Nik_692,False,negative,negative,negative,negative
hecidck,Alu or paneer?,1,3,1632664867.0,The_Shook_Mulberry,False,neutral,neutral,neutral,neutral
hebl66r,[https://www.youtube.com/watch?v=X2k5nX5FasU](https://www.youtube.com/watch?v=X2k5nX5FasU) Here you go,19,3,1632641915.0,Critical-Machine-524,False,neutral,neutral,neutral,neutral
hf4j1e2,"Do NOT tell these westerners... THey will make a game out of it patent it and sell it to you! Poof ! your brilliant idea ! Gone!

case in point  : ANGRY BIRDS!",1,3,1633198558.0,neelkoss,False,negative,negative,positive,negative
heb86xv,eclipse_2196,9,3,1632632917.0,ANGSHUMANDHAR,False,neutral,neutral,neutral,neutral
hebjxuk,"Nope, it was a normal pen",1,3,1632640964.0,ANGSHUMANDHAR,False,neutral,neutral,neutral,neutral
hec71ka,"That was Flair Write, or similar sub name. The one that claimed to write 10000 metres.",1,3,1632658937.0,TheAnonymouseJoker,False,neutral,neutral,neutral,neutral
hebf9de,Yep. But we had a rule where you could add one accessory for every win. Rules were different in different schools,8,3,1632637505.0,ANGSHUMANDHAR,False,neutral,neutral,neutral,neutral
hebhfat,Now we all know you are the guy in the middle,37,4,1632639073.0,Bikquerel298,False,neutral,neutral,neutral,neutral
hebi92v,Nope innovation,55,4,1632639700.0,d_11,False,neutral,neutral,neutral,neutral
hebjno9,Ive seen people strap aaa batteries to pens so theyd weight heavy,16,4,1632640752.0,HariPota4262,False,neutral,neutral,neutral,neutral
hec45ty,"But it would hurt your finger tips as well, a light pen with a uniball click gel grip would dominate any fight",1,4,1632657117.0,giggs1800,False,negative,neutral,neutral,neutral
heclety,"Aloo is 20 and panner was 35 but we only had 20rs as budget so it was aloo

Edit: entry fees was 1 rs per person and there were 20 to 22 of us who played regularly, we literally had these tournament daily for the full of my 7th and 8 th std.i remember winning continuously for a week and losing for a whole year till the next win.",3,4,1632666262.0,Lonely-Suggestion-85,1632666506.0,neutral,neutral,neutral,neutral
heblvkc,Ha!  So simple and clever.  Looks like fun.  I can see how different pens would have advantages.,18,4,1632642476.0,qpv,False,positive,positive,positive,positive
hebocs2,"Ah thanks, I was wondering the same thing.",5,4,1632644490.0,Aselleus,False,positive,positive,positive,positive
heb95pm,You should watermark this or put it in the drawings. I was scrolling down to find your social,9,4,1632633478.0,oldmauvelady,False,neutral,neutral,neutral,neutral
hebiip3,Don't call me out like this lol,17,5,1632639899.0,thewannabetraveller,False,negative,negative,neutral,negative
heboedk,Is what the cheater would say,30,5,1632644525.0,nopracticenochill,False,negative,negative,negative,negative
hebowus,"We didn't really care about that much, it is just to have fun and not that competitive. Moreover, its much more based on skills imo",19,5,1632644942.0,Nik_692,False,neutral,neutral,neutral,neutral
heba5d1,I have a watermark on this illustration. but someone mentioned it being too small.  Its in the bottom right corner,7,5,1632634080.0,ANGSHUMANDHAR,False,neutral,neutral,neutral,neutral
hebs8tr,"for these reasons we used to follow the rule - if your move doesn't touch another pen, except for the first move, you're out. this ruled made it so that a person wouldn't avoid fights.",12,6,1632647741.0,eXplosivO_,False,neutral,neutral,neutral,neutral
hebb4c7,"Watermark as in with your insta handle or your full name so that if this is circulated or shared outside, people with know whom to search for to reach you. You have a great insta page too!",9,6,1632634695.0,oldmauvelady,False,positive,positive,positive,positive
hedlxeu,"Wow, so intricate. Our school strictly banned pen fights when I was in sixth :(  Had to play with my homies on the bus stop",4,7,1632681419.0,nopracticenochill,False,negative,negative,neutral,negative
hebb7te,"okay, got it. Thanks a lot.",4,7,1632634757.0,ANGSHUMANDHAR,False,positive,positive,positive,positive
