Comment ID,Comment Text,Comment Score,Comment Depth,Created Timestamp,Author,Edited,Semantic Label,Semantic Label 2,Semantic Label 3,Major_Semantic
iheijau,"India's 19 year wait for a medal at the World Athletics Championships has finally come to an end, thanks to Neeraj Chopra as he won a silver medal in the Men's Javelin event. Anju Bobby George had won India's first ever medal, a bronze in long jump in 2003.

Edit : spelling",555,0,1658631442.0,Ruga96,1658633086.0,positive,positive,neutral,positive
ihepzxq,He's gone full hero mode,212,0,1658635449.0,Lullan_senpai,False,positive,positive,positive,positive
ihercwr,[removed],378,0,1658636224.0,,False,neutral,neutral,negative,neutral
ihewo8h,Both Anderson Peters and Neeraj Chopra are 24 years old. This will be one good rivalry.,178,0,1658639416.0,Huge-Physics5491,False,positive,positive,positive,positive
ihenz34,"I don't know if people realize this often but ≈90 m is a lot 
It's phenomenal he does it so consistently",331,0,1658634329.0,Aryamanch14,False,positive,positive,positive,positive
iheov4c,He is consistently consistent,206,0,1658634820.0,space_biff_,1658635513.0,positive,positive,positive,positive
iherd5x,Making history everywhere - That's Neeraj Chopra for you.,51,0,1658636229.0,CondensedGas,False,positive,positive,positive,positive
iheukjy,"For those who haven't been following, Rohit Yadav was the other Indian in the final and finished tenth overall.

A total of 6 athletes across 5 different disciplines qualified for the final which is twice as many as our previous best. M Sreeshankar (long jump) and Annu Rani (javelin throw), both finishing seventh, had the second best finish among Indian athletes. 

Exciting times for Indian athletics!",34,0,1658638112.0,,1658641866.0,positive,positive,positive,positive
ihela56,"Consistently winning either gold or silver medals in competitions all around the world, such consistency, nothing less expected from such a beast.",68,0,1658632881.0,DR_Styles,False,positive,positive,positive,positive
iheu1qy,It still amazes me how he immediately knows after that it's gonna be a winning throw,80,0,1658637797.0,No_Shallot6937,False,positive,positive,neutral,positive
iherczq,"I just saw a video, what shocked me more is that his coach is the best javelin thrower ever. That guy still has the world record and he threw a javelin so far that the Olympics committee had to increase the weight of a javelin so that in the future the javelin doesn’t cross the field and go into the crowd. And because of this it’s extremely unlikely that his record will be broken ever",84,0,1658636226.0,Relative-Dot-3768,1658636437.0,positive,neutral,neutral,neutral
iheiaip,Credits : [IndiaSportsHub Twitter](https://mobile.twitter.com/IndiaSportsHub/status/1551033484335976448),17,0,1658631316.0,Ruga96,False,neutral,neutral,neutral,neutral
ihevqfq,Congratulations Neeraj. Expectations are so high that some people are slightly disappointed about not breaching 90 and getting silver. This is unimaginable even 2 years before - Neeraj is truly a gift we should cherish,15,0,1658638828.0,rstheboss,False,positive,positive,positive,positive
ihesos4,"Damn.. Throught he would bag the gold. I know it's expecting too much, but still the lad is extremely talented. Here's hoping he does it in the Commonwealth games.",55,0,1658636993.0,Parktrundler,False,positive,positive,positive,positive
ihern4c,"I remember people being critical of how his victory in the Olympics was celebrated with such pomp, saying that the way he had become a brand would negatively affect (maybe even lead to the downfall of) his sporting career.


Well, haters, here he is.",45,0,1658636386.0,ThisIsAMitochondria,False,negative,negative,negative,negative
iheotyz,As a nation this should be one of our focus areas.. sports and medals. Not shivling and mosques,96,0,1658634802.0,Odd_Junket,False,neutral,neutral,neutral,neutral
iheo9ar,Awesome,6,0,1658634485.0,wah_modiji,False,positive,positive,positive,positive
iheut1m,This guy is a different gravy 🙌🏼,7,0,1658638256.0,Sumi5408,False,positive,neutral,positive,positive
iher2vn,"As an Indian, I want him to do better, there are 6 other active players who've crossed the 90m mark in their careers but Neeraj hasn't. All the best neeraj for that day!",28,0,1658636065.0,Ill_Fisherman8352,1658636945.0,positive,positive,positive,positive
ihexgpc,This guy is consistent. Proves once again his Olympic medal wasn’t a fluke.,29,0,1658639923.0,DinnerJoke,1658651627.0,positive,positive,positive,positive
ihers23,Who won the Gold ?,5,0,1658636464.0,B3_CHAD,False,neutral,neutral,neutral,neutral
iheuy6k,"Truly a world-class athlete,his consistency is remarkable.I truly hope he crosses the 90m mark.",5,0,1658638343.0,Revolutionary_Cat_72,False,positive,positive,positive,positive
iheur73,For every time a leader fucks up in our country this boy bags another medal for the nation …. There are only few who have 0 haters in our country he will be among them,16,0,1658638224.0,Forsaken-Garage-676,False,negative,negative,negative,negative
ihewuds,He has been phenomenal throughout👍,3,0,1658639526.0,mayank_1002,False,positive,positive,positive,positive
iheplr8,"Thank You Modi ji for inspiring Neeraj Chopra.
Ap se lambi koi fek nahi sakta !!",10,0,1658635232.0,Haunting_War_,False,positive,positive,positive,positive
ihewvyg,Very proud moment....,2,0,1658639555.0,subzero102,False,positive,positive,positive,positive
ihex9qk,confidence💯,2,0,1658639799.0,blacktea97,False,positive,neutral,neutral,neutral
iheyw2h,Goosebumps !!,2,0,1658640851.0,Akki8888,False,positive,positive,neutral,positive
ihf5l0d,He is godly.,2,0,1658645624.0,hiwassupiamfine,False,positive,positive,positive,positive
ihf6xr0,Ek hi to dil h ....kitni baar jeetoge neeraj bhaii❤️❤️,2,0,1658646661.0,IssieSenpai,False,positive,neutral,neutral,neutral
ihff2sq,Fantastic throw!  Congratulations from Australia.,2,0,1658653193.0,Ariadnepyanfar,False,positive,positive,positive,positive
ihfhrz7,"Latth gaad diya chorre rai 🔥🔥One of the best athlete and sportsman if not the best from India ever. My man has Now
1) Gold in Commonwealth Games
2)Gold in Asian Games
3) Gold in Asian Championships
4) Gold in Fucking Olympic 
5) Silver in World Championships
6)Gold in South Asian games
7) Gold in Junior World Championships",2,0,1658655467.0,heisenbergTJ,False,positive,positive,positive,positive
ihfxo7m,Congratulations India!!! Way to go Neeraj Chopra.,2,0,1658666917.0,nabh2930,False,positive,positive,positive,positive
iheotgz,Feeling proud indian army,3,0,1658634795.0,suckmydukhpls,False,positive,positive,positive,positive
ihf10sc,"Now this is something to be proud about, not the stupid miss universe",2,0,1658642297.0,MemeKnowledge_06,False,positive,neutral,negative,neutral
ihfsfv9,Didn't knew r/india could appreciate things,2,0,1658663684.0,SheepherderPrevious5,False,neutral,positive,neutral,neutral
iherhp1,[removed],-15,0,1658636302.0,,False,neutral,neutral,negative,neutral
ihelp2s,Generational talent. But it’s kinda pathetic for a country of 1.4 billion people to only have few international athletes (cricket does not count). Also why tf the national teams and athletes wear the trash Performax brand. Why not Nike or Adidas.,-25,0,1658633105.0,scopenhour,False,negative,negative,negative,negative
ihex1oy,I hope the Government will wake up from their political dreams and pay some more attention to other game and sports and not just cricket. With a huge population like India it's so saddening to know that we've very few athletes who can give world class performance. And I don't blame the mass for this coz I know there are people with talents. But they don't have the facilities and about which the government doesn't give a shit about.,-1,0,1658639655.0,Kazesama13k,False,negative,negative,neutral,negative
ihf05v2,this skill ought to come in handy during battle once the 1400's finally get here.,0,0,1658641708.0,,False,positive,positive,positive,positive
ihfditl,So do they measure from the throw point or the line?  Seems like he could have gotten a few more feet if it was the line and he was closer to it.,0,0,1658651915.0,IHateYuumi,False,neutral,neutral,neutral,neutral
ihixc3f,We need to invest in other sports too not just cricket,0,0,1658714390.0,Vegetable_Duck1305,False,neutral,neutral,neutral,neutral
ihfw7nz,Some many Jokes flew through my mind but I Don't want to be canceled...,-1,0,1658666061.0,No_Carry_3028,False,negative,neutral,neutral,neutral
ihf8bou,Thanks to his sister Priyanka,-2,0,1658647765.0,Rolan_UA,False,positive,positive,positive,positive
ihg46lj,[deleted],-2,0,1658670312.0,,False,neutral,neutral,negative,neutral
ihfxwqu,"Nita Ambani also congratulated him, so it must be a pretty big deal",-4,0,1658667049.0,,False,positive,positive,positive,positive
ihevj18,"No disrespect, but why would anyone watch this sport? It's so boring after a point.",-16,0,1658638699.0,awwficial,False,negative,negative,negative,negative
ihex5pn,Lamar would have beat him with his limp-wristed throwing style and Wermser's aerodynamic engineering IQ.,-8,0,1658639727.0,hallhoff,False,neutral,neutral,neutral,neutral
ihexe9f,Gold kyu nahi laya beta.,-7,0,1658639880.0,comeofage,False,neutral,neutral,positive,neutral
ihf9iay,"LMAO, the german guy was not injured this time, so no gold for india ....",-8,0,1658648705.0,Bu1ne4a55e1ectr0n1c5,False,neutral,neutral,negative,neutral
ihf1t4o,He will stop scam call centres,-9,0,1658642849.0,Mammoth_Outcome2463,False,neutral,neutral,neutral,neutral
ihezdfe,Good that he continues to pay attention to the sport and not fame and all the frivolous things that it brings!,1,0,1658641175.0,LonelyChatterbox69,False,positive,positive,positive,positive
ihf0pl5,Let's gooo,1,0,1658642081.0,voiletfalcon36,False,positive,positive,positive,positive
ihf17jw,Didn't even impale the guy like that other video.,1,0,1658642431.0,imgprojts,False,negative,negative,negative,negative
ihf27y2,"That's awesome.
What a champ.",1,0,1658643143.0,pendanathan,False,positive,positive,positive,positive
ihf5lf5,He just keeps on giving,1,0,1658645633.0,rahulrikhadi2003,False,positive,positive,neutral,positive
ihf6wws,"The real ""Bullseye""!",1,0,1658646644.0,spacebound134,False,negative,neutral,neutral,neutral
ihf7f22,next he will cross the 90m mark,1,0,1658647039.0,Confidence_Awkward,False,neutral,neutral,neutral,neutral
ihf92sx,Gg,1,0,1658648362.0,Squ1d0ne,False,neutral,neutral,neutral,neutral
ihfbd70,[Sab golgappe ka kamaal hai](https://imgur.com/a/e4Op1pz),1,0,1658650169.0,Buzobuzobuzo,False,neutral,neutral,neutral,neutral
ihfd2b1,Krishna Ronaldo,1,0,1658651538.0,arunjetley,False,neutral,neutral,positive,neutral
ihfdrfz,Holy crap,1,0,1658652106.0,Big_4blow,False,negative,positive,negative,negative
ihfdwgm,Lesssgoooo!!!!!,1,0,1658652219.0,A_Confused_M1nd,False,positive,positive,neutral,positive
ihffdhz,Hot guy that is for sure.,1,0,1658653436.0,Jimmack576,False,positive,positive,positive,positive
ihffry8,"I have thrown javelin and my god it’s so tough, and the way Neeraj does it so flawlessly. Amazing job.",1,0,1658653775.0,No-Strawberry7,False,positive,positive,positive,positive
ihfigvg,Thank you .... /s,1,0,1658656046.0,PoliteGhostFb,False,positive,positive,positive,positive
ihfleu0,"India has billion people, its strange country not getting constant golden medals and beeing top 1",1,0,1658658514.0,onlyomaha,False,neutral,neutral,negative,neutral
ihfp77v,Biopic loading,1,0,1658661432.0,SnooComics9938,False,neutral,neutral,negative,neutral
ihft17q,amazing throw... how far was he from the gold ? Indias pride.. congratulations Neeraj,1,0,1658664071.0,,False,positive,positive,positive,positive
ihfvt57,"Way to go, Neeraj Chopra!",1,0,1658665820.0,Mrstrawberry209,False,positive,positive,neutral,positive
ihfxnb6,How are a billion people not excelling at the Olympics? There’s gotta be winners in there.,1,0,1658666903.0,ElenorWoods,False,negative,negative,neutral,negative
ihg2ai4,Congrats to Neeraj!,1,0,1658669421.0,Beautiful-Land-4464,False,positive,positive,positive,positive
ihgj680,He is on god mode,1,0,1658676904.0,WarmIndependent2424,False,positive,positive,positive,positive
ihglw7r,proud,1,0,1658678058.0,The_secret_guy_17,False,positive,positive,positive,positive
ihgt7f2,Proud to be an Indian after reading this one!,1,0,1658681113.0,LowOk2203,False,positive,positive,positive,positive
ihgvr8z,Ror boy,1,0,1658682176.0,,False,neutral,neutral,positive,neutral
ihgwxfx,But that dick pouch though!,1,0,1658682672.0,GoodVibez1337,False,negative,negative,neutral,negative
ihh4ch0,Proud moment,1,0,1658685766.0,Own-Maintenance-3990,False,positive,positive,positive,positive
ihh5oqz,Chad Chopra,1,0,1658686331.0,dadarknight07,False,neutral,neutral,neutral,neutral
ihhaa70,Congrats 🥳,1,0,1658688251.0,Rocking-RaJ,False,positive,positive,positive,positive
ihhpg0d,❤️🙏🏻🙌Jai Hind proud of you champ,1,0,1658694672.0,sanket2000,False,positive,positive,positive,positive
ihhpuz3,Hope more medals come after this.,1,0,1658694846.0,,False,positive,positive,positive,positive
ihhyy3g,"If he knows to market himself, he can make insane amount of money in the next few years.",1,0,1658698631.0,Weary_Horse5749,False,positive,positive,negative,positive
ihiff9j,90m mark todna hai bhai .... results doesn't matter..,1,0,1658705922.0,Strict-Ad-3940,False,neutral,neutral,positive,neutral
ihifma7,u/Savevideo,1,0,1658706012.0,Strict-Ad-3940,False,neutral,neutral,neutral,neutral
ihinkam,The scream at throw,1,0,1658709755.0,Heavy-Ad6689,False,neutral,neutral,negative,neutral
ihj3x05,Shopra🤦,1,0,1658717604.0,pedo_hamster,False,negative,neutral,neutral,neutral
ihonw4i,Champ,1,0,1658817949.0,charismaticEVIL,False,neutral,neutral,positive,neutral
iimatrj,GOOD,1,0,1659428953.0,NoRadin-4934,False,positive,positive,positive,positive
ik4sfwo,**Indeed**,1,0,1660401554.0,riazhowlader,False,neutral,neutral,neutral,neutral
ihfg3fd,Asia is doing quite well in general this year. Good to see.,26,1,1658654041.0,tommos,False,positive,positive,positive,positive
ihesqrg,Looks toh iss field me bhi chahiye :),58,1,1658637025.0,Ill_Fisherman8352,False,positive,neutral,neutral,neutral
ihjgslo,Neeraj is an excellent chance for Indians to get as many medals as possible in all the significant events. The government should support him fully and he will surely inspire generations.,2,1,1658724698.0,craj2027,False,positive,positive,positive,positive
ihewvbz,Indeed !,31,1,1658639544.0,Ruga96,False,positive,neutral,positive,positive
ihfgcly,They were part of the same U20 WC edition. Neeraj actually still has an upper hand in H2H but Peters has broken the psychological barrier of the 90m (93 infact).,30,1,1658654258.0,_ronty12_,False,neutral,neutral,negative,neutral
ihglh82,Looking at Peters he's gone from throwing 82m in the Olympics to 90m and above regularly in 2022. That's a ridiculous improvement in 2 years. Neeraj definitely will breach 90m but it will be a tough fight. But the nature of sport at this level is its very tough to keep a sustained performance.,20,1,1658677883.0,Coronabandkaro,False,neutral,neutral,neutral,neutral
ihf2e3q,"Yeah, though currently Peters has the edge, hopefully Neeraj gets him in the future.",7,1,1658643268.0,Mob_Abominator,False,positive,positive,positive,positive
ihepq5h,Can you tell me how rare is it in cricket terms?,80,1,1658635298.0,VespasianTheMortal,False,neutral,neutral,positive,neutral
ihf3szf,"For Americans, that's 5 feet shy of a football field.",4,1,1658644297.0,NJ_Legion_Iced_Tea,False,neutral,neutral,neutral,neutral
ihf3bud,"Men's 4*400 was the only real disappointment. They broke the asian record last year, yet finished last in the heats here in Oregon.",8,1,1658643948.0,IndraSB,False,negative,negative,neutral,negative
ihf65es,Practice. He knows that it was his best shot.,30,1,1658646057.0,ishanG24,False,positive,positive,positive,positive
ihhxtxl,Thinking from the end - Neville,2,1,1658698162.0,tiddu,False,neutral,neutral,neutral,neutral
ihetx3x,"Uwe Hohn, the guy you're talking about, hasn't been Neeraj's coach since 2019. Neeraj has been working with Klaus Bartonietz since then.",49,1,1658637719.0,,False,neutral,neutral,neutral,neutral
ihgg073,Uwe horne.   Yup.,2,1,1658675544.0,aaarya83,False,neutral,neutral,neutral,neutral
ii0kbgg,Silver is amazing.,2,1,1659029064.0,capellacopter,False,positive,positive,positive,positive
ihevv3f,"A silver in Worlds is a massive achievement, the level of competition in Commonwealth is much lower. He already has a Commonwealth Gold btw, and is the favorite this time as well. However, the field here is much stronger and a silver in Worlds holds much higher significance than a gold in Commonwealth.",61,1,1658638906.0,Ruga96,False,positive,positive,positive,positive
ihgloo1,Can't be ashamed to come 2nd to a guy who threw above 90 3 times. Peters is having an incredible season.,1,1,1658677970.0,Coronabandkaro,False,positive,positive,positive,positive
ihexhbm,And haters were not wrong. He gained 15kg after Olympics because celebration did affect negatively on his body. Even he admitted that his body is not in same shape as it was in Tokyo. But neeraj fought hard. Those were not haters but true supporters unlike plastic fans who only follows these atheletes once a year like today.,28,1,1658639934.0,vipan28rana,False,neutral,neutral,negative,neutral
ihgn70z,"He fully deserves all the accolades and money and whatever he gets. An Olympic gold is the pinnacle of an athletes career and he's achieved it at such a young age. Also being the first indian athletics gold will go a long way in inspiring kids to take it up and also force governments to take steps to fund it. Self-belief in Indian sport had improved a lot in the last decade. The younger generation in badminton, shooting and hopefully athletics will hopefully believe and dream of accolades at the international level.",4,1,1658678604.0,Coronabandkaro,False,positive,positive,positive,positive
ihew0vn,"Slowly but steadily things are improving. TOPS sheme, domestic competitions like Khelo India Youth Games, Khelo India University Games. It'll take time, it's a long process but things are improving.",45,1,1658639006.0,Ruga96,False,positive,positive,positive,positive
ihf6f72,"Elite multi-discipline sporting performance of a country is also a proxy measure of comparison on global stage, even Military prowess.",11,1,1658646264.0,iVarun,False,neutral,neutral,positive,neutral
ihf3upv,"They will combine both, LOL. Nazi Germany was super focused on competitive sports for a reason. It's a good diversion for the citizens to feel proud about, even if it doesn't concern their wellbeing.",16,1,1658644333.0,cosmogli,False,neutral,positive,positive,positive
ihgml30,Sport is also the perfect showcase of unity in diversity because talent and hardwork doesn't discriminate. People of different religions and regions and backgrounds have made india proud.,1,1,1658678349.0,Coronabandkaro,False,positive,positive,positive,positive
ihjrwca,LOL,1,1,1658732423.0,winstonpartell,False,neutral,positive,neutral,neutral
ihewok4,"He came agonizingly close in the Stockholm Diamond League, reaching 89.94m. Let's hope he can breach it this year, still has at least 3 events remaining.",30,1,1658639422.0,Ruga96,False,positive,positive,positive,positive
ihewavi,"Neeraj is only 24 and has already reached 89.94. 

Among the current athletes, only Peters and Walcott breached the 90 m mark at a younger age.",16,1,1658639178.0,,False,neutral,neutral,neutral,neutral
ihfd15l,Mr. Joke Olympic medal is never a fluke.,33,1,1658651513.0,dilTohPagalHai,False,neutral,neutral,positive,neutral
ihesx1x,Anderson Peters from Grenada,6,1,1658637129.0,,False,neutral,neutral,neutral,neutral
iheyutc,Lmao twitter is filled with people calling him a sanghi.,15,1,1658640829.0,Charming-Secret-2377,False,negative,neutral,neutral,neutral
ihfc38s,How is Modi relevant here?,5,1,1658650748.0,Christophercolonbus,False,neutral,neutral,neutral,neutral
ihh0to6,"why not miss univerve ?

genuinly asking for context/explaination",2,1,1658684313.0,MyNameisUt,False,neutral,neutral,neutral,neutral
ihh28lc,"yogi ji is that you

are you happy now",3,1,1658684895.0,MyNameisUt,False,positive,neutral,positive,positive
iheqghe,"The huge numbers don't mean much when 50% of Indian children are malnourished and 90% live in impoverished households. The remaining 10% are constantly pushed towards engineering or medicine. And if some of them did venture out despite all the odds they would find that the facilities for all sports (except cricket) are subpar. And let's not even go into the corruption, casteism and classism. It's pretty much a systemic failure at every level.",21,1,1658635707.0,cestabhi,False,negative,negative,negative,negative
ihh244j,"What's wrong with wearing clothes made by an Indian Company.

IDK if yk but brands sponsor may team for clothes and equipment.

Performax is not trash. It might not be at the same level as Nike or Adidas but it is not bad at all and is cheaper to buy and rebuy if one wears off.

At the end of the day, your clothes won't even matter if you want to really do good in sports.

Also, stop just asking questions like why we have few international athletes

\-corruptions by previous governments

\-still, science is better than a sports mindset.

\-we don't have money to even afford good sports equipment.",1,1,1658684844.0,MyNameisUt,False,negative,neutral,negative,negative
ihggy9k,"From the line, but if you go over your throw is disqualified. Better to be safe.",1,1,1658675953.0,ggroverggiraffe,False,neutral,neutral,neutral,neutral
ihh4f9z,[removed],1,1,1658685799.0,,False,neutral,neutral,negative,neutral
ihewujr,"Personal preferences, man. Plenty of us enjoy the thrill of watching with bated breath as the athletes go one after each other's mark. It gets even better if you know the athletes and the context behind. It's fine if you don't enjoy it, but not everyone has to enjoy the same things.",11,1,1658639529.0,,False,positive,positive,positive,positive
ihewawj,[deleted],1,1,1658639178.0,,False,neutral,neutral,negative,neutral
ihfc7m2,Aap lete aao fir,6,1,1658650843.0,Christophercolonbus,False,neutral,neutral,neutral,neutral
ihfdgmi,"Anderson Peters is from Grenada, not Germany",7,1,1658651865.0,,False,neutral,neutral,neutral,neutral
ihifx7x,Haan toh??,0,1,1658706155.0,Initial-Call-4185,False,neutral,neutral,neutral,neutral
ihftdyv,Quite far actually...2.41m,1,1,1658664296.0,Ruga96,False,neutral,neutral,neutral,neutral
ihf9dfh,"More than looks, it's about attitude. Chopra has got it right.",40,2,1658648597.0,th-grt-gtsby,False,positive,positive,positive,positive
ihff9ht," I'm just curious why you don't write this in the native script? I hope that doesn't sound mean because I don't mean for it to. Also I'm curious since there are so many languages on the Indian subcontinent, is there a ""standard"" language that is latinized like this that people communicate with online? I would like to learn. I'm guessing it is Hindi but I can't tell really",-5,2,1658653345.0,,False,neutral,neutral,neutral,neutral
ihgorsl,"Peters was coming back from a knee surgery at the Olympics and was not fully fit. That 82 m wasn't indicative of his true performance. 

He also won gold at the last World Championships in 2019, so he has been at this level for a while now.",13,2,1658679266.0,,False,neutral,neutral,negative,neutral
ihf6sfa,"Peters' PB is higher, but Neeraj is consistent af. Big stages don't scare him. Which is how he beat an overwhelming favourite like Vetter in the Olympics.",16,2,1658646545.0,Huge-Physics5491,False,positive,positive,positive,positive
iheq2w9,Test match in England without clouds,390,2,1658635494.0,i_am9990,False,neutral,neutral,neutral,neutral
ihesu80,"There have been a total of 123 90+ m throws since the new javelin rules came into place in 1986. In test cricket, there have been a total of 110 600+ scores since 1986. 

There are a total of 22 athletes who have breached the 90 m mark in javelin since 1986. In test cricket, there are a total of 29 bowlers who have taken a hattrick and 17 batters who have scored a triple century since 1986, so somewhere between the two.",58,2,1658637082.0,,1658637495.0,neutral,neutral,neutral,neutral
iheqltb,600+ in first inngs in test,21,2,1658635791.0,_thenewnewguy_,False,neutral,neutral,neutral,neutral
ihezfa1,More than 20 rupee in gpay scratch card,20,2,1658641209.0,Whole-asses-69,False,neutral,neutral,negative,neutral
iher5dr,400+ in an ODI,11,2,1658636104.0,icicibank,False,neutral,neutral,neutral,neutral
ihf48f3,"Pretty sure, a good example would be a fast bowler hitting 155 kmph. Very few people can do that.",3,2,1658644618.0,raddaya,False,neutral,positive,positive,positive
iher3hj,[deleted],11,2,1658636074.0,,False,neutral,neutral,negative,neutral
ihf4qb1,"Yeah, bit of a disappointment there but we had 3 new runners this time. Also, slightly disappointed by triple jump where all our three athletes are extremely close, yet only one qualified.",1,2,1658644987.0,,False,negative,negative,neutral,negative
ihfj7k5,Wikipedia [says](https://en.m.wikipedia.org/wiki/Neeraj_Chopra) 2021.,2,2,1658656673.0,AddSugarForSparks2,False,neutral,neutral,neutral,neutral
ihhb3xm,They both are working with Neeraj. Honh was in Tokyo.,2,2,1658688589.0,tera_pehla_baap,False,neutral,neutral,neutral,neutral
ihf7yr2,">the level of competition in Commonwealth is much lower

Though this is generally true, Greneda is part of Commonwealth Games and Anderson Peters is from Greneda. So, if Peters plays in Commonwealth Games this year in Birmingham, it will be very difficult for Neeraj to retain his gold medal in Commonwealth Games. So, this year's Commonwealth Games javelin event could be as difficult as this World  Championship for Neeraj.",17,2,1658647472.0,ayanmaity201,False,neutral,negative,neutral,neutral
ihf53ne,Wait doesn't Anderson Peters compete in commonwealth games as well?,4,2,1658645264.0,M87_star,False,neutral,neutral,neutral,neutral
ihew06w,I know. But I just want him to be the best in the world. Yeah I know too much expectations but you tend to have those with gifted athletes.,-2,2,1658638994.0,Parktrundler,False,positive,positive,positive,positive
ihezuqi,Arey bhai Olympics main gold la k bhi banda celebrate na karein?,20,2,1658641497.0,TelevisionMoney,False,neutral,neutral,neutral,neutral
ihlkr7a,Lolaaaa? Tamil style,1,2,1658768188.0,Odd_Junket,False,neutral,neutral,neutral,neutral
ihifnut,I was there in Stockholm to watch that :),3,2,1658706032.0,Initial-Call-4185,False,positive,positive,neutral,positive
ihewjuz,"Yes, that's optimistic news.",6,2,1658639338.0,Ill_Fisherman8352,False,positive,positive,positive,positive
ihfxlzy,Hate filled deep in their veins. Fucking hate mongerers....,2,2,1658666882.0,heisenbergTJ,False,negative,negative,negative,negative
ihfmhqw,"Modi ji is relevant on everything, from vaccination certificate to welcome murmu ji banner having Modi ji pics not murmu's. Every good thing happening because of Modi ji & bad things cause of NEHRU. /S

For recollection -


https://www.google.com/amp/s/m.punjabkesari.in/national/news/congress-taunts-over-modi-s-picture-on-murmu-s-welcome-poster-1632052%3famp",-4,2,1658659375.0,Haunting_War_,False,neutral,positive,positive,positive
ihiy0i2,"Miss universe is a beauty pageant and you only tell me what there is to be proud about. You’re beautiful? awesome, but how does that do anything for the country? I’m not saying it shouldn’t be held, I’m just saying it should not be a sign of pride for our country.",1,2,1658714715.0,MemeKnowledge_06,False,negative,negative,neutral,negative
ihja7a2,Blej,1,2,1658720874.0,SheepherderPrevious5,False,neutral,neutral,neutral,neutral
iherahu,"Ironically, sports badhana hai toh first India has to become global tech nerd hub.",6,2,1658636186.0,Ill_Fisherman8352,False,neutral,neutral,neutral,neutral
iheydpe,"It's not just about the duration. Games like cricket, football, tennis are pretty dynamic. Different serves/shots, team work, penalties, etc. I know there's a lot of work which goes behind throwing the javelin, but as a viewer, I only see a person who wants to throw a stick as far as possible",2,2,1658640519.0,awwficial,False,neutral,neutral,neutral,neutral
ihftnfp,definitely far but what he did is brilliant,1,2,1658664467.0,,False,positive,positive,positive,positive
ihffgv0,The devanagari script is incredibly tough to type.,24,3,1658653515.0,Almost_there112,False,negative,negative,neutral,negative
ihgiodb,Don't have the keyboard AND it's faster to type in Roman script,5,3,1658676691.0,21022018,False,negative,neutral,neutral,neutral
ihj5svk,Sorry for the downvotes my dude,4,3,1658718564.0,Ill_Fisherman8352,False,negative,negative,negative,negative
ihf79jt,"> Peters' PB is higher, but Neeraj is consistent af.  

Peters had 3 throws of 90m+ in these Finals itself. Do not undermine his performance, he is just as consistent if not better than Neeraj.",18,3,1658646917.0,Kyunbhai,False,positive,positive,positive,positive
ihez7md,🔥,45,3,1658641066.0,mxforest,False,positive,neutral,neutral,neutral
iheyy9e,Also to be noted that javelin throws in general are a lot more common than test innings. So 90m throws are a LOT rarer as a portion of the total,33,3,1658640892.0,bigFatBigfoot,False,neutral,neutral,positive,neutral
ihf4xa8,And Chopra still isn't one of them. Agonizingly close though (89.94 m),11,3,1658645132.0,M87_star,False,neutral,neutral,negative,neutral
iher4v3,"Thanks
That's pretty rare",10,3,1658636095.0,VespasianTheMortal,False,positive,positive,positive,positive
ihf7vet,Bro just got 51 rupees,3,3,1658647398.0,MyMoMrEgReTs,False,neutral,neutral,neutral,neutral
ihf01pa,Not that rare,19,3,1658641629.0,livelifereal,False,neutral,neutral,positive,neutral
ihfkgcc,"Well, [Wikipedia is wrong](https://olympics.com/en/featured-news/india-javelin-throw-neeraj-chopra-coach-uwe-hohn). The confusion might stem from Hohn still being AFI's javelin coach till 2021, but Neeraj had stopped working with him way back in 2019.",13,3,1658657720.0,,False,negative,negative,negative,negative
ihfdthw,It's not all about gold. Neeraj won the silver by only 4 centimetres. What was majorly a 4-way competition at the Worlds will only be a 2-way competition at the CWG.,10,3,1658652152.0,,False,neutral,neutral,neutral,neutral
ihf5biz,"Yes he does, guys like Weber don't

I just meant the competition is not as tough, and even without him being at his best he can still have a podium finish, unlike here or the Olympics",6,3,1658645423.0,Ruga96,False,neutral,neutral,neutral,neutral
ihf5r2f,"He does. Won the bronze last time but has come a long way since then. 

Still, CWG is much lower competition because none of the European throwers except the British participate. The Czech thrower who won the bronze today was only 4 cm off Neeraj's mark.",1,3,1658645753.0,,False,positive,neutral,negative,neutral
ihewbou,"Yeah I can totally relate. But we can proudly say at the current moment he's one of the best if still not the best in the world. And his competition against the likes of Peters, Weber and others makes it even more enjoyable to watch !",11,3,1658639192.0,Ruga96,False,positive,positive,positive,positive
ihexpf5,You are like my parents.. Nothing ever satisfies!!!,20,3,1658640078.0,tmobiletuesdaycredit,False,negative,negative,neutral,negative
ihfc134,Usney khud kaha tha bhai ki over celebration ki wajah se fitness kharaab ho gyi. Ab main kya karu isme.,10,3,1658650700.0,vipan28rana,False,neutral,neutral,negative,neutral
ihiqe3l,That's amazing! An experience which you'll cherish forever:),2,3,1658711086.0,Ruga96,False,positive,positive,positive,positive
ihfzikh,Can we stop posting about Modi everywhere. I am (others are too) tired of seeing Modi get mentioned in completely irrelevant things. I despise Modi too and mentioning him in some comments isn't even witty or anything.,6,3,1658667945.0,scopenhour,False,negative,negative,negative,negative
ihqqx5j,"somewhat true, but not 100%",1,3,1658857757.0,MyNameisUt,False,neutral,neutral,neutral,neutral
ihfttsn,Yup absolutely!,1,3,1658664583.0,Ruga96,False,positive,neutral,positive,positive
ihfht05,"Interesting, are there Indian websites where people communicate primarily using that script?",8,4,1658655490.0,,False,neutral,neutral,neutral,neutral
ihfg35i,And annoying to read.,2,4,1658654034.0,Ill_Fisherman8352,False,negative,negative,negative,negative
ihgl3da,"Thanks for explanation, boy that comment took some heat lol I was tripping on DXM when I made it so I should have guessed",5,4,1658677721.0,,False,neutral,positive,neutral,neutral
ihj9bnk,"Haha it's okay , thank you ☺️",4,4,1658720401.0,,False,positive,positive,positive,positive
ihf7y0k,"Consistent across events is what I meant. Neeraj has beaten Peters in Olympics and CWG because wherever he turns up, he guarantees an 86 metre plus throw.",5,4,1658647456.0,Huge-Physics5491,False,positive,positive,positive,positive
ihiqnd8,Yes. Equally cherish able was photographs with the champion. He is super nice to his fans :)!! Great attitude 👌,3,4,1658711207.0,Initial-Call-4185,False,positive,positive,positive,positive
ihh0nmb,"100% truth, we can just stop politics / political jokes for some time and appreciate the real thing which needs to be celebrated.

Politcal joke aren't funny always",3,4,1658684242.0,MyNameisUt,False,neutral,neutral,neutral,neutral
ihfj34n,"There are many scripts. 

And using roman script instead of native one is common. It's annoying when roman script is used though because translation apps wont work then.

Using native script needs a little effort but easy phonetic keyboards are available.

There are many websites in local languages and lots of people use them.",9,5,1658656567.0,PoliteGhostFb,False,negative,negative,neutral,negative
ihgnv8w,There is Quora Hindi version. Probably they use devnagari on FB too,3,5,1658678887.0,21022018,False,neutral,neutral,neutral,neutral
ihgpn3x,"Nah, your comment was perfectly fine and respectful. This is just a really weird sub in general.",6,5,1658679627.0,,False,negative,negative,neutral,negative
ihgni0w,It's just reddit being reddit. Morons downvote _any_ question and expect you to know _everything_. Nothing wrong with the question as per me,5,5,1658678733.0,21022018,False,negative,negative,negative,negative
ihf8jzb,Fair. Can't wait for Neeraj's revenge tour,7,5,1658647948.0,Kyunbhai,False,positive,positive,neutral,positive
ihfdlbb,Peters had just had a knee surgery and wasn't fit at the Olympics.,3,5,1658651971.0,,False,negative,negative,negative,negative
ihgp3au,"That is really cool, thanks for the info",2,6,1658679399.0,,False,positive,positive,positive,positive
